temp (degree_c),chl1 (mg/m3),chl2 (mg/m3),avg_chloro (mg/m3),sample_id,site_code,site_name,lat,lon,time_utc,akashiwo_sanguinea (cells/l),alexandrium_spp (cells/l),dinophysis_spp (cells/l),lingulodinium_polyedra (cells/l),prorocentrum_spp (cells/l),pseudo_nitzschia_delicatissima_group (cells/l),pseudo_nitzschia_seriata_group (cells/l),ceratium_spp (cells/l),cochlodinium_spp (cells/l),gymnodinium_spp (cells/l),other_diatoms (cells/l),other_dinoflagellates (cells/l),total_phytoplankton (cells/l)
,,,,BML Buoy,BBB,Bodega Marine Lab Buoy,38.3126,-123.0825,2024-03-18 19:50:00+00:00,0.0,0.0,0.0,0.0,0.0,93.0,868.0,0.0,0.0,0.0,39133.0,155.0,40248.0
,,,,BML Buoy,BBB,Bodega Marine Lab Buoy,38.3126,-123.0825,2024-05-16 18:30:00+00:00,0.0,0.0,0.0,0.0,0.0,124.0,101.0,0.0,0.0,0.0,13966.0,77.0,14268.0
,,,,BML Buoy,BBB,Bodega Marine Lab Buoy,38.3126,-123.0825,2024-08-28 21:19:00+00:00,0.0,29.0,22.0,0.0,18.0,5200.0,0.0,36.0,0.0,0.0,1749.0,130.0,7183.0
,,,,BML Buoy,BBB,Bodega Marine Lab Buoy,38.3126,-123.0825,2024-09-30 16:11:00+00:00,0.0,0.0,4.0,46.0,81.0,0.0,0.0,11301.0,0.0,4.0,23.0,39.0,11518.0
,,,,BML Buoy,BBB,Bodega Marine Lab Buoy,38.3126,-123.0825,2025-01-17 18:37:00+00:00,0.0,0.0,13.0,0.0,1949.0,0.0,0.0,15167.0,0.0,0.0,2603.0,51.0,19783.0
,,,,BML Buoy,BBB,Bodega Marine Lab Buoy,38.3126,-123.0825,2025-02-21 19:08:00+00:00,0.0,0.0,0.0,0.0,41.0,0.0,0.0,0.0,0.0,0.0,87.0,14.0,142.0
,,,,BML Buoy,BBB,Bodega Marine Lab Buoy,38.3126,-123.0825,2025-03-19 18:15:00+00:00,0.0,0.0,0.0,0.0,0.0,200.0,26.0,0.0,0.0,0.0,2610.0,17.0,2859.0
14.7,,,,BML Buoy,BBB,Bodega Marine Lab Buoy,38.3126,-123.0825,2025-07-25 18:17:00+00:00,12.0,0.0,25.0,0.0,62.0,0.0,0.0,175.0,0.0,0.0,8277.0,162.0,8713.0
,,,,BML Buoy,BBB,Bodega Marine Lab Buoy,38.3126,-123.0825,2025-09-29 17:35:00+00:00,6.0,0.0,4.0,0.0,26.0,4.0,0.0,95.0,0.0,0.0,25.0,34.0,193.0
,,,,BML Buoy,BBB,Bodega Marine Lab Buoy,38.3126,-123.0825,2025-10-29 18:12:00+00:00,0.0,352.0,54.0,0.0,1217.0,0.0,0.0,1605.0,0.0,108.0,20.0,14.0,3369.0
13.0,,,,202,BML,Bodega Marine Lab,38.31613,-123.0705,2024-03-11 16:50:00+00:00,0.0,0.0,0.0,0.0,12.0,24.0,67.0,0.0,0.0,0.0,5220.0,73.0,5397.0
12.7,,,,203,BML,Bodega Marine Lab,38.31613,-123.0705,2024-03-18 19:00:00+00:00,0.0,0.0,0.0,0.0,0.0,0.0,135.0,0.0,0.0,0.0,3872.0,18.0,4025.0
12.7,,,,204,BML,Bodega Marine Lab,38.31613,-123.0705,2024-03-18 19:59:00+00:00,0.0,0.0,0.0,0.0,0.0,208.0,737.0,0.0,0.0,0.0,57871.0,96.0,58912.0
10.9,,,,205,BML,Bodega Marine Lab,38.31613,-123.0705,2024-03-25 16:35:00+00:00,0.0,0.0,0.0,0.0,0.0,0.0,398.0,0.0,0.0,0.0,112428.0,31.0,112857.0
12.3,,,,206,BML,Bodega Marine Lab,38.31613,-123.0705,2024-04-01 18:03:00+00:00,0.0,0.0,0.0,0.0,0.0,109.0,149.0,0.0,0.0,0.0,10346.0,0.0,10631.0
10.0,,,,207,BML,Bodega Marine Lab,38.31613,-123.0705,2024-04-08 16:45:00+00:00,0.0,0.0,0.0,0.0,0.0,0.0,0.0,0.0,0.0,0.0,4825.0,0.0,4825.0
11.7,,,,208,BML,Bodega Marine Lab,38.31613,-123.0705,2024-04-15 19:37:00+00:00,0.0,0.0,7.0,0.0,0.0,0.0,331.0,0.0,0.0,0.0,3119.0,32.0,3489.0
13.2,,,,209,BML,Bodega Marine Lab,38.31613,-123.0705,2024-04-22 20:24:00+00:00,0.0,0.0,4.0,0.0,0.0,0.0,0.0,0.0,0.0,0.0,1301.0,1.0,1305.0
13.2,,,,210,BML,Bodega Marine Lab,38.31613,-123.0705,2024-04-29 18:50:00+00:00,0.0,0.0,0.0,0.0,0.0,0.0,0.0,0.0,0.0,0.0,3625.0,2.0,3627.0
10.2,,,,211,BML,Bodega Marine Lab,38.31613,-123.0705,2024-05-06 19:35:00+00:00,0.0,0.0,0.0,0.0,0.0,0.0,0.0,0.0,0.0,0.0,513.0,0.0,513.0
12.0,,,,212,BML,Bodega Marine Lab,38.31613,-123.0705,2024-05-13 20:04:00+00:00,0.0,0.0,0.0,0.0,0.0,118.0,789.0,0.0,0.0,0.0,52489.0,957.0,54353.0
,,,,213,BML,Bodega Marine Lab,38.31613,-123.0705,2024-05-16 18:30:00+00:00,0.0,0.0,0.0,0.0,0.0,541.0,691.0,0.0,0.0,0.0,66649.0,150.0,68031.0
11.5,,,,214,BML,Bodega Marine Lab,38.31613,-123.0705,2024-05-20 18:35:00+00:00,0.0,0.0,0.0,0.0,0.0,0.0,209.0,0.0,0.0,0.0,5463.0,39.0,5711.0
11.0,,,,215,BML,Bodega Marine Lab,38.31613,-123.0705,2024-05-28 21:13:00+00:00,0.0,0.0,0.0,0.0,0.0,0.0,0.0,0.0,0.0,0.0,9477.0,0.0,9477.0
9.6,,,,216,BML,Bodega Marine Lab,38.31613,-123.0705,2024-06-03 21:01:00+00:00,0.0,0.0,0.0,0.0,0.0,0.0,0.0,0.0,0.0,0.0,961.0,0.0,961.0
10.8,,,,217,BML,Bodega Marine Lab,38.31613,-123.0705,2024-06-10 21:04:00+00:00,0.0,0.0,0.0,0.0,0.0,0.0,26.0,0.0,0.0,0.0,3630.0,9.0,3669.0
9.7,,,,218,BML,Bodega Marine Lab,38.31613,-123.0705,2024-06-17 19:02:00+00:00,0.0,0.0,0.0,0.0,0.0,0.0,0.0,0.0,0.0,0.0,116.0,7.0,1123.0
11.1,,,,219,BML,Bodega Marine Lab,38.31613,-123.0705,2024-06-24 19:05:00+00:00,0.0,0.0,0.0,0.0,0.0,0.0,1076.0,0.0,0.0,0.0,71897.0,0.0,72973.0
9.6,,,,220,BML,Bodega Marine Lab,38.31613,-123.0705,2024-07-01 19:03:00+00:00,0.0,0.0,0.0,0.0,0.0,0.0,67.0,0.0,0.0,0.0,9426.0,0.0,9493.0
14.9,,,,221,BML,Bodega Marine Lab,38.31613,-123.0705,2024-07-08 19:47:00+00:00,0.0,0.0,3.0,0.0,13.0,16.0,0.0,0.0,0.0,0.0,1972.0,0.0,2005.0
16.2,,,,222,BML,Bodega Marine Lab,38.31613,-123.0705,2024-07-15 20:19:00+00:00,0.0,688.0,42.0,0.0,922.0,65.0,0.0,0.0,0.0,145.0,557.0,1923.0,4342.0
13.9,,,,223,BML,Bodega Marine Lab,38.31613,-123.0705,2024-07-25 19:18:00+00:00,0.0,1800.0,59.0,0.0,311.0,519.0,585.0,0.0,0.0,0.0,6911.0,89.0,10274.0
11.3,,,,224,BML,Bodega Marine Lab,38.31613,-123.0705,2024-07-29 19:44:00+00:00,0.0,0.0,0.0,0.0,162.0,194.0,26.0,0.0,0.0,0.0,4790.0,0.0,5172.0
10.1,,,,225,BML,Bodega Marine Lab,38.31613,-123.0705,2024-08-05 18:37:00+00:00,0.0,0.0,0.0,0.0,7.0,43.0,17.0,0.0,0.0,0.0,1495.0,2.0,1565.0
10.4,,,,226,BML,Bodega Marine Lab,38.31613,-123.0705,2024-08-12 18:22:00+00:00,0.0,0.0,4.0,0.0,4.0,358.0,201.0,0.0,0.0,0.0,2048.0,0.0,2615.0
12.4,,,,227,BML,Bodega Marine Lab,38.31613,-123.0705,2024-08-19 21:37:00+00:00,0.0,19.0,0.0,0.0,0.0,12150.0,26.0,0.0,0.0,0.0,3587.0,13.0,15795.0
13.3,,,,228,BML,Bodega Marine Lab,38.31613,-123.0705,2024-08-27 19:33:00+00:00,0.0,15.0,0.0,0.0,0.0,18038.0,0.0,0.0,0.0,0.0,951.0,61.0,19065.0
14.9,,,,229,BML,Bodega Marine Lab,38.31613,-123.0705,2024-08-28 21:26:00+00:00,0.0,304.0,64.0,32.0,16.0,33863.0,0.0,80.0,0.0,64.0,1506.0,176.0,36107.0
14.4,,,,230,BML,Bodega Marine Lab,38.31613,-123.0705,2024-09-03 18:12:00+00:00,0.0,647.0,69.0,0.0,16.0,164.0,0.0,0.0,0.0,16.0,398.0,143.0,1458.0
12.1,,,,231,BML,Bodega Marine Lab,38.31613,-123.0705,2024-09-09 18:54:00+00:00,0.0,34.0,0.0,0.0,0.0,523.0,0.0,0.0,0.0,0.0,376.0,24.0,957.0
10.3,,,,232,BML,Bodega Marine Lab,38.31613,-123.0705,2024-09-16 17:56:00+00:00,0.0,0.0,0.0,0.0,0.0,612.0,0.0,0.0,0.0,0.0,1205.0,0.0,1817.0
13.5,,,,233,BML,Bodega Marine Lab,38.31613,-123.0705,2024-09-23 17:45:00+00:00,0.0,0.0,0.0,0.0,72.0,0.0,0.0,4.0,0.0,4.0,681.0,4.0,765.0
,,,,234,BML,Bodega Marine Lab,38.31613,-123.0705,2024-09-30 16:20:00+00:00,0.0,162.0,42.0,0.0,114.0,0.0,0.0,13354.0,0.0,0.0,24.0,30.0,13726.0
15.0,,,,235,BML,Bodega Marine Lab,38.31613,-123.0705,2024-09-30 20:14:00+00:00,0.0,1119.0,365.0,0.0,875.0,0.0,0.0,26605.0,0.0,36.0,231.0,12.0,29243.0
14.3,,,,236,BML,Bodega Marine Lab,38.31613,-123.0705,2024-10-07 18:05:00+00:00,0.0,0.0,60.0,0.0,165.0,0.0,0.0,199.0,0.0,101.0,3057.0,11.0,3593.0
13.3,,,,237,BML,Bodega Marine Lab,38.31613,-123.0705,2024-10-14 19:35:00+00:00,0.0,0.0,28.0,0.0,192.0,3.0,5.0,38.0,0.0,95.0,1320.0,23.0,1703.0
12.5,,,,238,BML,Bodega Marine Lab,38.31613,-123.0705,2024-10-21 17:36:00+00:00,0.0,14.0,0.0,0.0,59.0,0.0,0.0,14.0,0.0,0.0,3311.0,0.0,3397.0
12.5,,,,239,BML,Bodega Marine Lab,38.31613,-123.0705,2024-10-21 19:45:00+00:00,0.0,5983.0,187.0,0.0,3179.0,561.0,1683.0,23185.0,0.0,0.0,6170.0,561.0,41508.0
12.9,,,,240,BML,Bodega Marine Lab,38.31613,-123.0705,2024-10-28 18:30:00+00:00,0.0,0.0,841.0,0.0,15145.0,280.0,561.0,184541.0,0.0,0.0,1122.0,280.0,202771.0
12.9,,,,241,BML,Bodega Marine Lab,38.31613,-123.0705,2024-10-28 18:40:00+00:00,0.0,0.0,24.0,0.0,1147.0,73.0,122.0,20287.0,0.0,0.0,220.0,37.0,21911.0
12.0,,,,242,BML,Bodega Marine Lab,38.31613,-123.0705,2024-11-04 22:45:00+00:00,0.0,0.0,107.0,0.0,7906.0,0.0,160.0,19231.0,0.0,0.0,2137.0,0.0,29542.0
12.0,,,,243,BML,Bodega Marine Lab,38.31613,-123.0705,2024-11-04 22:55:00+00:00,0.0,4.0,8.0,0.0,654.0,0.0,0.0,1079.0,0.0,0.0,288.0,17.0,2050.0
11.5,,,,244,BML,Bodega Marine Lab,38.31613,-123.0705,2024-11-11 19:20:00+00:00,0.0,0.0,0.0,0.0,4026.0,168.0,0.0,27448.0,0.0,0.0,1174.0,0.0,32837.0
11.3,,,,245,BML,Bodega Marine Lab,38.31613,-123.0705,2024-11-18 22:42:00+00:00,0.0,0.0,0.0,0.0,994.0,0.0,5.0,3379.0,0.0,0.0,119.0,0.0,4497.0
12.6,,,,246,BML,Bodega Marine Lab,38.31613,-123.0705,2024-11-25 19:41:00+00:00,0.0,0.0,5.0,0.0,167.0,0.0,0.0,24.0,0.0,0.0,19.0,0.0,215.0
12.1,,,,247,BML,Bodega Marine Lab,38.31613,-123.0705,2024-12-09 21:15:00+00:00,0.0,0.0,0.0,0.0,7.0,26.0,0.0,7.0,0.0,0.0,1104.0,0.0,1143.0
12.4,,,,248,BML,Bodega Marine Lab,38.31613,-123.0705,2024-12-17 22:45:00+00:00,0.0,5.0,0.0,0.0,59152.0,0.0,0.0,154018.0,0.0,0.0,0.0,0.0,213170.0
12.3,,,,249,BML,Bodega Marine Lab,38.31613,-123.0705,2024-12-26 19:53:00+00:00,0.0,0.0,38.0,0.0,3804.0,0.0,0.0,1043.0,0.0,0.0,123.0,28.0,5037.0
12.6,,,,250,BML,Bodega Marine Lab,38.31613,-123.0705,2024-12-30 21:15:00+00:00,0.0,0.0,91.0,0.0,12080.0,0.0,0.0,508.0,0.0,0.0,159.0,53.0,12892.0
12.4,,,,251,BML,Bodega Marine Lab,38.31613,-123.0705,2025-01-06 19:29:00+00:00,0.0,0.0,89.0,0.0,18652.0,0.0,0.0,19496.0,0.0,0.0,104.0,193.0,38533.0
11.8,,,,252,BML,Bodega Marine Lab,38.31613,-123.0705,2025-01-13 20:51:00+00:00,0.0,0.0,12.0,0.0,438.0,0.0,0.0,69.0,0.0,0.0,608.0,8.0,1094.0
11.8,,,,253,BML,Bodega Marine Lab,38.31613,-123.0705,2025-01-17 19:48:00+00:00,0.0,0.0,97.0,0.0,4241.0,0.0,58.0,18319.0,0.0,0.0,4241.0,174.0,27731.0
12.0,,,,254,BML,Bodega Marine Lab,38.31613,-123.0705,2025-01-21 22:13:00+00:00,0.0,0.0,0.0,0.0,947.0,0.0,0.0,95.0,0.0,0.0,825.0,14.0,1880.0
11.7,,,,255,BML,Bodega Marine Lab,38.31613,-123.0705,2025-01-29 21:40:00+00:00,0.0,0.0,0.0,0.0,886.0,0.0,0.0,227.0,0.0,0.0,21.0,124.0,1257.0
12.1,,,,256,BML,Bodega Marine Lab,38.31613,-123.0705,2025-02-03 19:49:00+00:00,0.0,0.0,28.0,0.0,1948.0,0.0,0.0,2615.0,0.0,0.0,61.0,298.0,4949.0
11.2,,,,257,BML,Bodega Marine Lab,38.31613,-123.0705,2025-02-11 20:52:00+00:00,0.0,0.0,0.0,0.0,39.0,0.0,0.0,5.0,0.0,0.0,311.0,8.0,364.0
11.5,,,,258,BML,Bodega Marine Lab,38.31613,-123.0705,2025-02-18 19:30:00+00:00,0.0,0.0,0.0,0.0,8.0,0.0,0.0,0.0,0.0,0.0,266.0,54.0,328.0
,,,,259,BML,Bodega Marine Lab,38.31613,-123.0705,2025-02-21 19:25:00+00:00,0.0,0.0,0.0,0.0,3.0,0.0,0.0,0.0,0.0,0.0,454.0,6.0,463.0
12.0,,,,260,BML,Bodega Marine Lab,38.31613,-123.0705,2025-02-24 20:24:00+00:00,0.0,0.0,0.0,0.0,0.0,0.0,0.0,5.0,0.0,0.0,434.0,26.0,481.0
10.6,,,,261,BML,Bodega Marine Lab,38.31613,-123.0705,2025-03-03 19:04:00+00:00,0.0,0.0,0.0,0.0,0.0,0.0,0.0,7.0,0.0,0.0,514.0,54.0,574.0
10.7,,,,262,BML,Bodega Marine Lab,38.31613,-123.0705,2025-03-10 19:03:00+00:00,0.0,0.0,0.0,0.0,0.0,0.0,0.0,0.0,0.0,0.0,3616.0,0.0,3616.0
11.5,,,,263,BML,Bodega Marine Lab,38.31613,-123.0705,2025-03-17 18:12:00+00:00,0.0,0.0,0.0,0.0,0.0,21.0,0.0,0.0,0.0,0.0,1335.0,18.0,1374.0
11.0,,,,264,BML,Bodega Marine Lab,38.31613,-123.0705,2025-03-19 18:25:00+00:00,0.0,0.0,6.0,0.0,6.0,929.0,112.0,0.0,0.0,0.0,10564.0,93.0,11711.0
10.9,,,,265,BML,Bodega Marine Lab,38.31613,-123.0705,2025-03-24 19:02:00+00:00,0.0,0.0,0.0,0.0,0.0,0.0,0.0,0.0,0.0,0.0,877.0,0.0,877.0
12.4,,,,266,BML,Bodega Marine Lab,38.31613,-123.0705,2025-03-31 18:37:00+00:00,0.0,0.0,0.0,0.0,0.0,105.0,512.0,0.0,0.0,0.0,7725.0,24.0,8366.0
11.6,,,,267,BML,Bodega Marine Lab,38.31613,-123.0705,2025-04-07 18:42:00+00:00,0.0,0.0,0.0,0.0,0.0,7.0,33.0,0.0,0.0,0.0,1550.0,10.0,1600.0
10.6,,,,268,BML,Bodega Marine Lab,38.31613,-123.0705,2025-04-14 18:40:00+00:00,0.0,0.0,0.0,0.0,0.0,13.0,39.0,0.0,0.0,0.0,1680.0,0.0,1733.0
12.5,,,,269,BML,Bodega Marine Lab,38.31613,-123.0705,2025-04-21 18:55:00+00:00,0.0,0.0,0.0,0.0,0.0,13.0,54.0,0.0,0.0,0.0,841.0,4.0,920.0
10.5,,,,270,BML,Bodega Marine Lab,38.31613,-123.0705,2025-04-28 19:51:00+00:00,0.0,0.0,0.0,0.0,0.0,0.0,10.0,0.0,0.0,0.0,342.0,4.0,357.0
10.1,,,,271,BML,Bodega Marine Lab,38.31613,-123.0705,2025-05-05 18:56:00+00:00,0.0,0.0,0.0,0.0,0.0,0.0,10.0,0.0,0.0,0.0,828.0,0.0,839.0
10.0,,,,272,BML,Bodega Marine Lab,38.31613,-123.0705,2025-05-13 19:44:00+00:00,0.0,0.0,0.0,0.0,0.0,0.0,0.0,0.0,0.0,0.0,2656.0,0.0,2656.0
10.6,,,,273,BML,Bodega Marine Lab,38.31613,-123.0705,2025-05-19 19:46:00+00:00,0.0,0.0,0.0,0.0,0.0,0.0,0.0,0.0,0.0,0.0,224.0,0.0,224.0
10.0,,,,274,BML,Bodega Marine Lab,38.31613,-123.0705,2025-05-27 20:41:00+00:00,0.0,0.0,0.0,0.0,0.0,0.0,0.0,0.0,0.0,0.0,208.0,0.0,208.0
10.8,,,,275,BML,Bodega Marine Lab,38.31613,-123.0705,2025-06-02 19:05:00+00:00,0.0,0.0,0.0,0.0,0.0,0.0,2.0,0.0,0.0,0.0,302.0,0.0,304.0
13.4,,,,276,BML,Bodega Marine Lab,38.31613,-123.0705,2025-06-09 18:16:00+00:00,0.0,0.0,0.0,0.0,0.0,0.0,1.0,0.0,0.0,0.0,71.0,8.0,80.0
10.5,,,,277,BML,Bodega Marine Lab,38.31613,-123.0705,2025-06-17 18:55:00+00:00,0.0,0.0,0.0,0.0,0.0,0.0,0.0,0.0,0.0,0.0,2072.0,1.0,2073.0
9.9,,,,278,BML,Bodega Marine Lab,38.31613,-123.0705,2025-06-23 20:11:00+00:00,0.0,0.0,0.0,0.0,0.0,0.0,0.0,0.0,0.0,0.0,2353.0,0.0,2353.0
11.5,,,,279,BML,Bodega Marine Lab,38.31613,-123.0705,2025-06-30 18:35:00+00:00,0.0,0.0,0.0,0.0,0.0,0.0,0.0,0.0,0.0,0.0,3027.0,100.0,3126.0
11.2,,,,280,BML,Bodega Marine Lab,38.31613,-123.0705,2025-07-07 18:15:00+00:00,0.0,0.0,0.0,0.0,0.0,37.0,17.0,0.0,0.0,0.0,1379.0,8.0,1442.0
14.1,,,,281,BML,Bodega Marine Lab,38.31613,-123.0705,2025-07-14 18:24:00+00:00,0.0,0.0,0.0,0.0,15.0,117.0,136.0,0.0,0.0,0.0,906.0,26.0,1200.0
12.0,,,,282,BML,Bodega Marine Lab,38.31613,-123.0705,2025-07-21 19:38:00+00:00,0.0,0.0,15.0,0.0,0.0,3.0,3.0,0.0,0.0,0.0,282.0,3.0,307.0
14.7,,,,283,BML,Bodega Marine Lab,38.31613,-123.0705,2025-07-25 18:27:00+00:00,22.0,14.0,79.0,0.0,36.0,0.0,0.0,22.0,0.0,0.0,880.0,101.0,1154.0
13.7,,,,284,BML,Bodega Marine Lab,38.31613,-123.0705,2025-07-28 18:37:00+00:00,0.0,0.0,0.0,0.0,0.0,0.0,0.0,0.0,0.0,0.0,1530.0,0.0,1530.0
11.1,,,,285,BML,Bodega Marine Lab,38.31613,-123.0705,2025-08-06 18:09:00+00:00,0.0,0.0,0.0,0.0,0.0,0.0,0.0,0.0,0.0,0.0,8125.0,0.0,8125.0
13.8,,,,286,BML,Bodega Marine Lab,38.31613,-123.0705,2025-08-11 20:03:00+00:00,0.0,44.0,0.0,0.0,44.0,25.0,0.0,0.0,0.0,0.0,2370.0,0.0,2484.0
11.4,,,,287,BML,Bodega Marine Lab,38.31613,-123.0705,2025-08-21 17:55:00+00:00,0.0,0.0,0.0,0.0,0.0,0.0,0.0,0.0,0.0,0.0,5853.0,0.0,5853.0
13.0,,,,288,BML,Bodega Marine Lab,38.31613,-123.0705,2025-08-25 19:15:00+00:00,0.0,81.0,6.0,0.0,0.0,0.0,0.0,0.0,0.0,0.0,689.0,0.0,800.0
15.3,,,,289,BML,Bodega Marine Lab,38.31613,-123.0705,2025-09-08 18:20:00+00:00,0.0,47.0,25.0,0.0,106.0,144.0,42.0,17.0,0.0,0.0,1712.0,8.0,2102.0
13.5,,,,290,BML,Bodega Marine Lab,38.31613,-123.0705,2025-09-15 19:13:00+00:00,0.0,20.0,3.0,0.0,0.0,7.0,3.0,0.0,0.0,0.0,285.0,3.0,322.0
14.7,,,,291,BML,Bodega Marine Lab,38.31613,-123.0705,2025-09-22 19:33:00+00:00,0.0,42.0,16.0,0.0,22.0,69.0,4.0,9.0,0.0,9.0,670.0,13.0,854.0
,,,,292,BML,Bodega Marine Lab,38.31613,-123.0705,2025-09-29 17:50:00+00:00,6.0,0.0,12.0,0.0,28.0,22.0,9.0,156.0,0.0,44.0,75.0,12.0,365.0
16.2,,,,293,BML,Bodega Marine Lab,38.31613,-123.0705,2025-09-29 19:54:00+00:00,0.0,17.0,66.0,0.0,382.0,0.0,0.0,183.0,0.0,50.0,365.0,58.0,1121.0
15.5,,,,294,BML,Bodega Marine Lab,38.31613,-123.0705,2025-10-06 21:22:00+00:00,0.0,92.0,95.0,0.0,82.0,0.0,11.0,53.0,0.0,45.0,79.0,18.0,476.0
16.0,,,,295,BML,Bodega Marine Lab,38.31613,-123.0705,2025-10-14 21:13:00+00:00,79.0,125.0,306.0,0.0,4425.0,0.0,0.0,3699.0,0.0,1112.0,465.0,57.0,10269.0
17.4,,,,296,BML,Bodega Marine Lab,38.31613,-123.0705,2025-10-20 19:28:00+00:00,11.0,56.0,26.0,0.0,1178.0,0.0,0.0,281.0,90.0,79.0,26.0,4.0,1751.0
,,,,297,BML,Bodega Marine Lab,38.31613,-123.0705,2025-10-27 19:08:00+00:00,1.0,0.0,14.0,0.0,313.0,0.0,0.0,51.0,0.0,31.0,58.0,0.0,468.0
,,,,298,BML,Bodega Marine Lab,38.31613,-123.0705,2025-10-29 18:28:00+00:00,0.0,291.0,83.0,0.0,1849.0,0.0,0.0,2888.0,602.0,727.0,42.0,0.0,6482.0
,,,,299,BML,Bodega Marine Lab,38.31613,-123.0705,2025-11-03 21:29:00+00:00,0.0,22.0,11.0,0.0,386.0,0.0,0.0,11.0,4.0,39.0,48.0,0.0,521.0
,,,,300,BML,Bodega Marine Lab,38.31613,-123.0705,2025-11-12 18:55:00+00:00,0.0,706.0,781.0,0.0,3030.0,0.0,0.0,316.0,0.0,3922.0,297.0,130.0,9183.0
15.0,,,,301,BML,Bodega Marine Lab,38.31613,-123.0705,2025-11-18 19:26:00+00:00,0.0,0.0,45.0,0.0,400.0,0.0,10.0,93.0,0.0,891.0,211.0,14.0,1664.0
15.1,,,,302,BML,Bodega Marine Lab,38.31613,-123.0705,2025-11-24 21:15:00+00:00,0.0,0.0,148.0,0.0,341.0,0.0,15.0,760.0,0.0,14183.0,153.0,54.0,15654.0
15.0,,,,303,BML,Bodega Marine Lab,38.31613,-123.0705,2025-12-03 22:33:00+00:00,2.0,0.0,25.0,0.0,46.0,0.0,6.0,12.0,0.0,726.0,36.0,12.0,864.0
14.0,,,,304,BML,Bodega Marine Lab,38.31613,-123.0705,2025-12-12 19:15:00+00:00,0.0,0.0,33.0,0.0,65.0,4.0,41.0,6.0,0.0,31.0,387.0,7.0,574.0
15.0,,,,305,BML,Bodega Marine Lab,38.31613,-123.0705,2025-12-15 21:26:00+00:00,0.0,0.0,3.0,0.0,10.0,0.0,0.0,6.0,0.0,0.0,225.0,0.0,244.0
12.9,3.72,3.7,3.71,CP240311,CPP,CalPoly Pier,35.170204,-120.740685,2024-03-11 16:00:00+00:00,0.0,0.0,1066.1534,0.0,0.0,1599.2302,9595.381,1599.2302,0.0,0.0,121008.414,4797.6904,139666.11
13.2,1.66,1.77,1.71,CP240317,CPP,CalPoly Pier,35.170204,-120.740685,2024-03-17 16:00:00+00:00,0.0,0.0,1066.1534,0.0,533.0767,14393.071,17591.531,0.0,0.0,0.0,59171.516,2665.3835,95420.734
13.5,4.48,4.52,4.5,CP240324,CPP,CalPoly Pier,35.170204,-120.740685,2024-03-24 17:00:00+00:00,0.0,2132.307,1066.1534,0.0,533.0767,3731.537,34116.91,533.0767,0.0,1599.2302,66634.59,20789.992,131136.88
13.4,4.09,3.91,4.0,CP240401,CPP,CalPoly Pier,35.170204,-120.740685,2024-04-01 17:00:00+00:00,0.0,0.0,0.0,0.0,0.0,5330.767,2132.307,0.0,0.0,1066.1534,50109.21,2665.3835,61303.824
12.7,3.48,2.91,3.19,CP240407,CPP,CalPoly Pier,35.170204,-120.740685,2024-04-07 18:00:00+00:00,0.0,533.0767,0.0,0.0,0.0,5863.8438,1066.1534,0.0,0.0,0.0,44778.445,26120.76,78362.28
13.7,6.73,6.71,6.72,CP240414,CPP,CalPoly Pier,35.170204,-120.740685,2024-04-14 17:30:00+00:00,0.0,0.0,0.0,0.0,0.0,17591.531,0.0,0.0,0.0,0.0,50109.21,5863.8438,73564.586
14.6,4.33,3.96,4.14,CP240422,CPP,CalPoly Pier,35.170204,-120.740685,2024-04-22 18:30:00+00:00,0.0,0.0,0.0,0.0,533.0767,9062.305,10661.534,0.0,0.0,6396.921,49043.06,40513.832,116210.73
14.1,0.87,0.86,0.86,CP240429,CPP,CalPoly Pier,35.170204,-120.740685,2024-04-29 18:30:00+00:00,0.0,0.0,0.0,0.0,0.0,0.0,0.0,0.0,0.0,2665.3835,93288.43,7996.151,103949.96
11.4,20.21,20.66,20.43,CP240506,CPP,CalPoly Pier,35.170204,-120.740685,2024-05-06 18:30:00+00:00,0.0,0.0,0.0,0.0,0.0,169518.4,66101.516,0.0,0.0,1066.1534,1655736.2,11727.6875,1904150.1
13.8,1.23,1.08,1.16,CP240513,CPP,CalPoly Pier,35.170204,-120.740685,2024-05-13 19:00:00+00:00,0.0,0.0,0.0,0.0,533.0767,132736.11,12793.842,0.0,0.0,533.0767,278266.06,4797.6904,429659.84
13.1,3.38,3.19,3.29,CP240520,CPP,CalPoly Pier,35.170204,-120.740685,2024-05-20 18:40:00+00:00,0.0,0.0,1599.2302,0.0,1066.1534,11194.611,4264.614,0.0,0.0,0.0,256409.9,34116.91,308651.44
13.4,2.27,2.45,2.36,CP240527,CPP,CalPoly Pier,35.170204,-120.740685,2024-05-27 19:00:00+00:00,0.0,0.0,1066.1534,0.0,0.0,4264.614,0.0,0.0,0.0,1066.1534,58105.363,19723.838,84226.125
15.6,5.24,6.31,5.77,CP240603,CPP,CalPoly Pier,35.170204,-120.740685,2024-06-03 19:00:00+00:00,0.0,0.0,533.0767,0.0,533.0767,110879.96,6929.9976,0.0,0.0,0.0,524547.5,13859.995,657283.6
14.8,3.29,3.04,3.16,CP240610,CPP,CalPoly Pier,35.170204,-120.740685,2024-06-10 18:30:00+00:00,0.0,0.0,5863.8438,0.0,533.0767,11194.611,2665.3835,0.0,0.0,0.0,93821.5,27719.99,141798.4
15.4,2.77,2.82,2.79,CP240617,CPP,CalPoly Pier,35.170204,-120.740685,2024-06-17 18:30:00+00:00,0.0,0.0,533.0767,0.0,1066.1534,31984.604,0.0,0.0,0.0,0.0,14926.148,5330.767,53840.75
15.1,19.16,16.78,17.97,CP240624,CPP,CalPoly Pier,35.170204,-120.740685,2024-06-24 16:00:00+00:00,0.0,0.0,533.0767,0.0,1066.1534,245748.38,3731.537,0.0,0.0,0.0,155658.4,90623.05,497360.6
15.9,10.63,8.06,9.35,CP240701,CPP,CalPoly Pier,35.170204,-120.740685,2024-07-01 16:30:00+00:00,533.0767,0.0,1599.2302,0.0,3198.4604,10661.534,0.0,0.0,0.0,0.0,103949.96,9062.305,128471.49
17.6,30.14,35.14,32.64,CP240707,CPP,CalPoly Pier,35.170204,-120.740685,2024-07-07 16:00:00+00:00,7996.151,0.0,0.0,0.0,2132.307,9062.305,0.0,0.0,0.0,0.0,13326.918,2132.307,34649.99
16.1,2.78,2.62,2.7,CP240715,CPP,CalPoly Pier,35.170204,-120.740685,2024-07-15 18:30:00+00:00,1599.2302,533.0767,1066.1534,0.0,5863.8438,2132.307,0.0,0.0,0.0,0.0,34649.99,12793.842,58638.44
16.3,9.18,10.04,9.16,CP240722,CPP,CalPoly Pier,35.170204,-120.740685,2024-07-22 16:30:00+00:00,0.0,0.0,0.0,0.0,1599.2302,29852.297,0.0,0.0,0.0,0.0,78895.35,4264.614,114611.49
14.9,14.84,15.26,15.05,CP240729,CPP,CalPoly Pier,35.170204,-120.740685,2024-07-29 18:30:00+00:00,11727.69,4264.614,1066.153,0.0,15992.3,34116.91,0.0,0.0,0.0,0.0,231355.3,105549.2,404072.2
16.1,15.54,14.42,14.98,CP240804,CPP,CalPoly Pier,35.170204,-120.740685,2024-08-04 17:00:00+00:00,4797.6904,0.0,533.0767,0.0,7996.151,0.0,16525.379,0.0,0.0,0.0,700462.8,27719.99,758035.1
16.8,8.58,8.71,8.64,CP240811,CPP,CalPoly Pier,35.170204,-120.740685,2024-08-11 15:45:00+00:00,2132.307,0.0,3198.4604,0.0,29319.22,26120.76,0.0,0.0,1066.1534,1066.1534,865183.5,34649.99,962736.56
16.7,7.04,7.24,7.14,CP240818,CPP,CalPoly Pier,35.170204,-120.740685,2024-08-18 15:45:00+00:00,7463.074,0.0,1599.2302,0.0,22389.223,0.0,0.0,1066.1534,0.0,0.0,416332.94,32517.68,481368.28
15.0,30.65,27.01,28.83,CP240825,CPP,CalPoly Pier,35.170204,-120.740685,2024-08-25 15:30:00+00:00,12793.842,3198.4604,13859.995,0.0,15992.302,21323.068,0.0,533.0767,0.0,0.0,179113.78,71965.36,318779.88
15.9,19.59,21.83,20.71,CP240901,CPP,CalPoly Pier,35.170204,-120.740685,2024-09-01 15:25:00+00:00,0.0,6929.9976,22389.223,0.0,15459.225,30918.45,0.0,1066.1534,0.0,0.0,70899.2,52774.598,200436.84
16.9,8.45,8.69,8.57,CP240908,CPP,CalPoly Pier,35.170204,-120.740685,2024-09-08 15:30:00+00:00,533.0767,0.0,2665.3835,0.0,225491.45,0.0,0.0,11194.611,0.0,0.0,12260.765,52774.598,304919.88
14.7,81.88,86.78,84.33,CP240915,CPP,CalPoly Pier,35.170204,-120.740685,2024-09-15 16:45:00+00:00,39447.676,0.0,10128.458,0.0,17058.455,0.0,0.0,20789.992,0.0,0.0,219094.53,1148780.4,1455299.5
15.7,112.67,111.69,112.18,CP240922,CPP,CalPoly Pier,35.170204,-120.740685,2024-09-22 15:36:00+00:00,6929.9976,0.0,10661.534,0.0,14393.071,0.0,0.0,94354.58,21323.068,0.0,4264.614,698863.56,850790.44
16.1,59.06,59.48,59.27,CP240929,CPP,CalPoly Pier,35.170204,-120.740685,2024-09-29 16:00:00+00:00,103416.88,0.0,3198.4604,533.0767,73564.586,0.0,0.0,42113.062,17591.531,28786.143,22922.299,212164.53,504290.6
16.5,68.58,75.58,72.08,CP241006,CPP,CalPoly Pier,35.170204,-120.740685,2024-10-06 15:00:00+00:00,13326.918,0.0,29319.22,1066.1534,33050.758,0.0,0.0,16525.379,203635.31,6929.9976,12260.765,131136.88,447251.38
16.9,66.48,47.38,56.93,CP241013,CPP,CalPoly Pier,35.170204,-120.740685,2024-10-13 15:57:00+00:00,296390.66,0.0,13326.918,533.0767,81027.664,0.0,0.0,12260.765,10128.458,0.0,4264.614,105549.195,523481.34
13.8,1.16,1.08,1.12,CP241020,CPP,CalPoly Pier,35.170204,-120.740685,2024-10-20 16:57:00+00:00,0.0,0.0,0.0,0.0,533.0767,0.0,0.0,0.0,0.0,0.0,36782.293,533.0767,37848.45
15.4,37.86,37.93,37.9,CP241027,CPP,CalPoly Pier,35.170204,-120.740685,2024-10-27 16:25:00+00:00,17058.455,0.0,12260.765,21323.068,168452.25,3731.537,0.0,4797.6904,172716.86,0.0,80494.586,81027.664,561862.9
12.8,4.06,3.81,3.93,CP241103,CPP,CalPoly Pier,35.170204,-120.740685,2024-11-03 17:36:00+00:00,0.0,0.0,1599.2302,0.0,5863.8438,5330.767,0.0,533.0767,3198.4604,0.0,37315.37,11194.611,65035.36
12.5,13.72,12.6,13.16,CP241110,CPP,CalPoly Pier,35.170204,-120.740685,2024-11-10 17:34:00+00:00,4264.614,1599.2302,2665.3835,1066.1534,28253.066,0.0,0.0,2132.307,2132.307,0.0,50642.29,29852.297,122607.65
12.1,2.73,2.27,2.5,CP241117,CPP,CalPoly Pier,35.170204,-120.740685,2024-11-17 17:22:00+00:00,533.0767,0.0,0.0,0.0,9062.305,0.0,0.0,2132.307,0.0,0.0,11727.6875,12793.842,36249.22
12.1,7.59,7.36,7.47,CP241124,CPP,CalPoly Pier,35.170204,-120.740685,2024-11-24 14:40:00+00:00,0.0,1066.1534,533.0767,1599.2302,15459.225,0.0,0.0,6396.921,1066.1534,0.0,9595.381,11727.6875,47443.83
12.9,7.1,7.15,7.12,CP241201,CPP,CalPoly Pier,35.170204,-120.740685,2024-12-01 16:45:00+00:00,0.0,0.0,2665.3835,0.0,13859.995,0.0,5330.767,15992.302,0.0,3198.4604,30918.45,52241.52,124206.875
12.4,2.24,2.3,2.27,CP241208,CPP,CalPoly Pier,35.170204,-120.740685,2024-12-08 16:18:00+00:00,1599.2302,0.0,0.0,1599.2302,3731.537,1599.2302,1066.1534,2665.3835,9062.305,0.0,4797.6904,7996.151,34116.91
12.3,3.01,2.81,2.91,CP241216,CPP,CalPoly Pier,35.170204,-120.740685,2024-12-08 17:00:00+00:00,0.0,0.0,533.0767,533.0767,12793.842,0.0,4797.6904,6396.921,3198.4604,0.0,16525.379,3731.537,48509.98
12.9,1.65,1.54,1.6,CP241222,CPP,CalPoly Pier,35.170204,-120.740685,2024-12-22 17:44:00+00:00,0.0,0.0,0.0,0.0,0.0,1066.1534,0.0,533.0767,0.0,0.0,9595.381,1066.1534,12260.765
12.9,1.15,1.06,1.11,CP241229,CPP,CalPoly Pier,35.170204,-120.740685,2024-12-29 18:35:00+00:00,0.0,0.0,533.0767,0.0,533.0767,0.0,0.0,0.0,0.0,0.0,11727.6875,533.0767,13326.918
11.9,2.2,2.37,2.28,CP250105,CPP,CalPoly Pier,35.170204,-120.740685,2025-01-05 18:40:00+00:00,0.0,0.0,0.0,0.0,533.0767,0.0,0.0,0.0,0.0,0.0,56506.133,1599.2302,58638.44
11.4,3.01,3.05,3.03,CP250112,CPP,CalPoly Pier,35.170204,-120.740685,2025-01-12 17:30:00+00:00,0.0,0.0,0.0,0.0,0.0,2665.3835,5330.767,0.0,0.0,0.0,120475.34,1599.2302,130070.72
12.0,1.3,1.43,1.36,CP250119,CPP,CalPoly Pier,35.170204,-120.740685,2025-01-19 19:00:00+00:00,0.0,0.0,0.0,0.0,2665.3835,4797.6904,30918.45,0.0,0.0,0.0,62903.055,4797.6904,106082.266
11.5,2.95,2.81,2.88,CP250126,CPP,CalPoly Pier,35.170204,-120.740685,2025-01-26 17:46:00+00:00,1066.1534,0.0,0.0,0.0,2665.3835,4797.6904,1599.2302,533.0767,0.0,0.0,50109.21,5330.767,66101.516
12.5,3.25,3.05,3.15,CP250202,CPP,CalPoly Pier,35.170204,-120.740685,2025-02-02 18:25:00+00:00,0.0,0.0,533.0767,0.0,1599.2302,5863.8438,0.0,1066.1534,0.0,0.0,20789.992,5330.767,35183.062
12.5,4.55,3.89,4.22,CP250209,CPP,CalPoly Pier,35.170204,-120.740685,2025-02-09 17:00:00+00:00,4797.6904,0.0,0.0,533.0767,4264.614,0.0,2665.3835,0.0,1066.1534,0.0,45844.598,2132.307,61303.824
11.3,0.99,0.98,0.99,CP250216,CPP,CalPoly Pier,35.170204,-120.740685,2025-02-16 16:00:00+00:00,533.0767,0.0,0.0,0.0,533.0767,5330.767,0.0,0.0,0.0,0.0,8529.228,0.0,14926.148
12.3,1.61,1.72,1.67,CP250223,CPP,CalPoly Pier,35.170204,-120.740685,2025-02-23 17:55:00+00:00,1599.2302,0.0,0.0,0.0,0.0,0.0,3198.4604,0.0,2665.3835,0.0,37848.45,533.0767,45844.598
12.0,4.25,4.45,4.35,CP250302,CPP,CalPoly Pier,35.170204,-120.740685,2025-03-02 17:40:00+00:00,1066.1534,0.0,0.0,0.0,533.0767,7463.074,2132.307,0.0,0.0,0.0,25054.605,2665.3835,38914.6
10.6,2.46,2.86,2.66,CP250309,CPP,CalPoly Pier,35.170204,-120.740685,2025-03-09 16:55:00+00:00,0.0,0.0,0.0,0.0,0.0,6396.921,18657.686,0.0,0.0,0.0,204701.47,2132.307,231888.38
11.5,5.42,5.08,5.25,CP250316,CPP,CalPoly Pier,35.170204,-120.740685,2025-03-16 16:30:00+00:00,0.0,0.0,0.0,0.0,533.0767,0.0,46910.75,0.0,0.0,0.0,395542.94,2665.3835,445652.16
11.6,2.93,2.91,2.92,CP250323,CPP,CalPoly Pier,35.170204,-120.740685,2025-03-23 17:00:00+00:00,0.0,0.0,0.0,0.0,0.0,0.0,83159.97,0.0,0.0,0.0,434990.6,533.0767,518683.66
11.7,5.32,5.08,5.2,CP250330,CPP,CalPoly Pier,35.170204,-120.740685,2025-03-30 16:47:00+00:00,0.0,0.0,0.0,0.0,0.0,11727.6875,49043.06,0.0,0.0,0.0,58105.363,2132.307,121008.414
11.9,10.05,9.92,9.99,CP250406,CPP,CalPoly Pier,35.170204,-120.740685,2025-04-06 16:15:00+00:00,0.0,0.0,0.0,0.0,0.0,3198.4604,115144.57,0.0,0.0,0.0,1610957.9,1066.1534,1730367.0
11.3,2.44,2.37,2.4,CP250413,CPP,CalPoly Pier,35.170204,-120.740685,2025-04-13 17:05:00+00:00,0.0,0.0,0.0,0.0,0.0,0.0,64502.285,0.0,0.0,0.0,87957.66,6929.9976,159389.94
13.3,8.2,7.95,8.08,CP250420,CPP,CalPoly Pier,35.170204,-120.740685,2025-04-20 16:58:00+00:00,0.0,0.0,0.0,0.0,533.0767,2132.307,25587.684,0.0,0.0,0.0,1241002.6,10128.458,1279384.1
12.3,4.69,4.94,4.81,CP250427,CPP,CalPoly Pier,35.170204,-120.740685,2025-04-27 17:13:00+00:00,0.0,0.0,0.0,0.0,0.0,2132.307,77296.125,533.0767,0.0,0.0,181246.1,5863.8438,267071.44
12.3,1.67,1.81,1.74,CP250504,CPP,CalPoly Pier,35.170204,-120.740685,2025-05-04 17:30:00+00:00,0.0,0.0,0.0,0.0,533.0767,1066.1534,0.0,0.0,0.0,0.0,75163.82,10661.534,87424.586
14.8,4.6,4.51,4.56,CP250512,CPP,CalPoly Pier,35.170204,-120.740685,2025-05-12 14:25:00+00:00,0.0,0.0,0.0,0.0,0.0,13859.995,22389.223,533.0767,0.0,0.0,278799.12,1599.2302,317180.66
13.0,13.72,13.3,13.51,CP250518,CPP,CalPoly Pier,35.170204,-120.740685,2025-05-18 17:05:00+00:00,0.0,0.0,0.0,0.0,533.0767,18657.686,23455.375,0.0,0.0,0.0,1225010.4,9595.381,1277251.9
13.2,14.56,15.68,15.12,CP250526,CPP,CalPoly Pier,35.170204,-120.740685,2025-05-26 16:35:00+00:00,0.0,0.0,0.0,0.0,0.0,17058.455,49043.06,0.0,0.0,0.0,2184015.2,2665.3835,2252782.2
14.4,4.59,4.58,4.58,CP250601,CPP,CalPoly Pier,35.170204,-120.740685,2025-06-01 16:53:00+00:00,0.0,0.0,1066.1534,0.0,0.0,1599.2302,6396.921,0.0,0.0,0.0,411535.22,12260.765,432858.3
15.1,14.84,15.82,15.33,CP250608,CPP,CalPoly Pier,35.170204,-120.740685,2025-06-08 16:30:00+00:00,18657.686,2665.3835,13326.918,0.0,12793.842,0.0,0.0,13326.918,107681.5,5330.767,7996.151,108214.58,289993.75
15.5,15.26,15.68,15.47,CP250616,CPP,CalPoly Pier,35.170204,-120.740685,2025-06-16 16:15:00+00:00,0.0,0.0,533.0767,0.0,1066.1534,21856.146,31984.604,533.0767,0.0,0.0,160989.17,5330.767,222293.0
12.9,5.93,6.14,6.04,CP250623,CPP,CalPoly Pier,35.170204,-120.740685,2025-06-23 16:30:00+00:00,0.0,0.0,0.0,0.0,533.0767,226024.53,29319.22,0.0,0.0,0.0,413667.53,4264.614,673809.0
14.5,6.34,6.2,6.27,CP250630,CPP,CalPoly Pier,35.170204,-120.740685,2025-06-30 17:00:00+00:00,0.0,0.0,3198.4604,0.0,6396.921,0.0,0.0,0.0,4264.614,0.0,7463.074,34649.99,55973.055
15.2,4.3,4.45,4.37,CP250707,CPP,CalPoly Pier,35.170204,-120.740685,2025-07-07 16:10:00+00:00,1599.2302,0.0,10128.458,0.0,15459.225,0.0,0.0,1599.2302,0.0,0.0,533.0767,29852.297,59171.516
15.0,23.58,22.67,23.13,CP250714,CPP,CalPoly Pier,35.170204,-120.740685,2025-07-14 15:45:00+00:00,4797.6904,5863.8438,11194.611,0.0,63436.13,1066.1534,0.0,5330.767,533.0767,0.0,121008.414,297989.88,511220.6
14.8,8.69,8.36,8.52,CP250721,CPP,CalPoly Pier,35.170204,-120.740685,2025-07-21 15:53:00+00:00,0.0,0.0,1066.1534,0.0,3198.4604,9062.305,0.0,3198.4604,6396.921,0.0,97553.04,122607.65,243082.98
15.3,9.91,9.92,9.92,CP250728,CPP,CalPoly Pier,35.170204,-120.740685,2025-07-28 16:05:00+00:00,1599.2302,0.0,1599.2302,0.0,4264.614,68233.82,4264.614,4797.6904,0.0,0.0,227090.69,85292.27,397142.16
15.0,15.96,15.96,15.96,CP250804,CPP,CalPoly Pier,35.170204,-120.740685,2025-08-04 16:05:00+00:00,0.0,39980.754,0.0,0.0,11727.6875,858253.5,4264.614,2132.307,0.0,0.0,1435575.6,115677.65,2467612.2
15.6,9.66,8.68,9.17,CP250810,CPP,CalPoly Pier,35.170204,-120.740685,2025-08-10 17:00:00+00:00,0.0,1066.1534,0.0,0.0,4264.614,406204.47,57039.21,533.0767,0.0,0.0,562929.0,15459.225,1047495.75
15.6,14.28,13.72,14.0,CP250818,CPP,CalPoly Pier,35.170204,-120.740685,2025-08-18 16:20:00+00:00,0.0,12793.842,0.0,0.0,0.0,930751.94,33583.832,0.0,0.0,0.0,932351.2,21323.068,1930803.9
16.8,13.72,11.62,12.67,CP250826,CPP,CalPoly Pier,35.170204,-120.740685,2025-08-26 13:30:00+00:00,1066.1534,27186.912,9062.305,0.0,50109.21,1066.1534,0.0,47443.83,0.0,0.0,2665.3835,43179.215,181779.16
18.7,4.06,4.37,4.21,CP250901,CPP,CalPoly Pier,35.170204,-120.740685,2025-09-01 16:15:00+00:00,0.0,0.0,533.0767,0.0,15459.225,71965.36,0.0,1599.2302,0.0,0.0,470706.75,4264.614,564528.25
17.6,12.79,12.6,12.69,CP250908,CPP,CalPoly Pier,35.170204,-120.740685,2025-09-08 16:12:00+00:00,7463.074,1066.1534,12793.842,0.0,132203.03,13859.995,0.0,60237.67,0.0,533.0767,165786.86,61836.9,455780.6
16.8,8.69,8.92,8.8,CP250915,CPP,CalPoly Pier,35.170204,-120.740685,2025-09-15 16:27:00+00:00,0.0,0.0,533.0767,0.0,5863.8438,12793.842,1066.1534,1599.2302,0.0,0.0,434990.6,8529.228,465375.97
17.1,7.39,7.26,7.33,CP250921,CPP,CalPoly Pier,35.170204,-120.740685,2025-09-21 16:34:00+00:00,0.0,1599.2302,533.0767,0.0,22922.299,4264.614,0.0,0.0,0.0,0.0,90623.05,26653.836,146596.1
16.8,52.91,56.06,54.48,CP250928,CPP,CalPoly Pier,35.170204,-120.740685,2025-09-28 16:58:00+00:00,22922.299,40513.832,5330.767,0.0,753770.5,0.0,0.0,27719.99,4264.614,0.0,25054.605,203635.31,1083211.9
16.3,11.83,11.78,11.8,CP251005,CPP,CalPoly Pier,35.170204,-120.740685,2025-10-05 16:34:00+00:00,8529.228,91689.195,4797.6904,0.0,187643.0,3198.4604,0.0,13859.995,29852.297,0.0,23988.453,115677.65,479235.97
14.0,2.81,2.69,2.75,CP251012,CPP,CalPoly Pier,35.170204,-120.740685,2025-10-12 15:57:00+00:00,1599.2302,2132.307,0.0,0.0,5863.8438,5330.767,0.0,1066.1534,2665.3835,0.0,46910.75,4797.6904,70366.125
14.1,7.01,6.94,6.98,CP251019,CPP,CalPoly Pier,35.170204,-120.740685,2025-10-19 16:10:00+00:00,533.0767,1599.2302,2665.3835,0.0,46377.676,73031.51,5330.767,4797.6904,2132.307,0.0,455780.6,11194.611,603442.9
14.7,2.89,2.77,2.83,CP251026,CPP,CalPoly Pier,35.170204,-120.740685,2025-10-26 16:27:00+00:00,1066.1534,1599.2302,3731.537,0.0,23988.453,3731.537,0.0,9062.305,2132.307,533.0767,13859.995,7463.074,67167.664
14.6,6.7,6.69,6.7,CP251102,CPP,CalPoly Pier,35.170204,-120.740685,2025-11-02 17:35:00+00:00,533.0767,0.0,0.0,0.0,14926.148,18124.61,5330.767,0.0,1066.1534,4264.614,549069.0,6929.9976,600244.4
15.0,3.03,2.89,2.96,CP251109,CPP,CalPoly Pier,35.170204,-120.740685,2025-11-09 17:37:00+00:00,1066.1534,0.0,1599.2302,0.0,23455.375,0.0,4264.614,3731.537,0.0,0.0,15459.225,5863.8438,55439.98
15.1,16.68,15.33,16.0,CP251116,CPP,CalPoly Pier,35.170204,-120.740685,2025-11-16 18:12:00+00:00,0.0,1066.1534,2665.3835,533.0767,61836.9,3198.4604,0.0,69833.055,0.0,0.0,32517.68,15459.225,187109.94
14.5,1.96,1.84,1.9,CP251123,CPP,CalPoly Pier,35.170204,-120.740685,2025-11-23 16:30:00+00:00,0.0,0.0,533.0767,0.0,3731.537,1066.1534,0.0,533.0767,3731.537,0.0,25587.684,2132.307,37315.37
15.3,3.37,3.17,3.27,CP251130,CPP,CalPoly Pier,35.170204,-120.740685,2025-11-30 17:00:00+00:00,0.0,533.0767,0.0,0.0,533.0767,11194.611,9062.305,0.0,11727.6875,0.0,189242.23,2665.3835,224958.38
15.2,2.05,2.25,2.15,CP251208,CPP,CalPoly Pier,35.170204,-120.740685,2025-12-08 17:17:00+00:00,0.0,0.0,1599.2302,533.0767,1599.2302,3198.4604,0.0,9595.381,0.0,533.0767,15459.225,2665.3835,35183.062
15.5,6.28,5.91,6.1,CP251215,CPP,CalPoly Pier,35.170204,-120.740685,2025-12-15 17:30:00+00:00,0.0,0.0,533.0767,0.0,533.0767,1066.1534,6929.9976,8529.228,82626.89,0.0,19723.838,8529.228,128471.49
15.2,4.75,4.75,4.75,CP251222,CPP,CalPoly Pier,35.170204,-120.740685,2025-12-22 15:20:00+00:00,0.0,0.0,1599.2302,0.0,2132.307,27186.912,7463.074,5330.767,19723.838,0.0,268670.66,1599.2302,333706.03
13.2,1.25,1.34,1.29,CP251228,CPP,CalPoly Pier,35.170204,-120.740685,2025-12-28 16:30:00+00:00,0.0,0.0,0.0,0.0,0.0,0.0,0.0,0.0,7463.074,0.0,10128.458,0.0,17591.531
15.3,2.48,2.65,2.56,CP260104,CPP,CalPoly Pier,35.170204,-120.740685,2026-01-04 16:30:00+00:00,0.0,0.0,0.0,0.0,0.0,0.0,0.0,6929.9976,24521.53,0.0,6396.921,3198.4604,41046.906
13.1,0.36,0.36,0.36,CP260111,CPP,CalPoly Pier,35.170204,-120.740685,2026-01-11 17:13:00+00:00,0.0,0.0,0.0,0.0,0.0,0.0,0.0,0.0,0.0,0.0,10128.458,0.0,10128.458
14.6,2.94,3.26,3.1,CP260119,CPP,CalPoly Pier,35.170204,-120.740685,2026-01-19 17:43:00+00:00,0.0,0.0,533.0767,0.0,533.0767,38381.523,2132.307,1066.1534,1066.1534,0.0,705793.56,1066.1534,750572.0
,,,,TL16,T16,Inner Tomales Bay,38.11798,-122.867,2024-03-28 21:06:00+00:00,0.0,0.0,0.0,0.0,0.0,0.0,0.0,0.0,0.0,0.0,187.0,21.0,208.0
,,,,TL16,T16,Inner Tomales Bay,38.11798,-122.867,2024-04-24 19:16:00+00:00,0.0,0.0,0.0,0.0,13.0,0.0,0.0,0.0,0.0,0.0,174.0,39.0,226.0
,,,,TL16,T16,Inner Tomales Bay,38.11798,-122.867,2024-05-21 19:41:00+00:00,0.0,0.0,0.0,0.0,0.0,0.0,55.0,0.0,0.0,83.0,9931.0,830.0,10900.0
,,,,TL16,T16,Inner Tomales Bay,38.11798,-122.867,2024-07-12 21:07:00+00:00,180.0,395.0,26.0,0.0,60.0,26.0,17.0,0.0,0.0,60.0,103.0,1065.0,1932.0
,,,,TL16,T16,Inner Tomales Bay,38.11798,-122.867,2024-07-31 19:50:00+00:00,46.0,0.0,9.0,0.0,0.0,231.0,0.0,0.0,0.0,0.0,1466.0,46.0,1798.0
,,,,TL16,T16,Inner Tomales Bay,38.11798,-122.867,2024-09-30 19:56:00+00:00,113.0,0.0,214.0,0.0,665.0,0.0,0.0,11922.0,0.0,214.0,225.0,124.0,13477.0
,,,,TL16,T16,Inner Tomales Bay,38.11798,-122.867,2024-10-30 18:48:00+00:00,2123.0,370.0,12.0,0.0,727.0,0.0,0.0,1395.0,0.0,0.0,131.0,12.0,4770.0
,,,,TL16,T16,Inner Tomales Bay,38.11798,-122.867,2024-12-17 20:52:00+00:00,458.0,0.0,0.0,0.0,270.0,0.0,0.0,593.0,0.0,0.0,1142.0,8.0,2472.0
,,,,TL16,T16,Inner Tomales Bay,38.11798,-122.867,2025-01-30 19:18:00+00:00,1033.0,0.0,0.0,0.0,898.0,0.0,0.0,262.0,0.0,0.0,87.0,390.0,2671.0
,,,,TL16,T16,Inner Tomales Bay,38.11798,-122.867,2025-02-24 17:50:00+00:00,0.0,0.0,0.0,0.0,374.0,0.0,0.0,0.0,0.0,0.0,100164.0,5823.0,106360.0
,,,,TL16,T16,Inner Tomales Bay,38.11798,-122.867,2025-03-18 20:20:00+00:00,0.0,0.0,0.0,0.0,81.0,0.0,0.0,0.0,0.0,0.0,253.0,29.0,362.0
,,,,TL16,T16,Inner Tomales Bay,38.11798,-122.867,2025-05-15 20:50:00+00:00,0.0,0.0,0.0,0.0,275.0,0.0,0.0,0.0,0.0,0.0,1201.0,0.0,1476.0
,,,,TL16,T16,Inner Tomales Bay,38.11798,-122.867,2025-06-30 22:45:00+00:00,0.0,0.0,0.0,0.0,0.0,19.0,87.0,0.0,0.0,0.0,3636.0,154.0,3897.0
,,,,TL16,T16,Inner Tomales Bay,38.11798,-122.867,2025-07-31 21:18:00+00:00,120.0,12.0,6.0,0.0,18.0,0.0,0.0,0.0,0.0,0.0,341.0,36.0,533.0
,,,,TL16,T16,Inner Tomales Bay,38.11798,-122.867,2025-09-26 18:04:00+00:00,223.0,0.0,25.0,0.0,289.0,0.0,0.0,207.0,0.0,0.0,3191.0,50.0,3985.0
,,,,TL16,T16,Inner Tomales Bay,38.11798,-122.867,2025-10-27 19:54:00+00:00,901.0,87.0,0.0,0.0,293.0,0.0,0.0,195.0,0.0,11.0,521.0,11.0,2040.0
,,,,TL16,T16,Inner Tomales Bay,38.11798,-122.867,2025-11-25 18:43:00+00:00,43.0,0.0,0.0,0.0,0.0,0.0,0.0,0.0,0.0,0.0,22.0,0.0,65.0
14.1,,,,24080,MWII,Monterey Wharf,36.603683,-121.889275,2024-03-20 14:44:00+00:00,,,,,,,,,,,,,
13.5,,,,24087,MWII,Monterey Wharf,36.603683,-121.889275,2024-03-27 14:46:00+00:00,,,,,,,,,,,,,
14.0,,,,24094,MWII,Monterey Wharf,36.603683,-121.889275,2024-04-04 14:53:00+00:00,,,,,,,,,,,,,
13.8,,,15.17,24101,MWII,Monterey Wharf,36.603683,-121.889275,2024-04-10 14:46:00+00:00,180.0,540.0,360.0,0.0,990.0,1800.0,1080.0,360.0,540.0,0.0,,,
13.2,,,20.55,24115,MWII,Monterey Wharf,36.603683,-121.889275,2024-04-24 14:03:00+00:00,0.0,700.0,200.0,0.0,800.0,600.0,0.0,100.0,200.0,0.0,,,
14.6,,,26.63,24122,MWII,Monterey Wharf,36.603683,-121.889275,2024-05-01 14:45:00+00:00,3100.0,1900.0,2400.0,0.0,13200.0,0.0,0.0,100.0,900.0,0.0,,,
12.8,,,57.76,24129,MWII,Monterey Wharf,36.603683,-121.889275,2024-05-08 14:04:00+00:00,1890.0,8010.0,2160.0,0.0,26550.0,43200.0,209520.0,0.0,180.0,0.0,,,
12.2,,,42.79,24136,MWII,Monterey Wharf,36.603683,-121.889275,2024-05-15 14:12:00+00:00,1080.0,540.0,270.0,0.0,0.0,101340.0,12510.0,0.0,360.0,0.0,,,
13.9,,,,24143,MWII,Monterey Wharf,36.603683,-121.889275,2024-05-22 14:09:00+00:00,190.0,0.0,190.0,0.0,39520.0,0.0,0.0,0.0,95.0,0.0,,,
14.3,,,4.184,24150,MWII,Monterey Wharf,36.603683,-121.889275,2024-05-29 17:11:00+00:00,500.0,2800.0,300.0,0.0,80200.0,600.0,0.0,500.0,0.0,0.0,,,
14.9,,,,24157,MWII,Monterey Wharf,36.603683,-121.889275,2024-06-05 13:56:00+00:00,100.0,200.0,400.0,0.0,13300.0,200.0,200.0,500.0,200.0,0.0,,,
13.2,,,,24164,MWII,Monterey Wharf,36.603683,-121.889275,2024-06-12 14:11:00+00:00,90.0,2430.0,1080.0,90.0,4230.0,141570.0,28710.0,630.0,90.0,0.0,,,
14.6,,,0.306,24171,MWII,Monterey Wharf,36.603683,-121.889275,2024-06-19 14:15:00+00:00,200.0,400.0,0.0,0.0,1900.0,700.0,1400.0,0.0,0.0,0.0,,,
12.0,,,0.792,24178,MWII,Monterey Wharf,36.603683,-121.889275,2024-06-26 14:16:00+00:00,0.0,400.0,200.0,0.0,300.0,5200.0,10500.0,0.0,0.0,0.0,,,
14.1,,,0.426,24185,MWII,Monterey Wharf,36.603683,-121.889275,2024-07-03 14:20:00+00:00,100.0,2500.0,0.0,0.0,2400.0,500.0,0.0,0.0,0.0,0.0,,,
14.5,,,0.174,24192,MWII,Monterey Wharf,36.603683,-121.889275,2024-07-10 14:10:00+00:00,1000.0,1700.0,300.0,0.0,8100.0,3200.0,200.0,0.0,0.0,0.0,,,
14.8,,,0.12,24199,MWII,Monterey Wharf,36.603683,-121.889275,2024-07-17 14:24:00+00:00,100.0,5800.0,100.0,0.0,1200.0,1000.0,0.0,100.0,0.0,0.0,,,
15.5,,,2.065,24206,MWII,Monterey Wharf,36.603683,-121.889275,2024-07-24 14:10:00+00:00,3400.0,5800.0,1500.0,0.0,26400.0,111600.0,0.0,200.0,100.0,0.0,,,
15.8,,,3.457,24213,MWII,Monterey Wharf,36.603683,-121.889275,2024-07-31 14:11:00+00:00,14800.0,15700.0,1300.0,200.0,27700.0,769000.0,0.0,200.0,800.0,0.0,,,
14.7,,,3.987,24220,MWII,Monterey Wharf,36.603683,-121.889275,2024-08-07 14:06:00+00:00,13100.0,39500.0,1600.0,200.0,8300.0,1508000.0,1200.0,800.0,300.0,0.0,,,
14.0,,,,24227,MWII,Monterey Wharf,36.603683,-121.889275,2024-08-14 15:23:00+00:00,450.0,7380.0,90.0,0.0,7020.0,979200.0,75780.0,90.0,0.0,0.0,,,
13.9,,,,24234,MWII,Monterey Wharf,36.603683,-121.889275,2024-08-21 14:31:00+00:00,0.0,4200.0,100.0,0.0,4000.0,87900.0,8800.0,200.0,400.0,0.0,,,
16.0,,,,24241,MWII,Monterey Wharf,36.603683,-121.889275,2024-08-28 16:10:00+00:00,10500.0,3600.0,600.0,0.0,13400.0,17300.0,400.0,400.0,200.0,0.0,,,
15.2,,,1.048,24248,MWII,Monterey Wharf,36.603683,-121.889275,2024-09-04 14:01:00+00:00,1200.0,1200.0,800.0,0.0,5700.0,2414000.0,0.0,100.0,0.0,0.0,,,
14.1,,,0.688,24255,MWII,Monterey Wharf,36.603683,-121.889275,2024-09-11 14:27:00+00:00,400.0,1800.0,800.0,200.0,18300.0,1086000.0,900.0,0.0,0.0,0.0,,,
13.9,,,,24262,MWII,Monterey Wharf,36.603683,-121.889275,2024-09-18 14:30:00+00:00,0.0,3240.0,630.0,0.0,990.0,40770.0,230400.0,450.0,90.0,0.0,,,
15.0,,,,24269,MWII,Monterey Wharf,36.603683,-121.889275,2024-09-25 16:40:00+00:00,200.0,2500.0,500.0,0.0,2200.0,1400.0,1600.0,3400.0,0.0,0.0,,,
15.7,,,,24276,MWII,Monterey Wharf,36.603683,-121.889275,2024-10-02 14:45:00+00:00,14900.0,11100.0,2000.0,0.0,14300.0,500.0,100.0,400.0,600.0,0.0,,,
16.0,,,,24283,MWII,Monterey Wharf,36.603683,-121.889275,2024-10-09 14:50:00+00:00,2900.0,15200.0,10200.0,0.0,18900.0,1700.0,0.0,5800.0,3500.0,0.0,,,
15.0,,,,24290,MWII,Monterey Wharf,36.603683,-121.889275,2024-10-16 14:03:00+00:00,900.0,1900.0,700.0,0.0,4800.0,1200.0,0.0,900.0,300.0,0.0,,,
13.0,,,,24297,MWII,Monterey Wharf,36.603683,-121.889275,2024-10-23 15:14:00+00:00,6700.0,7800.0,900.0,0.0,8200.0,5500.0,3600.0,0.0,0.0,0.0,,,
13.2,,,,24311,MWII,Monterey Wharf,36.603683,-121.889275,2024-11-06 16:16:00+00:00,9450.0,32670.0,720.0,90.0,108180.0,14310.0,0.0,1260.0,630.0,0.0,,,
12.5,,,,24318,MWII,Monterey Wharf,36.603683,-121.889275,2024-11-13 16:01:00+00:00,400.0,12600.0,200.0,0.0,31500.0,4300.0,0.0,10200.0,300.0,0.0,,,
12.3,,,,24332,MWII,Monterey Wharf,36.603683,-121.889275,2024-11-27 15:03:00+00:00,1600.0,1000.0,500.0,0.0,38500.0,400.0,0.0,31000.0,0.0,0.0,,,
12.3,,,,24339,MWII,Monterey Wharf,36.603683,-121.889275,2024-12-04 16:24:00+00:00,100.0,100.0,600.0,0.0,13000.0,100.0,0.0,13100.0,0.0,0.0,,,
11.6,,,,24346,MWII,Monterey Wharf,36.603683,-121.889275,2024-12-11 16:03:00+00:00,0.0,180.0,0.0,0.0,0.0,360.0,0.0,360.0,0.0,0.0,,,
12.7,,,,24353,MWII,Monterey Wharf,36.603683,-121.889275,2024-12-18 16:02:00+00:00,0.0,200.0,0.0,0.0,0.0,1800.0,0.0,200.0,0.0,0.0,,,
11.7,,,,25008,MWII,Monterey Wharf,36.603683,-121.889275,2025-01-08 15:23:00+00:00,0.0,0.0,0.0,0.0,0.0,1260.0,0.0,180.0,0.0,0.0,,,
11.3,,,,25015,MWII,Monterey Wharf,36.603683,-121.889275,2025-01-15 16:10:00+00:00,0.0,1260.0,0.0,0.0,90.0,1080.0,90.0,360.0,0.0,0.0,,,
11.5,,,,25022,MWII,Monterey Wharf,36.603683,-121.889275,2025-01-22 16:04:00+00:00,0.0,1710.0,0.0,0.0,0.0,1170.0,0.0,0.0,0.0,0.0,,,
12.0,,,,25029,MWII,Monterey Wharf,36.603683,-121.889275,2025-01-29 16:02:00+00:00,0.0,1300.0,100.0,0.0,200.0,4200.0,800.0,0.0,0.0,0.0,,,
12.1,,,,25036,MWII,Monterey Wharf,36.603683,-121.889275,2025-02-05 15:31:00+00:00,0.0,0.0,0.0,0.0,0.0,500.0,0.0,0.0,0.0,0.0,,,
12.0,,,,25043,MWII,Monterey Wharf,36.603683,-121.889275,2025-02-12 16:15:00+00:00,0.0,100.0,0.0,0.0,0.0,600.0,0.0,0.0,0.0,0.0,,,
12.9,,,,25050,MWII,Monterey Wharf,36.603683,-121.889275,2025-02-19 15:52:00+00:00,0.0,100.0,0.0,0.0,0.0,500.0,300.0,0.0,0.0,0.0,,,
13.0,,,,25057,MWII,Monterey Wharf,36.603683,-121.889275,2025-02-26 16:30:00+00:00,0.0,1200.0,0.0,0.0,200.0,100.0,0.0,0.0,0.0,0.0,,,
12.8,,,,25064,MWII,Monterey Wharf,36.603683,-121.889275,2025-03-05 15:32:00+00:00,0.0,500.0,0.0,0.0,0.0,300.0,0.0,0.0,0.0,0.0,,,
12.0,,,,25071,MWII,Monterey Wharf,36.603683,-121.889275,2025-03-12 15:11:00+00:00,0.0,550.0,0.0,0.0,0.0,4290.0,8800.0,0.0,0.0,0.0,,,
12.2,,,,25078,MWII,Monterey Wharf,36.603683,-121.889275,2025-03-19 15:32:00+00:00,720.0,8760.0,0.0,0.0,120.0,11160.0,7080.0,240.0,240.0,0.0,,,
14.0,,,,25085,MWII,Monterey Wharf,36.603683,-121.889275,2025-03-26 15:14:00+00:00,800.0,700.0,800.0,0.0,300.0,2600.0,100.0,100.0,0.0,0.0,,,
12.1,,,,25092,MWII,Monterey Wharf,36.603683,-121.889275,2025-04-02 14:55:00+00:00,90.0,360.0,90.0,0.0,360.0,147150.0,3150.0,90.0,0.0,0.0,,,
14.0,,,,25099,MWII,Monterey Wharf,36.603683,-121.889275,2025-04-09 14:15:00+00:00,45600.0,1400.0,1900.0,0.0,4300.0,1900.0,2100.0,500.0,0.0,0.0,,,
11.9,,,,25106,MWII,Monterey Wharf,36.603683,-121.889275,2025-04-16 13:46:00+00:00,2600.0,700.0,0.0,0.0,300.0,2500.0,17400.0,300.0,0.0,0.0,,,
13.0,,,,25113,MWII,Monterey Wharf,36.603683,-121.889275,2025-04-23 15:22:00+00:00,0.0,5300.0,100.0,0.0,0.0,6100.0,5600.0,100.0,0.0,0.0,,,
13.1,,,,25120,MWII,Monterey Wharf,36.603683,-121.889275,2025-04-30 15:11:00+00:00,200.0,800.0,100.0,0.0,600.0,11600.0,9600.0,300.0,0.0,0.0,,,
14.1,,,,25127,MWII,Monterey Wharf,36.603683,-121.889275,2025-05-07 14:32:00+00:00,90.0,5400.0,450.0,0.0,9090.0,540.0,720.0,1620.0,0.0,0.0,,,
14.1,,,,25134,MWII,Monterey Wharf,36.603683,-121.889275,2025-05-14 14:40:00+00:00,0.0,3200.0,200.0,0.0,14900.0,3600.0,40700.0,200.0,0.0,0.0,,,
14.0,,,,25141,MWII,Monterey Wharf,36.603683,-121.889275,2025-05-21 14:39:00+00:00,0.0,1425.0,190.0,0.0,4370.0,4180.0,39235.0,285.0,190.0,0.0,,,
12.0,,,,25148,MWII,Monterey Wharf,36.603683,-121.889275,2025-05-28 14:47:00+00:00,0.0,4400.0,0.0,0.0,3600.0,3100.0,27500.0,1100.0,0.0,0.0,,,
15.0,,,,25155,MWII,Monterey Wharf,36.603683,-121.889275,2025-06-04 14:26:00+00:00,0.0,1100.0,0.0,0.0,900.0,2500.0,1400.0,0.0,0.0,0.0,,,
13.5,,,,25169,MWII,Monterey Wharf,36.603683,-121.889275,2025-06-18 13:52:00+00:00,665.0,2470.0,1520.0,0.0,13775.0,22135.0,8265.0,855.0,0.0,0.0,,,
12.0,,,,25176,MWII,Monterey Wharf,36.603683,-121.889275,2025-06-25 14:28:00+00:00,1200.0,900.0,600.0,0.0,2500.0,8000.0,9700.0,100.0,0.0,0.0,,,
14.0,,,,25183,MWII,Monterey Wharf,36.603683,-121.889275,2025-07-02 14:32:00+00:00,700.0,3800.0,600.0,0.0,106700.0,452000.0,22700.0,1000.0,100.0,0.0,,,
14.6,,,,25190,MWII,Monterey Wharf,36.603683,-121.889275,2025-07-09 14:31:00+00:00,180.0,3690.0,630.0,0.0,30420.0,90.0,180.0,180.0,0.0,0.0,,,
16.0,,,,25204,MWII,Monterey Wharf,36.603683,-121.889275,2025-07-23 14:21:00+00:00,1100.0,4400.0,4600.0,0.0,47400.0,2164000.0,2100.0,7500.0,600.0,0.0,,,
17.4,,,,25211,MWII,Monterey Wharf,36.603683,-121.889275,2025-07-30 14:27:00+00:00,200.0,200.0,2500.0,200.0,21200.0,572000.0,7400.0,1900.0,0.0,0.0,,,
15.5,,,,25218,MWII,Monterey Wharf,36.603683,-121.889275,2025-08-06 14:38:00+00:00,800.0,2600.0,1000.0,0.0,14500.0,133100.0,34900.0,1100.0,1400.0,0.0,,,
15.4,,,,25225,MWII,Monterey Wharf,36.603683,-121.889275,2025-08-13 14:33:00+00:00,300.0,5400.0,2200.0,0.0,23500.0,413200.0,57500.0,900.0,400.0,0.0,,,
16.0,,,,25232,MWII,Monterey Wharf,36.603683,-121.889275,2025-08-20 14:35:00+00:00,0.0,2400.0,100.0,0.0,19000.0,73400.0,28300.0,0.0,0.0,0.0,,,
14.0,,,,25239,MWII,Monterey Wharf,36.603683,-121.889275,2025-08-27 14:36:00+00:00,0.0,800.0,100.0,0.0,4700.0,17900.0,27100.0,0.0,0.0,0.0,,,
15.0,,,,25246,MWII,Monterey Wharf,36.603683,-121.889275,2025-09-03 14:20:00+00:00,,,,,,,,,,,,,
16.8,,,,25253,MWII,Monterey Wharf,36.603683,-121.889275,2025-09-10 14:40:00+00:00,,,,,,,,,,,,,
17.5,,,,25260,MWII,Monterey Wharf,36.603683,-121.889275,2025-09-17 14:45:00+00:00,,,,,,,,,,,,,
17.0,,,,25267,MWII,Monterey Wharf,36.603683,-121.889275,2025-09-24 18:38:00+00:00,,,,,,,,,,,,,
17.0,,,,25274,MWII,Monterey Wharf,36.603683,-121.889275,2025-10-01 14:22:00+00:00,,,,,,,,,,,,,
15.5,,,,25281,MWII,Monterey Wharf,36.603683,-121.889275,2025-10-08 15:03:00+00:00,,,,,,,,,,,,,
15.8,,,,25288,MWII,Monterey Wharf,36.603683,-121.889275,2025-10-15 14:51:00+00:00,,,,,,,,,,,,,
15.1,,,,25295,MWII,Monterey Wharf,36.603683,-121.889275,2025-10-22 16:17:00+00:00,,,,,,,,,,,,,
16.0,,,,25302,MWII,Monterey Wharf,36.603683,-121.889275,2025-10-29 17:00:00+00:00,,,,,,,,,,,,,
12.8,,,,25309,MWII,Monterey Wharf,36.603683,-121.889275,2025-11-05 15:35:00+00:00,,,,,,,,,,,,,
14.0,,,,25316,MWII,Monterey Wharf,36.603683,-121.889275,2025-11-12 16:26:00+00:00,,,,,,,,,,,,,
14.0,,,,25323,MWII,Monterey Wharf,36.603683,-121.889275,2025-11-19 16:25:00+00:00,,,,,,,,,,,,,
13.2,,,,25337,MWII,Monterey Wharf,36.603683,-121.889275,2025-12-03 16:20:00+00:00,,,,,,,,,,,,,
13.2,,,,25344,MWII,Monterey Wharf,36.603683,-121.889275,2025-12-10 16:20:00+00:00,,,,,,,,,,,,,
15.0,,,,25351,MWII,Monterey Wharf,36.603683,-121.889275,2025-12-17 16:03:00+00:00,,,,,,,,,,,,,
14.0,,,,25364,MWII,Monterey Wharf,36.603683,-121.889275,2025-12-30 16:44:00+00:00,,,,,,,,,,,,,
14.2,,,,25007,MWII,Monterey Wharf,36.603683,-121.889275,2026-01-07 16:47:00+00:00,,,,,,,,,,,,,
13.5,,,,25014,MWII,Monterey Wharf,36.603683,-121.889275,2026-01-14 16:50:00+00:00,,,,,,,,,,,,,
13.8,,,,26021,MWII,Monterey Wharf,36.603683,-121.889275,2026-01-21 17:41:00+00:00,,,,,,,,,,,,,
13.8,,,,26027,MWII,Monterey Wharf,36.603683,-121.889275,2026-01-27 16:18:00+00:00,,,,,,,,,,,,,
14.3,0.68,0.9,0.79,MBB240311,MBB,Morro Bay Back Bay,35.32999,-120.844475,2024-03-11 18:25:00+00:00,0.0,0.0,0.0,0.0,0.0,0.0,0.0,0.0,0.0,0.0,13326.918,0.0,13326.918
13.7,2.17,2.13,2.15,MBB240318,MBB,Morro Bay Back Bay,35.32999,-120.844475,2024-03-18 14:00:00+00:00,0.0,0.0,0.0,0.0,0.0,0.0,0.0,0.0,0.0,0.0,43179.215,2132.307,47443.83
15.1,3.49,3.18,3.335,MBB240325,MBB,Morro Bay Back Bay,35.32999,-120.844475,2024-03-25 18:07:00+00:00,0.0,0.0,0.0,0.0,0.0,0.0,0.0,0.0,0.0,0.0,11727.6875,533.0767,12260.765
14.9,0.91,1.01,0.96,MBB240403,MBB,Morro Bay Back Bay,35.32999,-120.844475,2024-04-03 13:45:00+00:00,0.0,0.0,0.0,0.0,533.0767,1066.1534,0.0,0.0,0.0,0.0,9595.381,2665.3835,13859.995
14.039,1.4,1.36,1.38,MBB240408,MBB,Morro Bay Back Bay,35.32999,-120.844475,2024-04-08 16:50:00+00:00,0.0,0.0,0.0,0.0,533.0767,0.0,0.0,0.0,0.0,0.0,5330.767,1066.1534,7463.074
13.6,0.71,0.7,0.705,MBB240416,MBB,Morro Bay Back Bay,35.32999,-120.844475,2024-04-16 13:25:00+00:00,0.0,0.0,0.0,0.0,0.0,0.0,0.0,0.0,0.0,0.0,4797.6904,0.0,4797.6904
16.3,2.37,2.42,2.395,MBB240422,MBB,Morro Bay Back Bay,35.32999,-120.844475,2024-04-22 17:20:00+00:00,0.0,0.0,0.0,0.0,0.0,0.0,0.0,533.0767,0.0,0.0,18657.686,533.0767,19723.838
18.5,3.18,3.35,3.265,MBB240430,MBB,Morro Bay Back Bay,35.32999,-120.844475,2024-05-01 01:25:00+00:00,0.0,0.0,0.0,0.0,0.0,0.0,0.0,0.0,0.0,533.0767,78895.35,533.0767,79961.51
14.8,2.21,2.28,2.245,MBB240506,MBB,Morro Bay Back Bay,35.32999,-120.844475,2024-05-06 17:05:00+00:00,0.0,0.0,0.0,0.0,0.0,0.0,0.0,0.0,0.0,1066.1534,33583.832,1066.1534,35716.14
16.6,3.97,4.1,4.04,MBB240513,MBB,Morro Bay Back Bay,35.32999,-120.844475,2024-05-14 00:35:00+00:00,0.0,0.0,0.0,0.0,0.0,0.0,0.0,0.0,0.0,1066.1534,6396.921,0.0,7463.074
15.1,2.16,2.17,2.16,MBB240520,MBB,Morro Bay Back Bay,35.32999,-120.844475,2024-05-20 17:00:00+00:00,0.0,0.0,0.0,0.0,0.0,0.0,0.0,0.0,0.0,0.0,6396.921,1066.1534,7463.074
19.7,5.67,5.61,5.64,MBB240528,MBB,Morro Bay Back Bay,35.32999,-120.844475,2024-05-28 23:52:00+00:00,0.0,0.0,0.0,0.0,0.0,0.0,0.0,0.0,0.0,1066.1534,11194.611,0.0,12260.765
17.1,1.48,1.53,1.505,MBB240603,MBB,Morro Bay Back Bay,35.32999,-120.844475,2024-06-03 16:20:00+00:00,0.0,0.0,0.0,0.0,0.0,0.0,0.0,0.0,0.0,0.0,4797.6904,1599.2302,6396.921
17.6,3.78,3.89,3.835,MBB240610,MBB,Morro Bay Back Bay,35.32999,-120.844475,2024-06-10 23:35:00+00:00,0.0,0.0,0.0,0.0,0.0,0.0,0.0,0.0,0.0,0.0,30918.45,0.0,30918.45
16.6,4.38,4.79,4.585,MBB240617,MBB,Morro Bay Back Bay,35.32999,-120.844475,2024-06-17 14:50:00+00:00,0.0,0.0,0.0,0.0,0.0,0.0,0.0,0.0,0.0,0.0,7463.074,0.0,7463.074
22.1,6.06,6.23,6.145,MBB240624,MBB,Morro Bay Back Bay,35.32999,-120.844475,2024-06-24 21:35:00+00:00,0.0,0.0,0.0,0.0,0.0,0.0,0.0,0.0,0.0,0.0,12793.842,533.0767,13326.918
17.7,3.08,3.01,3.045,MBB240701,MBB,Morro Bay Back Bay,35.32999,-120.844475,2024-07-01 15:25:00+00:00,0.0,0.0,0.0,0.0,0.0,0.0,0.0,0.0,0.0,533.0767,6396.921,0.0,6929.9976
19.3,4.38,4.37,4.375,MBB240708,MBB,Morro Bay Back Bay,35.32999,-120.844475,2024-07-08 21:10:00+00:00,0.0,0.0,0.0,0.0,0.0,1599.2302,0.0,0.0,0.0,0.0,7996.151,2132.307,11727.6875
18.8,8.05,7.61,7.83,MBB240715,MBB,Morro Bay Back Bay,35.32999,-120.844475,2024-07-15 14:35:00+00:00,0.0,0.0,0.0,0.0,0.0,0.0,0.0,0.0,0.0,0.0,5863.8438,533.0767,6396.921
14.4,5.43,5.32,5.37,MBB240722,MBB,Morro Bay Back Bay,35.32999,-120.844475,2024-07-22 20:05:00+00:00,0.0,0.0,0.0,0.0,533.0767,0.0,0.0,0.0,0.0,533.0767,5863.8438,2132.307,9062.305
20.4,5.86,6.93,6.4,MBB240729,MBB,Morro Bay Back Bay,35.32999,-120.844475,2024-07-30 01:05:00+00:00,0.0,0.0,0.0,0.0,0.0,0.0,0.0,0.0,0.0,0.0,3731.537,0.0,3731.537
18.7,4.56,4.14,4.35,MBB240805,MBB,Morro Bay Back Bay,35.32999,-120.844475,2024-08-05 19:48:00+00:00,0.0,0.0,0.0,0.0,0.0,0.0,2132.307,0.0,0.0,0.0,7463.074,0.0,9595.381
20.1,6.06,6.28,6.17,MBB240812,MBB,Morro Bay Back Bay,35.32999,-120.844475,2024-08-12 23:20:00+00:00,0.0,0.0,0.0,0.0,1066.1534,0.0,0.0,0.0,0.0,0.0,3731.537,1599.2302,6396.921
20.0,6.31,5.83,6.07,MBB240819,MBB,Morro Bay Back Bay,35.32999,-120.844475,2024-08-19 18:47:00+00:00,2665.3835,0.0,0.0,0.0,0.0,0.0,0.0,0.0,0.0,0.0,7996.151,0.0,10661.534
21.8,13.16,14.0,13.58,MBB240826,MBB,Morro Bay Back Bay,35.32999,-120.844475,2024-08-26 23:25:00+00:00,10661.534,533.0767,0.0,0.0,4797.6904,0.0,0.0,533.0767,0.0,533.0767,4797.6904,5330.767,27186.912
19.6,7.0,5.88,6.44,MBB240902,MBB,Morro Bay Back Bay,35.32999,-120.844475,2024-09-02 18:29:00+00:00,2132.307,0.0,0.0,0.0,533.0767,0.0,0.0,0.0,0.0,0.0,9595.381,1599.2302,13859.995
22.0,5.37,5.95,5.66,MBB240910,MBB,Morro Bay Back Bay,35.32999,-120.844475,2024-09-10 22:20:00+00:00,5863.8438,1066.1534,0.0,0.0,42113.062,0.0,0.0,0.0,0.0,1599.2302,5863.8438,18657.686,75163.82
17.5,5.99,6.02,6.005,MBB240916,MBB,Morro Bay Back Bay,35.32999,-120.844475,2024-09-16 17:31:00+00:00,0.0,0.0,0.0,0.0,3731.537,0.0,0.0,0.0,0.0,0.0,12260.765,2132.307,18124.61
19.3,5.11,5.02,5.07,MBB240924,MBB,Morro Bay Back Bay,35.32999,-120.844475,2024-09-24 21:25:00+00:00,533.0767,0.0,0.0,0.0,5330.767,0.0,0.0,0.0,0.0,1599.2302,2665.3835,1066.1534,11727.6875
18.0,7.36,8.54,7.95,MBB241001,MBB,Morro Bay Back Bay,35.32999,-120.844475,2024-10-01 17:00:00+00:00,6929.9976,2132.307,0.0,0.0,1066.1534,0.0,0.0,1066.1534,0.0,0.0,4264.614,7463.074,22922.299
19.8,4.2,3.88,4.04,MBB241007,MBB,Morro Bay Back Bay,35.32999,-120.844475,2024-10-07 19:30:00+00:00,6396.921,0.0,0.0,0.0,16525.379,2665.3835,0.0,1066.1534,0.0,3731.537,2665.3835,9062.305,42646.137
17.6,14.56,12.88,13.72,MBB241014,MBB,Morro Bay Back Bay,35.32999,-120.844475,2024-10-14 15:30:00+00:00,32517.68,2132.307,0.0,0.0,9062.305,0.0,1066.1534,1599.2302,0.0,0.0,12260.765,14926.148,73564.586
17.2,1.72,1.88,1.8,MBB241021,MBB,Morro Bay Back Bay,35.32999,-120.844475,2024-10-21 20:24:00+00:00,533.0767,0.0,0.0,0.0,2132.307,0.0,0.0,0.0,0.0,533.0767,4264.614,533.0767,7996.151
14.0,2.715,2.56,2.6375,MBB241028,MBB,Morro Bay Back Bay,35.32999,-120.844475,2024-10-28 15:30:00+00:00,3198.4604,0.0,1066.1534,533.0767,5330.767,0.0,0.0,0.0,0.0,0.0,3731.537,4264.614,18124.61
14.5,1.987,1.777,1.882,MBB241104,MBB,Morro Bay Back Bay,35.32999,-120.844475,2024-11-04 18:35:00+00:00,0.0,0.0,0.0,0.0,2132.307,0.0,0.0,0.0,0.0,0.0,6929.9976,1599.2302,11194.611
,2.0,1.89,1.95,MBB241111,MBB,Morro Bay Back Bay,35.32999,-120.844475,2024-11-12 03:02:00+00:00,0.0,0.0,0.0,0.0,0.0,0.0,3198.4604,0.0,0.0,0.0,10128.458,533.0767,13859.995
12.3,1.95,2.34,2.14,MBB241118,MBB,Morro Bay Back Bay,35.32999,-120.844475,2024-11-18 19:00:00+00:00,533.0767,533.0767,0.0,0.0,1599.2302,0.0,0.0,0.0,0.0,533.0767,11727.6875,1599.2302,16525.379
13.8,2.73,2.97,2.85,MBB241125,MBB,Morro Bay Back Bay,35.32999,-120.844475,2024-11-26 02:50:00+00:00,0.0,0.0,0.0,0.0,0.0,0.0,1066.1534,0.0,0.0,0.0,6396.921,2132.307,9595.381
12.9,1.25,1.43,1.34,MBB241203,MBB,Morro Bay Back Bay,35.32999,-120.844475,2024-12-03 17:30:00+00:00,0.0,0.0,0.0,0.0,533.0767,0.0,0.0,0.0,0.0,1066.1534,4797.6904,2665.3835,9595.381
14.4,3.46,3.5,3.48,MBB241209,MBB,Morro Bay Back Bay,35.32999,-120.844475,2024-12-10 00:12:00+00:00,0.0,0.0,0.0,0.0,1066.1534,0.0,0.0,0.0,0.0,0.0,5330.767,1066.1534,7463.074
12.1,0.67,0.78,0.73,MBB241216,MBB,Morro Bay Back Bay,35.32999,-120.844475,2024-12-16 17:52:00+00:00,0.0,0.0,0.0,0.0,0.0,0.0,0.0,0.0,0.0,0.0,8529.228,0.0,8529.228
15.3,3.54,3.77,3.65,MBB241223,MBB,Morro Bay Back Bay,35.32999,-120.844475,2024-12-24 00:45:00+00:00,0.0,0.0,0.0,0.0,0.0,0.0,0.0,0.0,0.0,0.0,6396.921,3198.4604,9595.381
12.3,3.3,2.34,2.82,MBB241230,MBB,Morro Bay Back Bay,35.32999,-120.844475,2024-12-30 16:50:00+00:00,0.0,0.0,0.0,0.0,0.0,0.0,0.0,0.0,0.0,0.0,13859.995,0.0,13859.995
14.6,2.8552697,2.4773662,2.666318,MBB250106,MBB,Morro Bay Back Bay,35.32999,-120.844475,2025-01-06 23:01:00+00:00,,,,,,,,,,,,,
10.4,1.0497315,1.1197135,1.0847225,MBB250114,MBB,Morro Bay Back Bay,35.32999,-120.844475,2025-01-14 19:05:00+00:00,0.0,0.0,0.0,0.0,0.0,0.0,0.0,0.0,0.0,0.0,10128.458,0.0,10128.458
14.1,,,,MBB250121,MBB,Morro Bay Back Bay,35.32999,-120.844475,2025-01-22 00:11:00+00:00,0.0,0.0,0.0,0.0,0.0,0.0,1599.2302,0.0,0.0,0.0,10661.534,3731.537,15992.302
11.1,1.92,2.23,2.07,MBB250130,MBB,Morro Bay Back Bay,35.32999,-120.844475,2025-01-30 19:45:00+00:00,0.0,0.0,0.0,0.0,0.0,0.0,8529.228,0.0,0.0,0.0,4797.6904,0.0,13326.918
17.7,3.86,2.86,3.36,MBB250205,MBB,Morro Bay Back Bay,35.32999,-120.844475,2025-02-05 23:30:00+00:00,0.0,0.0,0.0,0.0,533.0767,0.0,0.0,0.0,0.0,0.0,1599.2302,0.0,2132.307
11.3,0.91,0.98,0.94,MBB250211,MBB,Morro Bay Back Bay,35.32999,-120.844475,2025-02-11 18:00:00+00:00,533.0767,0.0,0.0,0.0,533.0767,1066.1534,0.0,0.0,0.0,0.0,14393.071,1066.1534,17591.531
13.07,4.28,4.65,4.465,MBB250217,MBB,Morro Bay Back Bay,35.32999,-120.844475,2025-02-17 20:37:00+00:00,1066.1534,0.0,0.0,0.0,0.0,0.0,0.0,0.0,0.0,0.0,4797.6904,2665.3835,8529.228
,1.41,1.48,1.445,MBB250225,MBB,Morro Bay Back Bay,35.32999,-120.844475,2025-02-25 17:00:00+00:00,0.0,0.0,0.0,0.0,0.0,0.0,0.0,0.0,0.0,0.0,4797.6904,1599.2302,6396.921
16.4,3.49,3.91,3.7,MBB250304,MBB,Morro Bay Back Bay,35.32999,-120.844475,2025-03-04 22:11:00+00:00,0.0,0.0,0.0,0.0,0.0,0.0,0.0,0.0,0.0,0.0,4797.6904,1066.1534,5863.8438
14.3,1.5955919,1.5116134,1.5536026,MBB250311,MBB,Morro Bay Back Bay,35.32999,-120.844475,2025-03-11 17:08:00+00:00,0.0,0.0,0.0,0.0,0.0,0.0,0.0,0.0,0.0,0.0,9062.305,1066.1534,10128.458
14.2,8.4,8.64,8.52,MBB250317,MBB,Morro Bay Back Bay,35.32999,-120.844475,2025-03-17 19:45:00+00:00,0.0,0.0,0.0,0.0,0.0,0.0,0.0,0.0,0.0,0.0,20256.916,0.0,20256.916
14.1,5.15,5.05,5.1,MBB250325,MBB,Morro Bay Back Bay,35.32999,-120.844475,2025-03-25 16:41:00+00:00,0.0,0.0,0.0,0.0,0.0,0.0,0.0,0.0,0.0,0.0,10128.458,0.0,10128.458
16.8,2.8,2.16,2.48,MBB250331,MBB,Morro Bay Back Bay,35.32999,-120.844475,2025-03-31 20:18:00+00:00,0.0,0.0,0.0,0.0,0.0,0.0,0.0,0.0,0.0,0.0,13859.995,1599.2302,15459.225
15.6,3.91,4.65,4.28,MBB250408,MBB,Morro Bay Back Bay,35.32999,-120.844475,2025-04-08 16:18:00+00:00,0.0,0.0,0.0,0.0,0.0,0.0,0.0,0.0,0.0,0.0,4797.6904,1066.1534,5863.8438
15.5,2.65,2.9,2.775,MBB250415,MBB,Morro Bay Back Bay,35.32999,-120.844475,2025-04-15 21:10:00+00:00,0.0,0.0,0.0,0.0,0.0,0.0,0.0,0.0,0.0,0.0,29319.22,1599.2302,30918.45
17.4,11.06,11.45,11.255,MBB250422,MBB,Morro Bay Back Bay,35.32999,-120.844475,2025-04-23 01:40:00+00:00,0.0,0.0,0.0,0.0,0.0,0.0,0.0,0.0,0.0,0.0,8529.228,1066.1534,9595.381
17.1,4.03,3.821,3.9255,MBB250429,MBB,Morro Bay Back Bay,35.32999,-120.844475,2025-04-29 20:20:00+00:00,0.0,0.0,0.0,0.0,0.0,0.0,0.0,0.0,0.0,0.0,17058.455,533.0767,17591.531
14.9,2.59,3.35,2.97,MBB250506,MBB,Morro Bay Back Bay,35.32999,-120.844475,2025-05-07 02:44:00+00:00,0.0,0.0,0.0,0.0,0.0,0.0,0.0,0.0,0.0,0.0,11727.6875,533.0767,12260.765
20.5,8.45,8.73,8.59,MBB250513,MBB,Morro Bay Back Bay,35.32999,-120.844475,2025-05-13 20:22:00+00:00,0.0,0.0,0.0,0.0,0.0,1599.2302,0.0,0.0,0.0,0.0,10661.534,1599.2302,13859.995
18.5,14.27,12.74,13.505,MBB250519,MBB,Morro Bay Back Bay,35.32999,-120.844475,2025-05-20 01:15:00+00:00,0.0,0.0,0.0,0.0,0.0,0.0,6929.9976,0.0,0.0,0.0,19723.838,533.0767,27186.912
18.9,18.62,14.49,16.555,MBB250527,MBB,Morro Bay Back Bay,35.32999,-120.844475,2025-05-27 19:20:00+00:00,0.0,0.0,0.0,0.0,0.0,0.0,0.0,0.0,0.0,0.0,5863.8438,1066.1534,6929.9976
24.3,8.87,9.46,9.17,MBB250603,MBB,Morro Bay Back Bay,35.32999,-120.844475,2025-06-03 22:20:00+00:00,0.0,0.0,0.0,0.0,0.0,0.0,0.0,0.0,0.0,0.0,9062.305,0.0,9062.305
18.0,9.17,8.9,9.03,MBB250610,MBB,Morro Bay Back Bay,35.32999,-120.844475,2025-06-10 19:34:00+00:00,0.0,0.0,0.0,0.0,0.0,0.0,0.0,0.0,0.0,0.0,1599.2302,0.0,1599.2302
23.3,7.25,7.01,7.13,MBB250617,MBB,Morro Bay Back Bay,35.32999,-120.844475,2025-06-17 23:30:00+00:00,0.0,0.0,0.0,0.0,0.0,0.0,0.0,0.0,0.0,0.0,3198.4604,533.0767,3731.537
17.3,8.44,8.96,8.7,MBB250623,MBB,Morro Bay Back Bay,35.32999,-120.844475,2025-06-23 17:50:00+00:00,0.0,0.0,533.0767,0.0,0.0,0.0,0.0,0.0,0.0,0.0,12260.765,0.0,12793.842
19.9,27.99,27.99,27.99,MBB250701,MBB,Morro Bay Back Bay,35.32999,-120.844475,2025-07-01 23:00:00+00:00,0.0,0.0,0.0,0.0,0.0,0.0,0.0,0.0,0.0,0.0,3731.537,4264.614,8529.228
19.0,5.77,6.0,5.89,MBB250708,MBB,Morro Bay Back Bay,35.32999,-120.844475,2025-07-08 17:45:00+00:00,0.0,0.0,0.0,0.0,1066.1534,0.0,0.0,0.0,0.0,0.0,5863.8438,2665.3835,9595.381
20.2,4.03,5.33,4.68,MBB250715,MBB,Morro Bay Back Bay,35.32999,-120.844475,2025-07-15 22:38:00+00:00,0.0,0.0,0.0,0.0,0.0,0.0,0.0,0.0,0.0,0.0,14926.148,533.0767,15459.225
18.2,8.51,8.52,8.52,MBB250722,MBB,Morro Bay Back Bay,35.32999,-120.844475,2025-07-22 17:00:00+00:00,0.0,0.0,533.0767,0.0,0.0,0.0,0.0,0.0,0.0,0.0,11194.611,3731.537,15459.225
20.0,4.98,4.63,4.81,MBB250729,MBB,Morro Bay Back Bay,35.32999,-120.844475,2025-07-29 22:40:00+00:00,0.0,0.0,0.0,0.0,0.0,6396.921,2132.307,533.0767,0.0,0.0,15992.302,5863.8438,31451.527
19.5,4.44,4.38,4.41,MBB250805,MBB,Morro Bay Back Bay,35.32999,-120.844475,2025-08-05 17:23:00+00:00,0.0,0.0,0.0,0.0,0.0,0.0,0.0,0.0,0.0,0.0,6929.9976,1066.1534,7996.151
12.4,1.9,1.47,1.685,MBF240311,MBF,Morro Bay Front Bay,35.370853,-120.858734,2024-03-11 17:40:00+00:00,0.0,0.0,0.0,0.0,1066.1534,0.0,0.0,0.0,0.0,0.0,69833.055,2132.307,73031.51
12.4,2.95,2.93,2.94,MBF240318,MBF,Morro Bay Front Bay,35.370853,-120.858734,2024-03-18 13:30:00+00:00,0.0,0.0,0.0,0.0,3198.4604,29319.22,19723.838,0.0,0.0,0.0,166319.94,4797.6904,224958.38
12.3,3.29,3.44,3.365,MBF240325,MBF,Morro Bay Front Bay,35.370853,-120.858734,2024-03-25 18:50:00+00:00,0.0,0.0,0.0,0.0,0.0,4797.6904,17591.531,0.0,0.0,0.0,232421.45,3731.537,258542.22
13.1,1.25,1.83,1.54,MBF240403,MBF,Morro Bay Front Bay,35.370853,-120.858734,2024-04-03 13:00:00+00:00,0.0,0.0,0.0,0.0,0.0,1066.1534,0.0,0.0,0.0,0.0,1599.2302,533.0767,3198.4604
12.1,1.41,1.34,1.375,MBF240408,MBF,Morro Bay Front Bay,35.370853,-120.858734,2024-04-08 16:40:00+00:00,0.0,0.0,0.0,0.0,0.0,0.0,0.0,0.0,0.0,0.0,4264.614,533.0767,4797.6904
11.4,1.67,1.57,1.62,MBF240416,MBF,Morro Bay Front Bay,35.370853,-120.858734,2024-04-16 12:50:00+00:00,0.0,0.0,0.0,0.0,0.0,0.0,0.0,0.0,0.0,533.0767,4264.614,1599.2302,6396.921
11.9,1.27,1.25,1.26,MBF240422,MBF,Morro Bay Front Bay,35.370853,-120.858734,2024-04-22 16:50:00+00:00,0.0,0.0,0.0,0.0,0.0,0.0,11727.6875,0.0,0.0,0.0,7996.151,18657.686,38381.523
11.8,1.65,1.51,1.58,MBF240430,MBF,Morro Bay Front Bay,35.370853,-120.858734,2024-05-01 00:55:00+00:00,0.0,0.0,0.0,0.0,0.0,0.0,0.0,0.0,0.0,0.0,39447.676,533.0767,39980.754
10.9,3.88,4.18,4.03,MBF240506,MBF,Morro Bay Front Bay,35.370853,-120.858734,2024-05-06 16:35:00+00:00,0.0,0.0,0.0,0.0,0.0,11727.6875,0.0,0.0,0.0,1066.1534,124206.875,533.0767,137533.8
12.1,12.6,14.0,13.3,MBF240513,MBF,Morro Bay Front Bay,35.370853,-120.858734,2024-05-14 00:00:00+00:00,0.0,0.0,0.0,0.0,0.0,10128.458,50642.29,0.0,0.0,1599.2302,2077933.1,1599.2302,2142435.2
12.0,5.02,6.56,5.79,MBF240520,MBF,Morro Bay Front Bay,35.370853,-120.858734,2024-05-20 16:18:00+00:00,0.0,0.0,0.0,1066.1534,533.0767,10128.458,85825.35,0.0,0.0,533.0767,288927.6,8529.228,395542.94
13.0,5.63,5.67,5.65,MBF240528,MBF,Morro Bay Front Bay,35.370853,-120.858734,2024-05-28 23:18:00+00:00,0.0,2132.307,0.0,0.0,0.0,6929.9976,0.0,0.0,0.0,2132.307,182845.31,31451.527,225491.45
12.3,8.82,9.52,9.17,MBF240603,MBF,Morro Bay Front Bay,35.370853,-120.858734,2024-06-03 15:48:00+00:00,0.0,0.0,0.0,0.0,533.0767,43179.215,17591.531,533.0767,0.0,1066.1534,625299.0,1066.1534,689268.2
13.9,9.66,9.38,9.52,MBF240610,MBF,Morro Bay Front Bay,35.370853,-120.858734,2024-06-10 22:52:00+00:00,0.0,0.0,1066.1534,0.0,1599.2302,2132.307,2665.3835,0.0,0.0,1066.1534,589582.9,5330.767,604509.0
12.0,3.75,4.14,3.945,MBF240617,MBF,Morro Bay Front Bay,35.370853,-120.858734,2024-06-17 15:30:00+00:00,0.0,0.0,0.0,0.0,0.0,0.0,0.0,0.0,0.0,0.0,294791.44,0.0,294791.44
14.6,17.78,18.83,18.305,MBF240624,MBF,Morro Bay Front Bay,35.370853,-120.858734,2024-06-24 20:43:00+00:00,0.0,0.0,0.0,0.0,0.0,27719.99,59704.594,0.0,0.0,3198.4604,859319.7,1066.1534,951008.9
12.2,6.75,6.27,6.51,MBF240701,MBF,Morro Bay Front Bay,35.370853,-120.858734,2024-07-01 14:53:00+00:00,0.0,0.0,0.0,0.0,533.0767,27719.99,14393.071,0.0,0.0,0.0,452049.06,1066.1534,495761.34
13.7,20.99,18.34,19.665,MBF240708,MBF,Morro Bay Front Bay,35.370853,-120.858734,2024-07-08 20:25:00+00:00,0.0,0.0,0.0,0.0,0.0,19190.762,17058.455,0.0,0.0,1066.1534,1267656.5,2665.3835,1307637.2
13.8,3.3,3.72,3.51,MBF240715,MBF,Morro Bay Front Bay,35.370853,-120.858734,2024-07-15 13:40:00+00:00,1066.1534,4264.614,0.0,0.0,9062.305,0.0,6929.9976,533.0767,0.0,1599.2302,68233.82,34116.91,125806.11
14.3,3.57,3.79,3.68,MBF240722,MBF,Morro Bay Front Bay,35.370853,-120.858734,2024-07-22 19:33:00+00:00,0.0,0.0,0.0,0.0,0.0,0.0,19723.838,0.0,0.0,533.0767,60237.67,5863.8438,86358.43
14.7,5.29,6.47,5.88,MBF240729,MBF,Morro Bay Front Bay,35.370853,-120.858734,2024-07-30 00:45:00+00:00,0.0,0.0,0.0,0.0,7463.074,9595.381,68233.82,0.0,0.0,0.0,95953.81,15459.225,197238.39
13.5,5.77,7.44,6.605,MBF240805,MBF,Morro Bay Front Bay,35.370853,-120.858734,2024-08-05 19:14:00+00:00,2665.3835,0.0,533.0767,0.0,4264.614,0.0,58638.44,0.0,0.0,0.0,99685.35,5863.8438,173783.02
13.8,9.78,10.85,10.315,MBF240812,MBF,Morro Bay Front Bay,35.370853,-120.858734,2024-08-12 22:40:00+00:00,19723.838,4797.6904,533.0767,0.0,10661.534,0.0,9595.381,0.0,0.0,9062.305,146063.02,22389.223,223892.22
14.1,8.94,11.11,10.025,MBF240819,MBF,Morro Bay Front Bay,35.370853,-120.858734,2024-08-19 18:05:00+00:00,24521.53,1066.1534,533.0767,0.0,15992.302,41046.906,14393.071,533.0767,2132.307,8529.228,466975.22,17591.531,594380.56
15.6,17.64,17.64,17.64,MBF240826,MBF,Morro Bay Front Bay,35.370853,-120.858734,2024-08-26 22:42:00+00:00,43179.215,18657.686,1066.1534,0.0,23455.375,67700.74,0.0,1599.2302,0.0,0.0,256942.98,21323.068,435523.7
15.5,30.44,30.51,30.475,MBF240902,MBF,Morro Bay Front Bay,35.370853,-120.858734,2024-09-02 17:57:00+00:00,41046.906,55439.98,1066.1534,533.0767,51175.367,7463.074,533.0767,0.0,0.0,10128.458,17591.531,175915.31,363025.25
15.5,3.02,2.81,2.92,MBF240910,MBF,Morro Bay Front Bay,35.370853,-120.858734,2024-09-10 21:35:00+00:00,1066.1534,0.0,0.0,0.0,5330.767,10661.534,19190.762,0.0,0.0,0.0,56506.133,4797.6904,97553.04
15.1,8.82,8.84,8.83,MBF240916,MBF,Morro Bay Front Bay,35.370853,-120.858734,2024-09-16 16:45:00+00:00,1066.1534,0.0,0.0,0.0,13326.918,25587.684,144996.88,0.0,0.0,1599.2302,47976.906,22922.299,257476.06
15.2,22.6,22.04,22.32,MBF240924,MBF,Morro Bay Front Bay,35.370853,-120.858734,2024-09-24 20:50:00+00:00,40513.832,2132.307,0.0,0.0,9595.381,2665.3835,0.0,4797.6904,0.0,6929.9976,4264.614,47976.906,119409.19
15.0,24.84,24.07,24.46,MBF241001,MBF,Morro Bay Front Bay,35.370853,-120.858734,2024-10-01 16:20:00+00:00,76229.97,533.0767,2132.307,0.0,45844.598,0.0,1066.1534,11727.6875,2132.307,38914.6,20789.992,117276.88,317180.66
16.5,21.9,22.6,22.25,MBF241007,MBF,Morro Bay Front Bay,35.370853,-120.858734,2024-10-07 18:50:00+00:00,28253.066,0.0,1599.2302,533.0767,58105.363,3731.537,2132.307,18657.686,5330.767,0.0,13326.918,71965.36,204168.39
15.3,15.82,21.97,18.9,MBF241014,MBF,Morro Bay Front Bay,35.370853,-120.858734,2024-10-14 15:00:00+00:00,39980.754,1599.2302,3731.537,1599.2302,33050.758,0.0,0.0,6929.9976,4264.614,12793.842,15459.225,43179.215,163654.56
15.2,4.78,4.98,4.88,MBF241021,MBF,Morro Bay Front Bay,35.370853,-120.858734,2024-10-21 19:52:00+00:00,12260.765,0.0,1066.1534,1599.2302,11194.611,0.0,0.0,1066.1534,4264.614,0.0,9595.381,16525.379,57572.285
14.1,3.512,3.53,3.521,MBF241028,MBF,Morro Bay Front Bay,35.370853,-120.858734,2024-10-28 15:00:00+00:00,3198.4604,0.0,1599.2302,1066.1534,7463.074,5863.8438,9595.381,0.0,4264.614,1066.1534,31984.604,17591.531,83693.05
12.7,1.806,1.89,1.848,MBF241104,MBF,Morro Bay Front Bay,35.370853,-120.858734,2024-11-04 18:00:00+00:00,0.0,0.0,0.0,0.0,1599.2302,1599.2302,1599.2302,0.0,0.0,0.0,29852.297,3731.537,38381.523
,3.39,3.3,3.35,MBF241111,MBF,Morro Bay Front Bay,35.370853,-120.858734,2024-11-12 02:30:00+00:00,1599.2302,1599.2302,1066.1534,1066.1534,10661.534,0.0,0.0,533.0767,0.0,1599.2302,50109.21,11727.6875,82093.81
12.2,1.64,1.86,1.75,MBF241118,MBF,Morro Bay Front Bay,35.370853,-120.858734,2024-11-18 18:20:00+00:00,1599.2302,0.0,533.0767,533.0767,6396.921,0.0,0.0,0.0,1066.1534,0.0,13859.995,3198.4604,27186.912
12.3,2.04,2.34,2.19,MBF241125,MBF,Morro Bay Front Bay,35.370853,-120.858734,2024-11-26 02:05:00+00:00,533.0767,0.0,1066.1534,2132.307,20256.916,0.0,1599.2302,533.0767,0.0,533.0767,3731.537,5863.8438,36249.22
12.7,3.16,3.36,3.26,MBF241203,MBF,Morro Bay Front Bay,35.370853,-120.858734,2024-12-03 16:30:00+00:00,533.0767,0.0,0.0,4264.614,3731.537,0.0,0.0,6929.9976,0.0,0.0,36782.293,2132.307,54373.824
12.3,1.43,1.69,1.56,MBF241209,MBF,Morro Bay Front Bay,35.370853,-120.858734,2024-12-10 01:00:00+00:00,0.0,0.0,0.0,0.0,2132.307,0.0,0.0,2132.307,0.0,2132.307,22389.223,2665.3835,31451.527
12.0,0.6,0.55,0.57,MBF241216,MBF,Morro Bay Front Bay,35.370853,-120.858734,2024-12-16 17:11:00+00:00,0.0,0.0,0.0,0.0,0.0,2665.3835,0.0,0.0,0.0,0.0,10661.534,1066.1534,14393.071
13.1,1.23,1.27,1.25,MBF241223,MBF,Morro Bay Front Bay,35.370853,-120.858734,2024-12-24 00:05:00+00:00,0.0,0.0,0.0,0.0,0.0,0.0,2132.307,0.0,0.0,0.0,14393.071,0.0,16525.379
11.5,1.06,1.11,1.08,MBF241230,MBF,Morro Bay Front Bay,35.370853,-120.858734,2024-12-30 16:10:00+00:00,0.0,0.0,533.0767,0.0,0.0,0.0,0.0,0.0,0.0,0.0,17591.531,533.0767,18657.686
12.6,0.86777806,0.90976727,0.88877267,MBF250106,MBF,Morro Bay Front Bay,35.370853,-120.858734,2025-01-06 22:15:00+00:00,,,,,,,,,,,,,
11.6,2.5053592,2.729302,2.6173306,MBF250114,MBF,Morro Bay Front Bay,35.370853,-120.858734,2025-01-14 18:20:00+00:00,0.0,0.0,0.0,0.0,0.0,1599.2302,0.0,533.0767,0.0,0.0,52241.52,533.0767,54906.902
12.4,,,,MBF250121,MBF,Morro Bay Front Bay,35.370853,-120.858734,2025-01-21 23:22:00+00:00,2132.307,0.0,0.0,0.0,533.0767,0.0,1066.1534,0.0,0.0,0.0,14393.071,1066.1534,19190.762
12.1,1.95,3.22,2.58,MBF250130,MBF,Morro Bay Front Bay,35.370853,-120.858734,2025-01-30 18:40:00+00:00,0.0,0.0,533.0767,0.0,533.0767,0.0,0.0,0.0,0.0,0.0,12793.842,12260.765,26120.76
13.5,1.9,1.89,1.9,MBF250205,MBF,Morro Bay Front Bay,35.370853,-120.858734,2025-02-05 22:30:00+00:00,0.0,0.0,1066.1534,533.0767,2132.307,0.0,0.0,0.0,0.0,0.0,4797.6904,1599.2302,10128.458
11.9,1.41,1.69,1.55,MBF250211,MBF,Morro Bay Front Bay,35.370853,-120.858734,2025-02-11 16:45:00+00:00,1599.2302,0.0,0.0,0.0,1066.1534,0.0,0.0,533.0767,3731.537,0.0,18657.686,14393.071,39980.754
11.91,1.23,1.21,1.22,MBF250217,MBF,Morro Bay Front Bay,35.370853,-120.858734,2025-02-17 19:56:00+00:00,1066.1534,0.0,0.0,0.0,3198.4604,0.0,5330.767,0.0,0.0,0.0,10661.534,0.0,20256.916
,2.13,2.41,2.27,MBF250225,MBF,Morro Bay Front Bay,35.370853,-120.858734,2025-02-25 16:15:00+00:00,0.0,0.0,0.0,0.0,533.0767,0.0,0.0,533.0767,0.0,0.0,15992.302,533.0767,17591.531
12.8,1.52,1.75,1.635,MBF250304,MBF,Morro Bay Front Bay,35.370853,-120.858734,2025-03-04 21:14:00+00:00,0.0,0.0,0.0,0.0,0.0,0.0,0.0,0.0,0.0,0.0,5863.8438,1599.2302,7463.074
12.0,1.3436563,1.4556277,1.399642,MBF250311,MBF,Morro Bay Front Bay,35.370853,-120.858734,2025-03-11 16:00:00+00:00,0.0,0.0,0.0,0.0,0.0,1599.2302,1599.2302,0.0,0.0,0.0,11194.611,1066.1534,15459.225
12.7,1.32,1.4,1.36,MBF250317,MBF,Morro Bay Front Bay,35.370853,-120.858734,2025-03-17 19:00:00+00:00,0.0,0.0,0.0,0.0,0.0,2132.307,0.0,0.0,0.0,0.0,16525.379,0.0,18657.686
11.4,1.15,0.81,0.98,MBF250325,MBF,Morro Bay Front Bay,35.370853,-120.858734,2025-03-25 15:55:00+00:00,533.0767,0.0,0.0,0.0,0.0,0.0,0.0,0.0,0.0,0.0,4264.614,1066.1534,5863.8438
12.6,1.88,1.79,1.835,MBF250331,MBF,Morro Bay Front Bay,35.370853,-120.858734,2025-03-31 21:08:00+00:00,0.0,0.0,0.0,0.0,533.0767,0.0,0.0,0.0,0.0,0.0,23455.375,1066.1534,25054.605
11.4,2.67,2.46,2.565,MBF250408,MBF,Morro Bay Front Bay,35.370853,-120.858734,2025-04-08 15:28:00+00:00,0.0,0.0,0.0,0.0,0.0,0.0,0.0,0.0,0.0,0.0,26120.76,533.0767,26653.836
13.1,33.87,29.74,31.805,MBF250415,MBF,Morro Bay Front Bay,35.370853,-120.858734,2025-04-15 20:11:00+00:00,0.0,0.0,0.0,0.0,0.0,2132.307,5863.8438,0.0,0.0,0.0,937148.9,1599.2302,946744.25
12.1,7.08,7.22,7.15,MBF250422,MBF,Morro Bay Front Bay,35.370853,-120.858734,2025-04-23 02:15:00+00:00,0.0,0.0,0.0,0.0,0.0,4264.614,38914.6,0.0,0.0,533.0767,920623.5,1066.1534,965401.94
13.6,2.127,,2.127,MBF250429,MBF,Morro Bay Front Bay,35.370853,-120.858734,2025-04-29 19:25:00+00:00,0.0,0.0,0.0,0.0,0.0,0.0,6929.9976,0.0,0.0,0.0,330507.56,4797.6904,342768.34
12.0,3.89,3.78,3.835,MBF250506,MBF,Morro Bay Front Bay,35.370853,-120.858734,2025-05-07 01:55:00+00:00,0.0,0.0,0.0,0.0,0.0,0.0,1066.1534,0.0,0.0,0.0,251612.22,10661.534,264406.06
14.3,3.42,4.19,3.805,MBF250513,MBF,Morro Bay Front Bay,35.370853,-120.858734,2025-05-13 19:26:00+00:00,0.0,0.0,533.0767,0.0,0.0,0.0,1066.1534,0.0,0.0,0.0,30918.45,2665.3835,35183.062
12.9,13.72,14.27,13.995,MBF250519,MBF,Morro Bay Front Bay,35.370853,-120.858734,2025-05-20 00:30:00+00:00,0.0,0.0,0.0,0.0,0.0,0.0,533.0767,0.0,0.0,533.0767,52241.52,2665.3835,55973.055
12.1,15.39,16.8,16.095,MBF250527,MBF,Morro Bay Front Bay,35.370853,-120.858734,2025-05-27 18:25:00+00:00,0.0,0.0,0.0,0.0,0.0,0.0,7996.151,0.0,0.0,0.0,244149.14,2665.3835,254810.67
14.3,8.43,7.19,7.81,MBF250603,MBF,Morro Bay Front Bay,35.370853,-120.858734,2025-06-03 23:40:00+00:00,0.0,0.0,0.0,533.0767,0.0,4264.614,3198.4604,0.0,0.0,0.0,134335.33,3731.537,146063.02
13.6,1.15,1.06,1.11,MBF250610,MBF,Morro Bay Front Bay,35.370853,-120.858734,2025-06-10 18:30:00+00:00,0.0,0.0,1066.1534,0.0,0.0,0.0,0.0,0.0,0.0,0.0,27186.912,3198.4604,31451.527
13.0,2.93,2.77,2.85,MBF250617,MBF,Morro Bay Front Bay,35.370853,-120.858734,2025-06-17 22:42:00+00:00,0.0,0.0,533.0767,0.0,0.0,17058.455,11727.6875,0.0,0.0,0.0,30385.373,4264.614,65035.36
12.0,13.86,13.72,13.79,MBF250623,MBF,Morro Bay Front Bay,35.370853,-120.858734,2025-06-23 17:06:00+00:00,0.0,0.0,0.0,0.0,0.0,45311.523,65035.36,0.0,0.0,0.0,292659.12,4264.614,407270.62
13.7,5.16,5.37,5.27,MBF250701,MBF,Morro Bay Front Bay,35.370853,-120.858734,2025-07-01 23:36:00+00:00,0.0,0.0,533.0767,533.0767,3198.4604,0.0,0.0,533.0767,0.0,0.0,27186.912,13326.918,46910.75
13.5,1.51,1.65,1.58,MBF250708,MBF,Morro Bay Front Bay,35.370853,-120.858734,2025-07-08 17:05:00+00:00,0.0,0.0,533.0767,0.0,533.0767,0.0,0.0,1066.1534,0.0,0.0,3731.537,5863.8438,12260.765
14.7,7.43,4.14,5.79,MBF250715,MBF,Morro Bay Front Bay,35.370853,-120.858734,2025-07-15 21:47:00+00:00,6396.921,0.0,0.0,0.0,3731.537,0.0,0.0,3731.537,4797.6904,0.0,509621.34,15459.225,544804.44
14.4,6.68,2.49,4.58,MBF250722,MBF,Morro Bay Front Bay,35.370853,-120.858734,2025-07-22 16:25:00+00:00,2665.3835,0.0,2132.307,0.0,5863.8438,10661.534,3198.4604,3731.537,25054.605,0.0,151926.86,17591.531,224958.38
14.9,4.69,3.71,4.2,MBF250729,MBF,Morro Bay Front Bay,35.370853,-120.858734,2025-07-29 22:00:00+00:00,0.0,0.0,0.0,0.0,1066.1534,57572.285,0.0,1599.2302,0.0,0.0,158856.86,7996.151,227090.69
13.3,5.1,5.6,5.35,MBF250805,MBF,Morro Bay Front Bay,35.370853,-120.858734,2025-08-05 16:40:00+00:00,1066.1534,0.0,533.0767,0.0,533.0767,0.0,0.0,2132.307,0.0,0.0,54906.902,10661.534,69833.055
15.0,2.55,2.55,2.55,NP031924,NP,Newport Beach Pier,33.6061,-117.9311,2024-03-19 17:30:00+00:00,0.0,0.0,2599.0,7796.0,5198.0,5198.0,0.0,5198.0,0.0,0.0,233889.0,5198.0,265075.0
13.0,2.76,2.79,2.78,NP032624,NP,Newport Beach Pier,33.6061,-117.9311,2024-03-26 17:30:00+00:00,0.0,0.0,2599.0,2599.0,7796.0,0.0,0.0,18191.0,0.0,0.0,57173.0,7796.0,98753.0
14.0,4.88,4.9,4.89,NP040124,NP,Newport Beach Pier,33.6061,-117.9311,2024-04-01 17:30:00+00:00,0.0,0.0,0.0,12994.0,10395.0,12994.0,23389.0,0.0,0.0,0.0,101352.0,18191.0,179315.0
14.0,5.75,5.65,5.7,NP040824,NP,Newport Beach Pier,33.6061,-117.9311,2024-04-08 17:30:00+00:00,0.0,0.0,7796.0,10395.0,54574.0,0.0,7796.0,2599.0,0.0,2599.0,33784.0,20790.0,140334.0
14.5,3.65,3.48,3.56,NP041524,NP,Newport Beach Pier,33.6061,-117.9311,2024-04-15 17:30:00+00:00,0.0,0.0,2599.0,2599.0,7796.0,5198.0,2599.0,0.0,0.0,0.0,111747.0,10395.0,142932.0
16.0,6.69,6.93,6.81,NP042224,NP,Newport Beach Pier,33.6061,-117.9311,2024-04-22 17:30:00+00:00,0.0,0.0,12994.0,20790.0,83161.0,2599.0,0.0,7796.0,5198.0,0.0,10395.0,38982.0,181914.0
16.0,10.54,10.48,10.51,NP042924,NP,Newport Beach Pier,33.6061,-117.9311,2024-04-29 17:30:00+00:00,20790.0,0.0,2599.0,5198.0,67568.0,25988.0,23389.0,10395.0,20790.0,28586.0,41580.0,122142.0,376822.0
14.0,4.65,4.68,4.66,NP050624,NP,Newport Beach Pier,33.6061,-117.9311,2024-05-06 18:00:00+00:00,7796.0,0.0,0.0,2599.0,41580.0,7796.0,5198.0,2599.0,5198.0,5198.0,12994.0,54574.0,148130.0
15.5,10.69,11.0,10.85,NP052024,NP,Newport Beach Pier,33.6061,-117.9311,2024-05-20 17:00:00+00:00,7796.0,12994.0,2599.0,0.0,5198.0,0.0,0.0,18191.0,64969.0,15593.0,51975.0,64969.0,254680.0
16.0,29.74,32.49,31.12,NP052824,NP,Newport Beach Pier,33.6061,-117.9311,2024-05-28 17:00:00+00:00,132537.0,15593.0,2599.0,0.0,18191.0,18191.0,0.0,5198.0,122142.0,18191.0,5198.0,70167.0,408007.0
17.0,33.18,32.51,32.85,NP060324,NP,Newport Beach Pier,33.6061,-117.9311,2024-06-03 17:00:00+00:00,194908.0,0.0,7796.0,5198.0,33784.0,0.0,0.0,18191.0,23389.0,0.0,2599.0,46778.0,332643.0
17.3,2.27,1.79,2.03,NP061024,NP,Newport Beach Pier,33.6061,-117.9311,2024-06-10 17:00:00+00:00,0.0,0.0,0.0,0.0,7796.0,0.0,0.0,0.0,0.0,0.0,5198.0,12994.0,25988.0
18.6,3.15,3.13,3.14,NP061724,NP,Newport Beach Pier,33.6061,-117.9311,2024-06-17 17:30:00+00:00,0.0,0.0,0.0,15593.0,2599.0,0.0,0.0,2599.0,0.0,0.0,20790.0,0.0,41580.0
19.0,3.55,3.46,3.51,NP062624,NP,Newport Beach Pier,33.6061,-117.9311,2024-06-26 17:30:00+00:00,7796.0,0.0,0.0,2599.0,7796.0,10395.0,0.0,0.0,0.0,0.0,2599.0,15593.0,46778.0
21.5,1.38,1.33,1.35,NP070824,NP,Newport Beach Pier,33.6061,-117.9311,2024-07-08 19:00:00+00:00,0.0,0.0,0.0,0.0,7796.0,0.0,0.0,0.0,0.0,0.0,18191.0,0.0,25988.0
18.5,3.41,3.35,3.38,NP071524,NP,Newport Beach Pier,33.6061,-117.9311,2024-07-15 17:30:00+00:00,2599.0,2599.0,0.0,12994.0,7796.0,0.0,0.0,2599.0,0.0,0.0,15593.0,15593.0,64969.0
19.5,5.11,5.38,5.25,NP072324,NP,Newport Beach Pier,33.6061,-117.9311,2024-07-23 17:30:00+00:00,18191.0,0.0,0.0,46778.0,10395.0,10395.0,7796.0,2599.0,0.0,0.0,18191.0,80562.0,197507.0
17.5,4.15,4.17,4.16,NP073024,NP,Newport Beach Pier,33.6061,-117.9311,2024-07-30 17:30:00+00:00,5198.0,0.0,0.0,41580.0,0.0,25988.0,0.0,2599.0,0.0,0.0,36383.0,62371.0,179315.0
17.0,3.95,3.85,3.9,NP080524,NP,Newport Beach Pier,33.6061,-117.9311,2024-08-05 17:30:00+00:00,0.0,0.0,0.0,15593.0,5198.0,0.0,0.0,5198.0,2599.0,0.0,59772.0,33784.0,124741.0
22.0,3.13,2.96,3.04,NP081224,NP,Newport Beach Pier,33.6061,-117.9311,2024-08-12 17:30:00+00:00,0.0,0.0,0.0,0.0,7796.0,28586.0,7796.0,0.0,0.0,0.0,111747.0,31185.0,194908.0
22.2,1.18,1.12,1.15,NP082024,NP,Newport Beach Pier,33.6061,-117.9311,2024-08-20 17:30:00+00:00,0.0,0.0,0.0,2599.0,0.0,0.0,0.0,0.0,0.0,0.0,23389.0,31185.0,57173.0
22.0,2.42,2.47,2.45,NP082724,NP,Newport Beach Pier,33.6061,-117.9311,2024-08-27 17:30:00+00:00,0.0,0.0,0.0,0.0,0.0,0.0,0.0,5198.0,0.0,0.0,25988.0,57173.0,88358.0
21.5,2.09,2.13,2.11,NP090324,NP,Newport Beach Pier,33.6061,-117.9311,2024-09-03 17:30:00+00:00,0.0,0.0,0.0,0.0,0.0,0.0,0.0,0.0,0.0,0.0,57173.0,20790.0,80562.0
20.0,0.53,0.53,0.53,NP090924,NP,Newport Beach Pier,33.6061,-117.9311,2024-09-09 17:30:00+00:00,0.0,0.0,0.0,2599.0,0.0,0.0,0.0,0.0,0.0,0.0,28586.0,12994.0,44179.0
19.6,2.08,2.08,2.08,NP091624,NP,Newport Beach Pier,33.6061,-117.9311,2024-09-16 17:30:00+00:00,0.0,0.0,0.0,7796.0,0.0,0.0,0.0,2599.0,0.0,0.0,10395.0,18191.0,44179.0
17.5,5.31,5.16,5.23,NP092424,NP,Newport Beach Pier,33.6061,-117.9311,2024-09-24 17:30:00+00:00,0.0,0.0,0.0,5198.0,25988.0,23389.0,0.0,0.0,5198.0,0.0,85759.0,20790.0,236488.0
17.5,5.17,5.12,5.14,NP101524,NP,Newport Beach Pier,33.6061,-117.9311,2024-10-15 17:30:00+00:00,0.0,0.0,2599.0,49377.0,18191.0,10395.0,0.0,2599.0,5198.0,0.0,18191.0,31185.0,140334.0
17.8,3.55,3.59,3.57,NP102124,NP,Newport Beach Pier,33.6061,-117.9311,2024-10-21 17:30:00+00:00,0.0,0.0,0.0,38982.0,2599.0,10395.0,7796.0,2599.0,0.0,0.0,5198.0,10395.0,103951.0
17.8,2.99,3.04,3.01,NP102824,NP,Newport Beach Pier,33.6061,-117.9311,2024-10-28 17:30:00+00:00,0.0,0.0,0.0,28586.0,2599.0,0.0,0.0,2599.0,0.0,0.0,25988.0,10395.0,75364.0
16.5,1.26,1.19,1.23,NP110524,NP,Newport Beach Pier,33.6061,-117.9311,2024-11-05 18:30:00+00:00,0.0,0.0,0.0,2599.0,5198.0,10395.0,0.0,0.0,0.0,0.0,5198.0,10395.0,33784.0
14.0,9.06,8.45,8.75,NP111224,NP,Newport Beach Pier,33.6061,-117.9311,2024-11-12 18:30:00+00:00,0.0,0.0,2599.0,15593.0,7796.0,0.0,0.0,0.0,2599.0,0.0,0.0,28586.0,59772.0
16.0,2.16,2.19,2.18,NP119224,NP,Newport Beach Pier,33.6061,-117.9311,2024-11-19 18:30:00+00:00,0.0,0.0,0.0,109148.0,2599.0,0.0,0.0,2599.0,0.0,0.0,2599.0,20790.0,142932.0
14.1,6.61,6.73,6.67,NP112624,NP,Newport Beach Pier,33.6061,-117.9311,2024-11-26 18:30:00+00:00,0.0,0.0,0.0,15593.0,2599.0,0.0,0.0,0.0,0.0,2599.0,41580.0,5198.0,67568.0
14.5,4.36,4.27,4.31,NP120624,NP,Newport Beach Pier,33.6061,-117.9311,2024-12-09 18:30:00+00:00,0.0,0.0,0.0,15593.0,12994.0,0.0,0.0,20790.0,0.0,0.0,2599.0,5198.0,57173.0
14.7,6.62,6.53,6.58,NP121724,NP,Newport Beach Pier,33.6061,-117.9311,2024-12-17 18:30:00+00:00,0.0,2599.0,2599.0,0.0,93556.0,0.0,0.0,0.0,0.0,2599.0,10395.0,7796.0,122142.0
13.8,2.34,2.51,2.42,NP010625,NP,Newport Beach Pier,33.6061,-117.9311,2025-01-06 18:30:00+00:00,0.0,0.0,0.0,2599.0,5198.0,0.0,0.0,5198.0,0.0,0.0,103951.0,12994.0,129939.0
14.0,3.17,3.11,3.14,NP011525,NP,Newport Beach Pier,33.6061,-117.9311,2025-01-15 18:30:00+00:00,0.0,0.0,0.0,0.0,23389.0,41580.0,10395.0,0.0,0.0,0.0,231291.0,5198.0,311853.0
14.0,2.77,3.08,2.93,NP012125,NP,Newport Beach Pier,33.6061,-117.9311,2025-01-21 18:30:00+00:00,2599.0,0.0,0.0,0.0,5198.0,7796.0,10395.0,2599.0,0.0,0.0,205303.0,10395.0,246883.0
13.8,2.63,2.59,2.61,NP012725,NP,Newport Beach Pier,33.6061,-117.9311,2025-01-27 18:30:00+00:00,0.0,0.0,0.0,0.0,2599.0,10395.0,12994.0,5198.0,0.0,0.0,44179.0,7796.0,88358.0
14.0,5.18,5.12,5.15,NP020425,NP,Newport Beach Pier,33.6061,-117.9311,2025-02-04 18:30:00+00:00,0.0,0.0,0.0,0.0,2599.0,51975.0,46778.0,0.0,0.0,0.0,124741.0,10395.0,244285.0
14.2,4.35,4.59,4.47,NP021025,NP,Newport Beach Pier,33.6061,-117.9311,2025-02-10 18:30:00+00:00,0.0,0.0,2599.0,0.0,12994.0,18191.0,25988.0,0.0,0.0,0.0,54574.0,18191.0,132537.0
14.5,5.1,5.17,5.15,NP021825,NP,Newport Beach Pier,33.6061,-117.9311,2025-02-18 18:30:00+00:00,0.0,0.0,0.0,0.0,23389.0,7796.0,0.0,7796.0,5198.0,2599.0,18191.0,44179.0,111747.0
15.0,2.28,2.31,2.29,NP022525,NP,Newport Beach Pier,33.6061,-117.9311,2025-02-25 18:30:00+00:00,0.0,0.0,0.0,0.0,12994.0,0.0,0.0,0.0,0.0,0.0,7796.0,20790.0,41580.0
13.2,3.39,3.48,3.44,NP030425,NP,Newport Beach Pier,33.6061,-117.9311,2025-03-04 18:30:00+00:00,0.0,0.0,0.0,0.0,20790.0,0.0,7796.0,0.0,2599.0,0.0,12994.0,33784.0,80562.0
13.0,12.32,12.45,12.39,NP031025,NP,Newport Beach Pier,33.6061,-117.9311,2025-03-10 17:30:00+00:00,5198.0,7796.0,2599.0,0.0,155926.0,0.0,28586.0,0.0,0.0,0.0,10395.0,46778.0,267673.0
14.0,3.44,3.57,3.5,NP031725,NP,Newport Beach Pier,33.6061,-117.9311,2025-03-17 17:30:00+00:00,15593.0,0.0,2599.0,0.0,59772.0,0.0,38982.0,5198.0,0.0,2599.0,31185.0,10395.0,171519.0
14.0,4.69,4.59,4.64,NP032425,NP,Newport Beach Pier,33.6061,-117.9311,2025-03-24 17:30:00+00:00,18191.0,7796.0,0.0,0.0,18191.0,18191.0,72766.0,2599.0,5198.0,0.0,46778.0,12994.0,205303.0
13.5,12.39,13.09,12.74,NP040125,NP,Newport Beach Pier,33.6061,-117.9311,2025-04-01 17:30:00+00:00,36383.0,5198.0,0.0,0.0,59772.0,5198.0,83161.0,5198.0,15593.0,0.0,135136.0,28586.0,374223.0
12.0,18.9,19.1,19.0,NP040725,NP,Newport Beach Pier,33.6061,-117.9311,2025-04-07 17:30:00+00:00,28586.0,5198.0,0.0,0.0,23389.0,5198.0,10395.0,12994.0,0.0,18191.0,657489.0,75364.0,836804.0
15.0,8.58,7.99,8.28,NP041425,NP,Newport Beach Pier,33.6061,-117.9311,2025-04-14 17:30:00+00:00,57173.0,0.0,0.0,0.0,70167.0,0.0,116945.0,12994.0,0.0,7796.0,20790.0,25988.0,311853.0
14.8,11.62,11.77,11.69,NP042325,NP,Newport Beach Pier,33.6061,-117.9311,2025-04-23 17:30:00+00:00,67568.0,7796.0,0.0,0.0,135136.0,5198.0,12994.0,23389.0,5198.0,10395.0,28586.0,33784.0,330044.0
15.9,4.33,3.99,4.16,NP042925,NP,Newport Beach Pier,33.6061,-117.9311,2025-04-29 17:30:00+00:00,7796.0,0.0,0.0,0.0,38982.0,0.0,7796.0,2599.0,0.0,2599.0,18191.0,18191.0,96155.0
17.0,2.7,2.78,2.74,NP051225,NP,Newport Beach Pier,33.6061,-117.9311,2025-05-12 17:30:00+00:00,18191.0,0.0,0.0,0.0,33784.0,0.0,7796.0,2599.0,0.0,0.0,10395.0,0.0,72766.0
19.0,1.38,1.33,1.36,NP052125,NP,Newport Beach Pier,33.6061,-117.9311,2025-05-21 17:30:00+00:00,7796.0,0.0,0.0,0.0,5198.0,0.0,0.0,0.0,2599.0,0.0,0.0,7796.0,23389.0
18.0,0.43,0.41,0.42,NP052725,NP,Newport Beach Pier,33.6061,-117.9311,2025-05-27 17:30:00+00:00,2599.0,0.0,0.0,0.0,2599.0,0.0,0.0,0.0,0.0,0.0,2599.0,2599.0,10395.0
16.0,3.08,3.03,3.06,NP060425,NP,Newport Beach Pier,33.6061,-117.9311,2025-06-04 17:30:00+00:00,15593.0,0.0,0.0,0.0,0.0,12994.0,0.0,0.0,0.0,0.0,15593.0,5198.0,49377.0
18.5,1.8,1.78,1.79,NP061625,NP,Newport Beach Pier,33.6061,-117.9311,2025-06-16 18:30:00+00:00,7796.0,0.0,0.0,0.0,2599.0,93556.0,0.0,0.0,0.0,0.0,161124.0,10395.0,280667.0
19.0,2.1,2.24,2.17,NP062325,NP,Newport Beach Pier,33.6061,-117.9311,2025-06-23 17:30:00+00:00,0.0,0.0,0.0,0.0,5198.0,38982.0,2599.0,0.0,0.0,0.0,15593.0,10395.0,72766.0
18.0,3.31,3.93,3.62,NP070725,NP,Newport Beach Pier,33.6061,-117.9311,2025-07-07 17:30:00+00:00,0.0,0.0,0.0,0.0,15593.0,80562.0,5198.0,0.0,0.0,0.0,140334.0,12994.0,257278.0
17.0,4.25,4.04,4.14,NP071425,NP,Newport Beach Pier,33.6061,-117.9311,2025-07-14 17:30:00+00:00,0.0,0.0,0.0,0.0,31185.0,28586.0,0.0,5198.0,0.0,0.0,153328.0,25988.0,244285.0
20.0,1.83,1.86,1.85,NP072125,NP,Newport Beach Pier,33.6061,-117.9311,2025-07-21 17:30:00+00:00,0.0,0.0,5198.0,0.0,0.0,0.0,0.0,0.0,0.0,2599.0,306655.0,15593.0,330044.0
17.0,7.09,7.36,7.23,NP072825,NP,Newport Beach Pier,33.6061,-117.9311,2025-07-28 17:30:00+00:00,0.0,0.0,0.0,2599.0,23389.0,7796.0,5198.0,7796.0,0.0,10395.0,106550.0,38982.0,226093.0
19.0,1.0,0.95,0.98,NP080525,NP,Newport Beach Pier,33.6061,-117.9311,2025-08-05 17:30:00+00:00,0.0,0.0,0.0,0.0,2599.0,5198.0,0.0,0.0,0.0,0.0,75364.0,10395.0,93556.0
20.0,0.83,0.8,0.82,NP081225,NP,Newport Beach Pier,33.6061,-117.9311,2025-08-12 17:30:00+00:00,0.0,0.0,0.0,0.0,0.0,5198.0,0.0,0.0,0.0,0.0,49377.0,2599.0,59772.0
23.0,0.83,0.83,0.83,NP082525,NP,Newport Beach Pier,33.6061,-117.9311,2025-08-25 17:30:00+00:00,0.0,0.0,0.0,0.0,0.0,0.0,0.0,0.0,0.0,0.0,70167.0,15593.0,90957.0
19.0,1.36,1.37,1.37,NP090925,NP,Newport Beach Pier,33.6061,-117.9311,2025-09-09 16:00:00+00:00,0.0,0.0,0.0,0.0,0.0,0.0,0.0,0.0,0.0,2599.0,10395.0,7796.0,25988.0
21.0,2.08,2.16,2.12,NP091525,NP,Newport Beach Pier,33.6061,-117.9311,2025-09-15 17:00:00+00:00,0.0,0.0,0.0,0.0,0.0,0.0,0.0,0.0,0.0,0.0,15593.0,15593.0,33784.0
19.0,3.46,3.48,3.47,NP092225,NP,Newport Beach Pier,33.6061,-117.9311,2025-09-22 17:00:00+00:00,0.0,0.0,0.0,0.0,2599.0,5198.0,0.0,0.0,0.0,0.0,38982.0,5198.0,57173.0
19.0,1.57,1.54,1.55,NP092925,NP,Newport Beach Pier,33.6061,-117.9311,2025-09-29 17:00:00+00:00,0.0,0.0,0.0,2599.0,0.0,0.0,5198.0,0.0,0.0,0.0,15593.0,7796.0,31185.0
18.8,0.58,0.56,0.57,NP100625,NP,Newport Beach Pier,33.6061,-117.9311,2025-10-06 17:00:00+00:00,,,,,,,,,,,,,
17.5,1.62,1.67,1.64,NP101325,NP,Newport Beach Pier,33.6061,-117.9311,2025-10-13 17:00:00+00:00,,,,,,,,,,,,,
17.3,2.31,2.35,2.33,NP102725,NP,Newport Beach Pier,33.6061,-117.9311,2025-10-27 17:00:00+00:00,,,,,,,,,,,,,
17.5,0.98,1.07,1.02,NP110325,NP,Newport Beach Pier,33.6061,-117.9311,2025-11-03 18:00:00+00:00,0.0,0.0,0.0,0.0,0.0,0.0,0.0,2599.0,0.0,0.0,25988.0,10395.0,41580.0
17.0,1.46,1.6,1.53,NP111025,NP,Newport Beach Pier,33.6061,-117.9311,2025-11-10 18:00:00+00:00,0.0,0.0,0.0,0.0,2599.0,0.0,2599.0,2599.0,0.0,0.0,12994.0,5198.0,25988.0
17.5,0.87,0.9,0.88,NP111725,NP,Newport Beach Pier,33.6061,-117.9311,2025-11-17 18:00:00+00:00,0.0,0.0,0.0,0.0,0.0,0.0,0.0,0.0,0.0,0.0,7796.0,7796.0,23389.0
16.5,1.6,1.6,1.6,NP112425,NP,Newport Beach Pier,33.6061,-117.9311,2025-11-24 18:00:00+00:00,0.0,0.0,0.0,0.0,2599.0,0.0,0.0,5198.0,0.0,0.0,5198.0,5198.0,18191.0
17.0,2.46,2.48,2.47,NP120125,NP,Newport Beach Pier,33.6061,-117.9311,2025-12-01 18:00:00+00:00,0.0,0.0,0.0,0.0,2599.0,0.0,0.0,0.0,0.0,0.0,23389.0,2599.0,28586.0
16.5,0.68,0.67,0.67,NP120825,NP,Newport Beach Pier,33.6061,-117.9311,2025-12-08 18:00:00+00:00,,,,,,,,,,,,,
16.0,1.03,1.35,1.19,NP121525,NP,Newport Beach Pier,33.6061,-117.9311,2025-12-15 18:00:00+00:00,,,,,,,,,,,,,
16.0,0.78,0.81,0.8,NP010526,NP,Newport Beach Pier,33.6061,-117.9311,2026-01-05 18:00:00+00:00,,,,,,,,,,,,,
13.5,2.27,2.04,2.16,WW030624SC,SCW,Santa Cruz Wharf,36.958,-122.017,2024-03-06 16:30:00+00:00,,40.0,40.0,,,,1600.0,,,,,,
13.2,2.57,2.42,2.49,WW031324SC,SCW,Santa Cruz Wharf,36.958,-122.017,2024-03-13 16:00:00+00:00,,0.0,0.0,,,,650.0,,,,,,
14.3,6.01,7.41,6.71,WW032024SC,SCW,Santa Cruz Wharf,36.958,-122.017,2024-03-20 16:00:00+00:00,,0.0,290.0,,,,200.0,,,,,,
13.2,2.47,2.39,2.43,WW032724SC,SCW,Santa Cruz Wharf,36.958,-122.017,2024-03-27 15:05:00+00:00,,0.0,80.0,,,,200.0,,,,,,
13.2,5.47,5.57,5.52,WW040324SC,SCW,Santa Cruz Wharf,36.958,-122.017,2024-04-03 16:00:00+00:00,,120.0,310.0,,,,2600.0,,,,,,
12.8,2.95,3.52,3.23,WW041024SC,SCW,Santa Cruz Wharf,36.958,-122.017,2024-04-10 16:00:00+00:00,,10.0,70.0,,,,0.0,,,,,,
12.5,4.69,4.99,4.84,WW041724SC,SCW,Santa Cruz Wharf,36.958,-122.017,2024-04-17 16:00:00+00:00,,10.0,190.0,,,,650.0,,,,,,
14.1,3.29,3.47,3.38,WW042424SC,SCW,Santa Cruz Wharf,36.958,-122.017,2024-04-24 16:00:00+00:00,,130.0,2500.0,,,,0.0,,,,,,
13.4,8.46,9.2,8.83,WW050124SC,SCW,Santa Cruz Wharf,36.958,-122.017,2024-05-01 16:00:00+00:00,,3880.0,14425.0,,,,1200.0,,,,,,
13.1,21.17,21.17,21.17,WW050824SC,SCW,Santa Cruz Wharf,36.958,-122.017,2024-05-08 15:00:00+00:00,,640.0,2875.0,,,,85750.0,,,,,,
12.5,6.46,6.18,6.32,WW051524SC,SCW,Santa Cruz Wharf,36.958,-122.017,2024-05-15 16:00:00+00:00,,150.0,1875.0,,,,800.0,,,,,,
14.8,9.03,9.36,9.2,WW052224SC,SCW,Santa Cruz Wharf,36.958,-122.017,2024-05-22 15:30:00+00:00,,570.0,9750.0,,,,0.0,,,,,,
14.0,7.34,7.51,7.42,WW052924SC,SCW,Santa Cruz Wharf,36.958,-122.017,2024-05-29 16:10:00+00:00,,1150.0,1450.0,,,,0.0,,,,,,
13.9,8.21,6.92,7.57,WW060524SC,SCW,Santa Cruz Wharf,36.958,-122.017,2024-06-05 15:20:00+00:00,,1150.0,1875.0,,,,0.0,,,,,,
14.8,4.96,5.41,5.18,WW061224SC,SCW,Santa Cruz Wharf,36.958,-122.017,2024-06-12 16:00:00+00:00,,11670.0,5750.0,,,,750.0,,,,,,
14.2,3.7,3.63,3.66,WW061924SC,SCW,Santa Cruz Wharf,36.958,-122.017,2024-06-19 16:00:00+00:00,,6230.0,5400.0,,,,0.0,,,,,,
14.2,9.94,8.71,9.33,WW062624SC,SCW,Santa Cruz Wharf,36.958,-122.017,2024-06-26 16:00:00+00:00,,15500.0,2975.0,,,,2950.0,,,,,,
15.2,6.68,6.94,6.81,WW070324SC,SCW,Santa Cruz Wharf,36.958,-122.017,2024-07-03 16:20:00+00:00,,2870.0,,,,,0.0,,,,,,
16.6,2.54,3.14,2.84,WW071024SC,SCW,Santa Cruz Wharf,36.958,-122.017,2024-07-10 17:10:00+00:00,,0.0,3250.0,,,,0.0,,,,,,
15.3,14.86,13.87,14.37,WW071724SC,SCW,Santa Cruz Wharf,36.958,-122.017,2024-07-17 16:40:00+00:00,,20.0,5650.0,,,,0.0,,,,,,
16.4,4.45,4.89,4.67,WW072424SC,SCW,Santa Cruz Wharf,36.958,-122.017,2024-07-24 16:40:00+00:00,,200.0,800.0,,,,0.0,,,,,,
16.3,21.35,22.49,21.92,WW073124SC,SCW,Santa Cruz Wharf,36.958,-122.017,2024-07-31 16:30:00+00:00,,1730.0,4600.0,,,,0.0,,,,,,
16.4,11.82,11.66,11.74,WW080724SC,SCW,Santa Cruz Wharf,36.958,-122.017,2024-08-07 16:30:00+00:00,,5400.0,2175.0,,,,0.0,,,,,,
14.5,9.93,6.99,8.46,WW081424SC,SCW,Santa Cruz Wharf,36.958,-122.017,2024-08-14 15:55:00+00:00,,41280.0,1100.0,,,,0.0,,,,,,
13.4,2.69,2.68,2.69,WW082124SC,SCW,Santa Cruz Wharf,36.958,-122.017,2024-08-21 16:05:00+00:00,,7520.0,100.0,,,,0.0,,,,,,
15.6,11.41,9.61,10.51,WW082824SC,SCW,Santa Cruz Wharf,36.958,-122.017,2024-08-28 16:30:00+00:00,,0.0,8350.0,,,,0.0,,,,,,
15.2,1.87,1.99,1.93,WW090424SC,SCW,Santa Cruz Wharf,36.958,-122.017,2024-09-04 16:20:00+00:00,,0.0,425.0,,,,0.0,,,,,,
16.4,14.37,,14.37,WW091124SC,SCW,Santa Cruz Wharf,36.958,-122.017,2024-09-11 17:00:00+00:00,,100.0,,,,,0.0,,,,,,
15.9,21.33,19.04,20.19,WW091824SC,SCW,Santa Cruz Wharf,36.958,-122.017,2024-09-18 17:20:00+00:00,,4267.0,15925.0,,,,0.0,,,,,,
15.2,18.88,16.34,17.61,WW092524SC,SCW,Santa Cruz Wharf,36.958,-122.017,2024-09-25 15:20:00+00:00,,1747.0,9825.0,,,,0.0,,,,,,
15.6,1.85,1.72,1.79,WW100224SC,SCW,Santa Cruz Wharf,36.958,-122.017,2024-10-02 15:30:00+00:00,,460.0,625.0,,,,0.0,,,,,,
16.8,45.3,42.67,43.99,WW100924SC,SCW,Santa Cruz Wharf,36.958,-122.017,2024-10-09 16:15:00+00:00,,2613.0,,,,,0.0,,,,,,
15.7,12.08,12.65,12.36,WW101624SC,SCW,Santa Cruz Wharf,36.958,-122.017,2024-10-16 16:15:00+00:00,,560.0,8000.0,,,,0.0,,,,,,
13.6,4.11,4.6,4.36,WW102324SC,SCW,Santa Cruz Wharf,36.958,-122.017,2024-10-23 15:30:00+00:00,,120.0,325.0,,,,0.0,,,,,,
12.3,4.09,2.58,3.33,WW103024SC,SCW,Santa Cruz Wharf,36.958,-122.017,2024-10-30 16:30:00+00:00,,0.0,160.0,,,,0.0,,,,,,
12.5,3.81,,3.81,WW110624SC,SCW,Santa Cruz Wharf,36.958,-122.017,2024-11-06 16:00:00+00:00,,120.0,470.0,,,,0.0,,,,,,
12.3,6.42,6.88,6.65,WW111324SC,SCW,Santa Cruz Wharf,36.958,-122.017,2024-11-13 17:30:00+00:00,,380.0,,,,,0.0,,,,,,
11.7,1.88,2.16,2.02,WW112024SC,SCW,Santa Cruz Wharf,36.958,-122.017,2024-11-20 17:30:00+00:00,,20.0,0.0,,,,0.0,,,,,,
12.1,6.89,7.82,7.36,WW112724SC,SCW,Santa Cruz Wharf,36.958,-122.017,2024-11-27 17:30:00+00:00,,170.0,300.0,,,,0.0,,,,,,
11.9,6.16,5.19,5.68,WW120424SC,SCW,Santa Cruz Wharf,36.958,-122.017,2024-12-04 16:30:00+00:00,,50.0,210.0,,,,0.0,,,,,,
11.8,6.95,7.08,7.01,WW121124SC,SCW,Santa Cruz Wharf,36.958,-122.017,2024-12-11 16:45:00+00:00,,10.0,200.0,,,,0.0,,,,,,
11.7,3.53,3.01,3.27,WW121824SC,SCW,Santa Cruz Wharf,36.958,-122.017,2024-12-18 17:00:00+00:00,,0.0,0.0,,,,0.0,,,,,,
11.9,2.71,2.54,2.63,WW010825SC,SCW,Santa Cruz Wharf,36.958,-122.017,2025-01-08 17:00:00+00:00,,0.0,10.0,,,,0.0,,,,,,
12.3,2.99,2.99,2.99,WW011525SC,SCW,Santa Cruz Wharf,36.958,-122.017,2025-01-15 17:00:00+00:00,,0.0,60.0,,,,0.0,,,,,,
9.0,2.94,3.18,3.06,WW012225SC,SCW,Santa Cruz Wharf,36.958,-122.017,2025-01-22 15:45:00+00:00,,0.0,100.0,,,,0.0,,,,,,
10.7,1.19,1.26,1.23,WW012925SC,SCW,Santa Cruz Wharf,36.958,-122.017,2025-01-29 15:45:00+00:00,,0.0,150.0,,,,0.0,,,,,,
10.6,1.95,2.14,2.05,WW020525SC,SCW,Santa Cruz Wharf,36.958,-122.017,2025-02-05 15:45:00+00:00,,0.0,240.0,,,,0.0,,,,,,
11.5,1.88,2.27,2.07,WW021225SC,SCW,Santa Cruz Wharf,36.958,-122.017,2025-02-12 16:00:00+00:00,,0.0,0.0,,,,0.0,,,,,,
11.8,1.08,1.05,1.06,WW021925SC,SCW,Santa Cruz Wharf,36.958,-122.017,2025-02-19 15:45:00+00:00,,0.0,0.0,,,,0.0,,,,,,
12.3,1.87,1.89,1.88,WW022625SC,SCW,Santa Cruz Wharf,36.958,-122.017,2025-02-26 15:45:00+00:00,,0.0,0.0,,,,0.0,,,,,,
11.8,1.1,1.06,1.08,WW030525SC,SCW,Santa Cruz Wharf,36.958,-122.017,2025-03-05 16:00:00+00:00,,0.0,0.0,,,,0.0,,,,,,
11.9,6.93,6.94,6.94,WW031225SC,SCW,Santa Cruz Wharf,36.958,-122.017,2025-03-12 15:30:00+00:00,,20.0,10.0,,,,200.0,,,,,,
12.0,2.59,2.41,2.5,WW031925SC,SCW,Santa Cruz Wharf,36.958,-122.017,2025-03-19 15:15:00+00:00,,0.0,20.0,,,,5250.0,,,,,,
12.5,4.19,3.47,3.83,WW032625SC,SCW,Santa Cruz Wharf,36.958,-122.017,2025-03-26 14:45:00+00:00,,20.0,230.0,,,,56100.0,,,,,,
13.0,2.46,2.35,2.41,WW040225SC,SCW,Santa Cruz Wharf,36.958,-122.017,2025-04-02 17:30:00+00:00,,60.0,120.0,,,,3250.0,,,,,,
13.7,3.61,2.0,2.81,WW040925SC,SCW,Santa Cruz Wharf,36.958,-122.017,2025-04-09 16:40:00+00:00,,10.0,70.0,,,,37000.0,,,,,,
12.2,14.46,12.4,13.43,WW041625SC,SCW,Santa Cruz Wharf,36.958,-122.017,2025-04-16 15:30:00+00:00,,370.0,290.0,,,,48100.0,,,,,,
12.7,3.7,3.92,3.81,WW042325SC,SCW,Santa Cruz Wharf,36.958,-122.017,2025-04-23 15:30:00+00:00,,10.0,160.0,,,,2300.0,,,,,,
13.4,7.18,7.1,7.14,WW043025SC,SCW,Santa Cruz Wharf,36.958,-122.017,2025-04-30 15:30:00+00:00,,90.0,400.0,,,,0.0,,,,,,
13.6,3.28,3.63,3.46,WW050725SC,SCW,Santa Cruz Wharf,36.958,-122.017,2025-05-07 15:45:00+00:00,,40.0,0.0,,,,0.0,,,,,,
13.3,,,,WW051425SC,SCW,Santa Cruz Wharf,36.958,-122.017,2025-05-14 15:30:00+00:00,,2440.0,3700.0,,,,10450.0,,,,,,
14.1,3.93,4.98,4.46,WW052125SC,SCW,Santa Cruz Wharf,36.958,-122.017,2025-05-21 16:00:00+00:00,,1440.0,1075.0,,,,149600.0,,,,,,
13.7,4.03,4.22,4.13,WW052825SC,SCW,Santa Cruz Wharf,36.958,-122.017,2025-05-28 15:00:00+00:00,,2860.0,2325.0,,,,47800.0,,,,,,
13.5,6.28,5.76,6.02,WW060425SC,SCW,Santa Cruz Wharf,36.958,-122.017,2025-06-04 15:20:00+00:00,,90.0,2125.0,,,,0.0,,,,,,
15.3,2.59,2.71,2.65,WW061125SC,SCW,Santa Cruz Wharf,36.958,-122.017,2025-06-11 15:30:00+00:00,,340.0,2600.0,,,,0.0,,,,,,
15.0,8.14,6.72,7.43,WW061825SC,SCW,Santa Cruz Wharf,36.958,-122.017,2025-06-18 17:50:00+00:00,,400.0,3600.0,,,,0.0,,,,,,
13.7,7.42,8.63,8.02,WW062525SC,SCW,Santa Cruz Wharf,36.958,-122.017,2025-06-25 16:00:00+00:00,,760.0,5325.0,,,,1450.0,,,,,,
13.1,2.42,2.04,2.23,WW070225SC,SCW,Santa Cruz Wharf,36.958,-122.017,2025-07-02 15:45:00+00:00,,100.0,3325.0,,,,500.0,,,,,,
13.5,3.43,2.88,3.16,WW070925SC,SCW,Santa Cruz Wharf,36.958,-122.017,2025-07-09 15:45:00+00:00,,0.0,250.0,,,,0.0,,,,,,
14.9,4.06,4.35,4.21,WW071625SC,SCW,Santa Cruz Wharf,36.958,-122.017,2025-07-16 16:00:00+00:00,,4530.0,2225.0,,,,0.0,,,,,,
15.2,2.34,2.31,2.32,WW072325SC,SCW,Santa Cruz Wharf,36.958,-122.017,2025-07-23 16:00:00+00:00,,1310.0,6025.0,,,,750.0,,,,,,
17.2,2.47,3.14,2.81,WW073025SC,SCW,Santa Cruz Wharf,36.958,-122.017,2025-07-30 16:00:00+00:00,,30.0,22450.0,,,,0.0,,,,,,
15.9,13.79,14.77,14.28,WW080625SC,SCW,Santa Cruz Wharf,36.958,-122.017,2025-08-06 16:00:00+00:00,,680.0,,,,,0.0,,,,,,
15.7,9.93,8.21,9.07,WW081325SC,SCW,Santa Cruz Wharf,36.958,-122.017,2025-08-13 15:45:00+00:00,,1650.0,9600.0,,,,5100.0,,,,,,
17.1,5.39,5.58,5.48,WW082025SC,SCW,Santa Cruz Wharf,36.958,-122.017,2025-08-20 15:30:00+00:00,,540.0,5800.0,,,,0.0,,,,,,
15.4,5.94,5.46,5.7,WW082725SC,SCW,Santa Cruz Wharf,36.958,-122.017,2025-08-27 16:00:00+00:00,,830.0,1925.0,,,,0.0,,,,,,
16.8,5.06,4.89,4.98,WW090325SC,SCW,Santa Cruz Wharf,36.958,-122.017,2025-09-03 15:30:00+00:00,,30.0,1825.0,,,,0.0,,,,,,
16.2,8.96,10.6,9.78,WW091025SC,SCW,Santa Cruz Wharf,36.958,-122.017,2025-09-10 15:15:00+00:00,,0.0,4500.0,,,,0.0,,,,,,
17.1,9.44,9.93,9.69,WW091725SC,SCW,Santa Cruz Wharf,36.958,-122.017,2025-09-17 16:00:00+00:00,,950.0,1950.0,,,,0.0,,,,,,
16.8,12.07,8.79,10.43,WW092425SC,SCW,Santa Cruz Wharf,36.958,-122.017,2025-09-24 15:30:00+00:00,,1760.0,350.0,,,,0.0,,,,,,
17.3,10.76,10.19,10.48,WW100125SC,SCW,Santa Cruz Wharf,36.958,-122.017,2025-10-01 16:00:00+00:00,,740.0,2375.0,,,,0.0,,,,,,
17.2,1.46,1.37,1.41,WW100825SC,SCW,Santa Cruz Wharf,36.958,-122.017,2025-10-08 15:30:00+00:00,,10.0,125.0,,,,0.0,,,,,,
15.7,3.09,2.57,2.83,WW101525SC,SCW,Santa Cruz Wharf,36.958,-122.017,2025-10-15 15:30:00+00:00,,70.0,550.0,,,,0.0,,,,,,
15.2,3.08,2.32,2.7,WW102225SC,SCW,Santa Cruz Wharf,36.958,-122.017,2025-10-22 15:30:00+00:00,,0.0,100.0,,,,0.0,,,,,,
14.7,1.46,1.4,1.43,WW102925SC,SCW,Santa Cruz Wharf,36.958,-122.017,2025-10-29 15:30:00+00:00,,0.0,40.0,,,,0.0,,,,,,
14.7,2.51,2.67,2.59,WW110525SC,SCW,Santa Cruz Wharf,36.958,-122.017,2025-11-05 16:00:00+00:00,,0.0,140.0,,,,400.0,,,,,,
14.5,5.01,5.49,5.25,WW111225SC,SCW,Santa Cruz Wharf,36.958,-122.017,2025-11-12 16:00:00+00:00,,180.0,11775.0,,,,0.0,,,,,,
13.9,1.21,1.07,1.14,WW111925SC,SCW,Santa Cruz Wharf,36.958,-122.017,2025-11-19 16:30:00+00:00,,10.0,40.0,,,,0.0,,,,,,
13.5,1.53,1.2,1.37,WW112625SC,SCW,Santa Cruz Wharf,36.958,-122.017,2025-11-26 16:30:00+00:00,,0.0,30.0,,,,0.0,,,,,,
13.4,1.18,0.7,0.94,WW120325SC,SCW,Santa Cruz Wharf,36.958,-122.017,2025-12-03 16:00:00+00:00,,13.0,13.0,,,,0.0,,,,,,
13.3,1.11,0.88,0.99,WW121025SC,SCW,Santa Cruz Wharf,36.958,-122.017,2025-12-10 16:30:00+00:00,,0.0,0.0,,,,1250.0,,,,,,
14.9,,,1.5,811,SMP,Santa Monica Pier,34.008,-118.499,2024-03-11 20:00:00+00:00,0.0,0.0,0.0,4862.0,0.0,6358.0,1122.0,,,0.0,34034.0,1122.0,49742.0
15.1,,,1.96,812,SMP,Santa Monica Pier,34.008,-118.499,2024-03-18 18:00:00+00:00,0.0,0.0,0.0,0.0,0.0,6732.0,11594.0,,,0.0,64328.0,374.0,89012.0
15.4,,,2.37,813,SMP,Santa Monica Pier,34.008,-118.499,2024-03-25 20:00:00+00:00,0.0,0.0,748.0,748.0,748.0,2244.0,3740.0,,,0.0,209440.0,2992.0,224400.0
15.6,,,1.36,814,SMP,Santa Monica Pier,34.008,-118.499,2024-04-01 21:00:00+00:00,0.0,0.0,374.0,0.0,1870.0,0.0,3740.0,,,0.0,84150.0,1476.0,92752.0
15.5,,,4.1,815,SMP,Santa Monica Pier,34.008,-118.499,2024-04-08 21:00:00+00:00,0.0,0.0,0.0,0.0,3886.0,0.0,58293.0,,,0.0,2852047.0,3886.0,2728112.0
15.0,,,1.38,816,SMP,Santa Monica Pier,34.008,-118.499,2024-04-15 18:00:00+00:00,0.0,0.0,748.0,748.0,13090.0,0.0,5610.0,,,0.0,67694.0,1122.0,89760.0
15.2,,,6.91,817,SMP,Santa Monica Pier,34.008,-118.499,2024-04-22 21:00:00+00:00,0.0,0.0,2244.0,6358.0,27302.0,748.0,5236.0,,,0.0,40392.0,2244.0,85646.0
15.5,,,17.29,818,SMP,Santa Monica Pier,34.008,-118.499,2024-04-29 18:00:00+00:00,0.0,0.0,748.0,2618.0,96118.0,748.0,0.0,,,0.0,6358.0,9350.0,116688.0
15.8,,,6.18,819,SMP,Santa Monica Pier,34.008,-118.499,2024-05-06 21:00:00+00:00,0.0,0.0,0.0,2992.0,29172.0,0.0,0.0,,,0.0,4114.0,4114.0,41888.0
18.1,,,21.36,820,SMP,Santa Monica Pier,34.008,-118.499,2024-05-13 21:00:00+00:00,0.0,0.0,5610.0,5984.0,49368.0,4862.0,11220.0,,,11220.0,7480.0,11594.0,108834.0
17.5,,,21.43,821,SMP,Santa Monica Pier,34.008,-118.499,2024-05-20 19:00:00+00:00,0.0,0.0,5984.0,1870.0,3740.0,0.0,0.0,,,0.0,1496.0,14212.0,28050.0
17.8,,,11.97,822,SMP,Santa Monica Pier,34.008,-118.499,2024-05-28 00:00:00+00:00,0.0,0.0,1870.0,4862.0,11968.0,1122.0,0.0,,,1122.0,1496.0,10098.0,33660.0
17.8,,,15.9,823,SMP,Santa Monica Pier,34.008,-118.499,2024-06-04 00:00:00+00:00,0.0,0.0,0.0,2992.0,5236.0,5236.0,0.0,,,374.0,6732.0,19822.0,42636.0
18.4,,,2.16,824,SMP,Santa Monica Pier,34.008,-118.499,2024-06-10 21:00:00+00:00,0.0,0.0,0.0,0.0,1122.0,0.0,0.0,,,0.0,3366.0,1496.0,6732.0
19.4,,,1.42,825,SMP,Santa Monica Pier,34.008,-118.499,2024-06-17 21:00:00+00:00,0.0,0.0,748.0,748.0,9724.0,1496.0,0.0,,,4114.0,41140.0,9350.0,68442.0
20.0,,,0.75,826,SMP,Santa Monica Pier,34.008,-118.499,2024-06-24 21:00:00+00:00,0.0,0.0,0.0,0.0,1496.0,1496.0,0.0,,,0.0,122672.0,20196.0,146608.0
20.8,,,2.49,827,SMP,Santa Monica Pier,34.008,-118.499,2024-07-01 21:00:00+00:00,0.0,0.0,0.0,748.0,18326.0,72930.0,0.0,,,1122.0,97614.0,11594.0,203082.0
20.8,,,1.37,828,SMP,Santa Monica Pier,34.008,-118.499,2024-07-08 21:00:00+00:00,0.0,0.0,0.0,5236.0,23936.0,0.0,0.0,,,0.0,28424.0,9724.0,68068.0
21.8,,,2.42,829,SMP,Santa Monica Pier,34.008,-118.499,2024-07-15 21:00:00+00:00,0.0,0.0,0.0,1496.0,14212.0,2244.0,0.0,,,0.0,112948.0,10472.0,142868.0
21.6,,,0.61,830,SMP,Santa Monica Pier,34.008,-118.499,2024-07-22 19:00:00+00:00,0.0,0.0,0.0,0.0,0.0,38862.0,0.0,,,0.0,2156841.0,4858.0,2200561.0
21.0,,,1.28,831,SMP,Santa Monica Pier,34.008,-118.499,2024-07-29 22:00:00+00:00,0.0,0.0,0.0,4858.0,19431.0,9716.0,9716.0,,,0.0,485775.0,4858.0,539210.0
18.5,,,2.27,832,SMP,Santa Monica Pier,34.008,-118.499,2024-08-05 17:00:00+00:00,0.0,0.0,0.0,0.0,31090.0,11659.0,7772.0,,,0.0,244831.0,27204.0,322555.0
20.8,,,0.91,833,SMP,Santa Monica Pier,34.008,-118.499,2024-08-12 18:00:00+00:00,0.0,0.0,0.0,374.0,28424.0,2992.0,0.0,,,0.0,5984.0,6732.0,45254.0
23.5,,,0.91,834,SMP,Santa Monica Pier,34.008,-118.499,2024-08-19 20:00:00+00:00,0.0,0.0,0.0,0.0,15708.0,0.0,0.0,,,0.0,80784.0,6732.0,103972.0
23.4,,,1.43,835,SMP,Santa Monica Pier,34.008,-118.499,2024-08-26 18:00:00+00:00,0.0,0.0,0.0,4488.0,10098.0,2244.0,0.0,,,5984.0,126038.0,11968.0,161568.0
23.5,,,0.8,836,SMP,Santa Monica Pier,34.008,-118.499,2024-09-02 18:00:00+00:00,0.0,0.0,0.0,374.0,2244.0,0.0,0.0,,,2244.0,34782.0,374.0,40766.0
20.5,,,2.14,837,SMP,Santa Monica Pier,34.008,-118.499,2024-09-09 18:00:00+00:00,0.0,0.0,0.0,0.0,1496.0,3740.0,0.0,,,0.0,90134.0,2618.0,99858.0
20.0,,,0.73,838,SMP,Santa Monica Pier,34.008,-118.499,2024-09-16 18:00:00+00:00,0.0,0.0,0.0,0.0,374.0,0.0,748.0,,,0.0,32164.0,1496.0,36278.0
20.0,,,4.3,839,SMP,Santa Monica Pier,34.008,-118.499,2024-09-23 18:00:00+00:00,0.0,0.0,0.0,374.0,3740.0,748.0,0.0,,,0.0,1870.0,2618.0,14960.0
19.0,,,6.8,840,SMP,Santa Monica Pier,34.008,-118.499,2024-09-30 18:00:00+00:00,0.0,0.0,374.0,1122.0,1496.0,0.0,0.0,,,0.0,2244.0,7480.0,14586.0
19.0,,,2.3,841,SMP,Santa Monica Pier,34.008,-118.499,2024-10-07 18:00:00+00:00,1122.0,0.0,0.0,4488.0,3740.0,3366.0,1122.0,,,374.0,8602.0,4862.0,28801.0
20.0,,,14.0,842,SMP,Santa Monica Pier,34.008,-118.499,2024-10-14 21:00:00+00:00,0.0,0.0,0.0,110704.0,13464.0,0.0,0.0,,,374.0,14212.0,23562.0,164186.0
19.5,,,33.8,843,SMP,Santa Monica Pier,34.008,-118.499,2024-10-21 21:00:00+00:00,0.0,0.0,6471.0,3024759.0,472821.0,0.0,0.0,,,0.0,0.0,213735.0,3721672.0
16.5,,,2.6,844,SMP,Santa Monica Pier,34.008,-118.499,2024-10-28 18:00:00+00:00,0.0,0.0,2244.0,46750.0,3740.0,0.0,374.0,,,1870.0,748.0,72556.0,128656.0
15.5,,,0.63,845,SMP,Santa Monica Pier,34.008,-118.499,2024-11-04 22:00:00+00:00,0.0,0.0,0.0,1122.0,0.0,0.0,0.0,,,0.0,1870.0,14960.0,24684.0
16.8,,,7.6,846,SMP,Santa Monica Pier,34.008,-118.499,2024-11-11 19:00:00+00:00,0.0,0.0,374.0,14960.0,6732.0,748.0,2244.0,,,0.0,95744.0,3740.0,128656.0
15.0,,,1.8,847,SMP,Santa Monica Pier,34.008,-118.499,2024-11-18 19:00:00+00:00,0.0,0.0,1496.0,13838.0,4114.0,748.0,0.0,,,0.0,12716.0,2244.0,36278.0
15.0,,,1.3,848,SMP,Santa Monica Pier,34.008,-118.499,2024-11-25 19:00:00+00:00,0.0,0.0,0.0,374.0,748.0,0.0,0.0,,,0.0,9350.0,374.0,14960.0
15.5,,,0.78,849,SMP,Santa Monica Pier,34.008,-118.499,2024-12-02 19:00:00+00:00,0.0,0.0,0.0,0.0,0.0,0.0,0.0,,,0.0,4760.0,680.0,6188.0
15.0,,,4.03,850,SMP,Santa Monica Pier,34.008,-118.499,2024-12-09 21:00:00+00:00,0.0,0.0,2244.0,2244.0,18326.0,0.0,0.0,,,0.0,1870.0,10472.0,39270.0
16.0,,,3.66,851,SMP,Santa Monica Pier,34.008,-118.499,2024-12-16 21:00:00+00:00,0.0,0.0,374.0,3740.0,29546.0,0.0,748.0,,,0.0,4488.0,13090.0,54230.0
16.0,,,4.6,852,SMP,Santa Monica Pier,34.008,-118.499,2024-12-23 21:00:00+00:00,0.0,0.0,374.0,374.0,11220.0,0.0,0.0,,,0.0,5236.0,7106.0,28424.0
15.5,,,3.92,853,SMP,Santa Monica Pier,34.008,-118.499,2024-12-30 21:00:00+00:00,0.0,0.0,1496.0,2992.0,86394.0,0.0,0.0,,,0.0,1122.0,7854.0,100606.0
15.5,,,17.32,854,SMP,Santa Monica Pier,34.008,-118.499,2025-01-06 21:00:00+00:00,0.0,0.0,2992.0,2992.0,320144.0,0.0,2244.0,,,0.0,16456.0,22440.0,367268.0
15.0,,,8.55,855,SMP,Santa Monica Pier,34.008,-118.499,2025-01-13 21:00:00+00:00,0.0,0.0,0.0,2244.0,15708.0,30668.0,34408.0,,,0.0,236368.0,14212.0,334730.0
15.0,,,2.43,856,SMP,Santa Monica Pier,34.008,-118.499,2025-01-20 22:00:00+00:00,0.0,0.0,748.0,374.0,28798.0,13090.0,3366.0,,,0.0,138006.0,0.0,185504.0
15.0,,,1.14,857,SMP,Santa Monica Pier,34.008,-118.499,2025-01-27 22:00:00+00:00,0.0,0.0,0.0,0.0,8228.0,374.0,1122.0,,,0.0,12716.0,1122.0,25058.0
14.2,,,0.69,858,SMP,Santa Monica Pier,34.008,-118.499,2025-02-03 21:00:00+00:00,0.0,0.0,374.0,0.0,1122.0,0.0,374.0,,,0.0,1870.0,748.0,4488.0
16.0,,,0.88,859,SMP,Santa Monica Pier,34.008,-118.499,2025-02-10 21:00:00+00:00,0.0,0.0,0.0,0.0,748.0,1496.0,3366.0,,,0.0,4488.0,374.0,10472.0
16.0,,,0.53,860,SMP,Santa Monica Pier,34.008,-118.499,2025-02-17 21:00:00+00:00,0.0,0.0,0.0,0.0,0.0,374.0,0.0,,,0.0,2244.0,5236.0,8602.0
16.0,,,5.26,861,SMP,Santa Monica Pier,34.008,-118.499,2025-02-24 20:00:00+00:00,0.0,0.0,2244.0,0.0,13464.0,0.0,20196.0,,,0.0,15708.0,9724.0,61336.0
14.2,,,1.54,862,SMP,Santa Monica Pier,34.008,-118.499,2025-03-03 19:00:00+00:00,0.0,0.0,374.0,0.0,1870.0,1870.0,18326.0,,,0.0,26180.0,748.0,49742.0
14.9,,,6.68,863,SMP,Santa Monica Pier,34.008,-118.499,2025-03-10 19:00:00+00:00,0.0,0.0,6412.0,6412.0,6412.0,0.0,1528442.0,,,0.0,0.0,0.0,1547679.0
14.8,,,15.62,864,SMP,Santa Monica Pier,34.008,-118.499,2025-03-17 18:00:00+00:00,0.0,0.0,0.0,6412.0,6412.0,0.0,1042667.0,,,0.0,187703.0,0.0,1243195.0
16.1,,,5.68,865,SMP,Santa Monica Pier,34.008,-118.499,2025-03-24 18:00:00+00:00,0.0,0.0,748.0,0.0,35156.0,0.0,121924.0,,,0.0,14960.0,13464.0,186252.0
15.1,,,7.38,866,SMP,Santa Monica Pier,34.008,-118.499,2025-03-31 18:00:00+00:00,0.0,748.0,1496.0,748.0,71060.0,0.0,55352.0,,,0.0,7840.0,51612.0,188496.0
13.3,,,21.27,867,SMP,Santa Monica Pier,34.008,-118.499,2025-04-07 18:00:00+00:00,0.0,0.0,0.0,0.0,48578.0,0.0,218599.0,,,0.0,514922.0,38862.0,825818.0
14.8,,,5.38,868,SMP,Santa Monica Pier,34.008,-118.499,2025-04-14 18:00:00+00:00,0.0,0.0,0.0,0.0,19431.0,0.0,217627.0,,,0.0,104927.0,15543.0,361417.0
16.2,,,14.2,869,SMP,Santa Monica Pier,34.008,-118.499,2025-04-21 18:00:00+00:00,0.0,11428.0,8096.0,0.0,809625.0,0.0,0.0,,,0.0,8690.0,0.0,869630.0
16.9,,,5.04,870,SMP,Santa Monica Pier,34.008,-118.499,2025-04-28 19:00:00+00:00,0.0,7772.0,0.0,0.0,435254.0,0.0,0.0,,,0.0,0.0,19431.0,462458.0
17.1,,,32.3,871,SMP,Santa Monica Pier,34.008,-118.499,2025-05-05 21:00:00+00:00,0.0,0.0,1122.0,0.0,43758.0,0.0,0.0,,,0.0,10846.0,10846.0,67320.0
18.9,,,0.83,872,SMP,Santa Monica Pier,34.008,-118.499,2025-05-12 20:00:00+00:00,0.0,0.0,0.0,748.0,7854.0,3740.0,0.0,,,0.0,20570.0,2618.0,37774.0
19.0,,,0.25,873,SMP,Santa Monica Pier,34.008,-118.499,2025-05-19 21:00:00+00:00,0.0,0.0,374.0,0.0,3740.0,0.0,0.0,,,0.0,16830.0,7854.0,31042.0
20.0,,,0.37,874,SMP,Santa Monica Pier,34.008,-118.499,2025-05-26 21:00:00+00:00,0.0,0.0,374.0,0.0,2618.0,748.0,748.0,,,0.0,31790.0,7854.0,46750.0
19.8,,,0.11,875,SMP,Santa Monica Pier,34.008,-118.499,2025-06-02 21:00:00+00:00,0.0,0.0,0.0,0.0,2244.0,748.0,0.0,,,0.0,10846.0,3366.0,19074.0
18.5,,,0.36,876,SMP,Santa Monica Pier,34.008,-118.499,2025-06-09 19:00:00+00:00,0.0,0.0,0.0,0.0,748.0,748.0,374.0,,,0.0,17204.0,1496.0,20570.0
20.0,,,0.22,877,SMP,Santa Monica Pier,34.008,-118.499,2025-06-16 19:00:00+00:00,0.0,0.0,0.0,0.0,374.0,0.0,748.0,,,0.0,1122.0,0.0,2244.0
20.5,,,0.08,878,SMP,Santa Monica Pier,34.008,-118.499,2025-06-23 18:00:00+00:00,0.0,0.0,0.0,0.0,748.0,14212.0,6732.0,,,0.0,233376.0,0.0,255068.0
22.0,,,0.23,879,SMP,Santa Monica Pier,34.008,-118.499,2025-06-30 21:00:00+00:00,0.0,0.0,0.0,374.0,0.0,0.0,1122.0,,,0.0,16456.0,375.0,18326.0
21.0,,,0.28,880,SMP,Santa Monica Pier,34.008,-118.499,2025-07-07 18:00:00+00:00,0.0,0.0,0.0,748.0,5984.0,748.0,0.0,,,0.0,115192.0,1476.0,124916.0
20.0,,,0.5,881,SMP,Santa Monica Pier,34.008,-118.499,2025-07-14 17:00:00+00:00,0.0,0.0,0.0,0.0,12716.0,0.0,0.0,,,0.0,54604.0,748.0,69190.0
20.8,,,0.95,882,SMP,Santa Monica Pier,34.008,-118.499,2025-07-21 19:00:00+00:00,0.0,0.0,0.0,374.0,46376.0,0.0,0.0,,,0.0,0.0,748.0,47498.0
21.5,,,0.36,883,SMP,Santa Monica Pier,34.008,-118.499,2024-07-28 19:00:00+00:00,0.0,0.0,0.0,0.0,1870.0,0.0,0.0,,,0.0,6358.0,1870.0,10472.0
21.5,,,0.45,884,SMP,Santa Monica Pier,34.008,-118.499,2025-08-04 21:00:00+00:00,0.0,0.0,0.0,0.0,2244.0,0.0,374.0,,,0.0,6358.0,2992.0,16082.0
21.8,,,1.02,885,SMP,Santa Monica Pier,34.008,-118.499,2025-08-11 19:00:00+00:00,0.0,0.0,0.0,0.0,374.0,0.0,0.0,,,0.0,748.0,2614.0,3740.0
22.0,,,2.05,886,SMP,Santa Monica Pier,34.008,-118.499,2025-08-18 19:00:00+00:00,0.0,0.0,0.0,0.0,9350.0,0.0,0.0,,,0.0,2992.0,4114.0,16830.0
23.8,,,1.74,887,SMP,Santa Monica Pier,34.008,-118.499,2025-08-25 21:00:00+00:00,0.0,0.0,0.0,0.0,0.0,0.0,1122.0,,,0.0,31042.0,748.0,35156.0
23.5,,,1.59,888,SMP,Santa Monica Pier,34.008,-118.499,2025-09-01 21:00:00+00:00,0.0,0.0,0.0,0.0,1122.0,0.0,0.0,,,0.0,12342.0,2618.0,16830.0
23.5,,,1.09,889,SMP,Santa Monica Pier,34.008,-118.499,2025-09-08 21:00:00+00:00,748.0,0.0,0.0,0.0,0.0,1122.0,374.0,,,0.0,11220.0,374.0,14212.0
23.0,,,2.05,890,SMP,Santa Monica Pier,34.008,-118.499,2025-09-15 22:00:00+00:00,0.0,0.0,0.0,0.0,374.0,0.0,0.0,,,0.0,7106.0,0.0,7480.0
23.0,,,1.5,891,SMP,Santa Monica Pier,34.008,-118.499,2025-09-22 21:00:00+00:00,0.0,0.0,0.0,0.0,1122.0,0.0,0.0,,,0.0,4488.0,1122.0,8228.0
21.0,,,1.57,892,SMP,Santa Monica Pier,34.008,-118.499,2025-09-29 21:00:00+00:00,0.0,0.0,0.0,0.0,748.0,0.0,0.0,,,0.0,7106.0,5610.0,16830.0
21.0,,,1.94,893,SMP,Santa Monica Pier,34.008,-118.499,2025-10-06 21:00:00+00:00,0.0,0.0,742.0,374.0,2992.0,0.0,0.0,,,742.0,4488.0,5610.0,24310.0
19.0,,,2.57,894,SMP,Santa Monica Pier,34.008,-118.499,2025-10-13 22:00:00+00:00,0.0,0.0,374.0,0.0,748.0,0.0,0.0,,,0.0,19448.0,1122.0,22440.0
20.5,,,1.36,895,SMP,Santa Monica Pier,34.008,-118.499,2025-10-20 21:00:00+00:00,0.0,0.0,0.0,0.0,748.0,1496.0,0.0,,,0.0,125664.0,1122.0,131274.0
18.5,,,0.73,896,SMP,Santa Monica Pier,34.008,-118.499,2025-10-27 21:00:00+00:00,0.0,0.0,1122.0,0.0,374.0,0.0,748.0,,,0.0,2992.0,374.0,9350.0
19.0,,,1.37,897,SMP,Santa Monica Pier,34.008,-118.499,2025-11-03 21:00:00+00:00,0.0,0.0,0.0,0.0,1122.0,0.0,748.0,,,0.0,10472.0,2244.0,14960.0
18.5,,,0.89,898,SMP,Santa Monica Pier,34.008,-118.499,2025-11-10 21:00:00+00:00,0.0,0.0,0.0,0.0,374.0,0.0,0.0,,,0.0,18700.0,2244.0,22814.0
18.0,,,0.27,899,SMP,Santa Monica Pier,34.008,-118.499,2025-11-17 18:00:00+00:00,0.0,0.0,0.0,0.0,0.0,0.0,0.0,,,0.0,37400.0,0.0,37400.0
18.0,,,0.23,900,SMP,Santa Monica Pier,34.008,-118.499,2025-11-24 21:00:00+00:00,0.0,0.0,0.0,0.0,0.0,0.0,374.0,,,0.0,12342.0,374.0,14212.0
18.0,,,0.43,901,SMP,Santa Monica Pier,34.008,-118.499,2025-12-01 21:00:00+00:00,0.0,0.0,0.0,0.0,374.0,0.0,0.0,,,0.0,18700.0,2244.0,21692.0
17.4,,,0.62,902,SMP,Santa Monica Pier,34.008,-118.499,2025-12-08 21:00:00+00:00,0.0,0.0,0.0,374.0,1870.0,0.0,0.0,,,0.0,11594.0,5236.0,19822.0
19.0,,,0.33,903,SMP,Santa Monica Pier,34.008,-118.499,2025-12-15 21:00:00+00:00,0.0,0.0,0.0,0.0,12342.0,0.0,0.0,,,0.0,10472.0,0.0,26180.0
16.8,,,0.5,904,SMP,Santa Monica Pier,34.008,-118.499,2025-12-26 21:00:00+00:00,0.0,0.0,0.0,0.0,1246.6666,0.0,1246.6666,,,0.0,8103.0,0.0,11345.0
16.7,,,0.24,905,SMP,Santa Monica Pier,34.008,-118.499,2025-12-29 19:00:00+00:00,0.0,0.0,0.0,0.0,374.0,0.0,374.0,,,0.0,9724.0,0.0,11220.0
17.2,,,0.83,906,SMP,Santa Monica Pier,34.008,-118.499,2026-01-05 19:00:00+00:00,0.0,0.0,0.0,0.0,748.0,0.0,0.0,,,0.0,4114.0,374.0,6358.0
17.0,,,0.84,907,SMP,Santa Monica Pier,34.008,-118.499,2026-01-12 19:00:00+00:00,0.0,0.0,0.0,0.0,2992.0,1496.0,0.0,,,0.0,18700.0,748.0,25806.0
17.0,,,,908,SMP,Santa Monica Pier,34.008,-118.499,2026-01-19 21:00:00+00:00,0.0,0.0,0.0,0.0,7106.0,2618.0,0.0,,,0.0,10846.0,2618.0,24684.0
15.9,2.72,2.77,2.75,20240311,SIO,Scripps Pier,32.867,-117.257,2024-03-11 19:15:00+00:00,0.0,0.0,626.0,13142.0,10639.0,1252.0,0.0,5006.0,0.0,0.0,23780.0,25032.0,79477.0
16.6,3.35,3.42,3.39,20240318,SIO,Scripps Pier,32.867,-117.257,2024-03-18 19:00:00+00:00,0.0,0.0,0.0,9387.0,35046.0,13768.0,6884.0,21903.0,0.0,0.0,272223.0,64457.0,423668.0
15.3,2.94,2.88,2.91,20240325,SIO,Scripps Pier,32.867,-117.257,2024-03-25 19:34:00+00:00,0.0,0.0,1252.0,7510.0,14393.0,4381.0,4381.0,5632.0,0.0,626.0,31289.0,48812.0,118276.0
14.8,3.76,3.6,3.68,20240401,SIO,Scripps Pier,32.867,-117.257,2024-04-01 19:27:00+00:00,0.0,0.0,1252.0,1877.0,7509.0,13142.0,6884.0,3129.0,2503.0,0.0,304139.0,53194.0,393629.0
15.6,2.18,2.09,2.13,20240408,SIO,Scripps Pier,32.867,-117.257,2024-04-08 19:53:00+00:00,0.0,4381.0,1878.0,7510.0,22529.0,1252.0,0.0,626.0,1877.0,0.0,77599.0,63205.0,180857.0
15.7,1.4,1.37,1.39,20240415,SIO,Scripps Pier,32.867,-117.257,2024-04-15 18:58:00+00:00,0.0,0.0,626.0,1252.0,3755.0,2504.0,0.0,0.0,626.0,0.0,23154.0,67586.0,99503.0
16.2,4.1,4.1,4.1,20240422,SIO,Scripps Pier,32.867,-117.257,2024-04-22 18:56:00+00:00,6884.0,626.0,7510.0,5006.0,53818.0,1252.0,0.0,0.0,18148.0,1877.0,25032.0,125787.0,245940.0
17.5,3.97,4.1,4.03,20240429,SIO,Scripps Pier,32.867,-117.257,2024-04-29 19:41:00+00:00,11264.0,626.0,626.0,10013.0,64458.0,10638.0,0.0,0.0,9387.0,0.0,60703.0,53193.0,220908.0
16.7,3.22,3.22,3.22,20240506,SIO,Scripps Pier,32.867,-117.257,2024-05-06 19:10:00+00:00,3129.0,0.0,626.0,11890.0,28787.0,19400.0,30038.0,1252.0,3755.0,0.0,40052.0,71341.0,210270.0
17.7,3.3,3.48,3.39,20240513,SIO,Scripps Pier,32.867,-117.257,2024-05-13 18:31:00+00:00,12516.0,2503.0,0.0,3129.0,25032.0,65084.0,6258.0,0.0,3755.0,626.0,24406.0,83857.0,227166.0
18.2,7.86,7.78,7.82,20240520,SIO,Scripps Pier,32.867,-117.257,2024-05-20 18:51:00+00:00,12516.0,1252.0,0.0,55696.0,23154.0,3755.0,0.0,2504.0,2503.0,1252.0,20651.0,100754.0,224037.0
17.2,17.51,17.08,17.3,20240528,SIO,Scripps Pier,32.867,-117.257,2024-05-28 19:21:00+00:00,95748.0,1252.0,0.0,89490.0,33168.0,1878.0,0.0,8135.0,7510.0,1252.0,24406.0,121404.0,384243.0
17.7,16.77,16.64,16.71,20240603,SIO,Scripps Pier,32.867,-117.257,2024-06-03 19:18:00+00:00,121406.0,626.0,1252.0,82606.0,33168.0,626.0,0.0,5632.0,7509.0,6258.0,21277.0,64457.0,344817.0
18.5,1.55,1.46,1.5,20240610,SIO,Scripps Pier,32.867,-117.257,2024-06-10 19:00:00+00:00,14393.0,0.0,0.0,626.0,4381.0,3755.0,0.0,1877.0,626.0,1252.0,16896.0,16271.0,60077.0
18.5,1.63,1.64,1.63,20240617,SIO,Scripps Pier,32.867,-117.257,2024-06-17 19:19:00+00:00,626.0,0.0,0.0,6258.0,10013.0,10639.0,0.0,626.0,5007.0,0.0,153947.0,31289.0,218405.0
20.8,5.75,5.59,5.67,20240624,SIO,Scripps Pier,32.867,-117.257,2024-06-24 19:09:00+00:00,11619.0,0.0,0.0,113288.0,58097.0,275958.0,2905.0,0.0,5810.0,2905.0,1577318.0,90049.0,2137949.0
19.7,5.08,5.09,5.09,20240701,SIO,Scripps Pier,32.867,-117.257,2024-07-01 19:21:00+00:00,26909.0,626.0,1252.0,16271.0,28787.0,66335.0,1252.0,18773.0,17522.0,1252.0,182734.0,127038.0,488751.0
22.7,1.97,1.95,1.96,20240708,SIO,Scripps Pier,32.867,-117.257,2024-07-08 18:16:00+00:00,0.0,0.0,0.0,1252.0,22529.0,8761.0,626.0,3755.0,0.0,626.0,47561.0,59450.0,144560.0
21.2,3.81,3.76,3.79,20240715,SIO,Scripps Pier,32.867,-117.257,2024-07-15 19:23:00+00:00,1877.0,0.0,0.0,3129.0,8135.0,14393.0,5632.0,1252.0,0.0,1877.0,211522.0,147064.0,394881.0
21.4,4.42,4.47,4.44,20240722,SIO,Scripps Pier,32.867,-117.257,2024-07-22 19:02:00+00:00,0.0,0.0,0.0,0.0,69716.0,461867.0,26143.0,2905.0,0.0,11619.0,2411002.0,95859.0,3079111.0
20.5,5.04,5.0,5.02,20240729,SIO,Scripps Pier,32.867,-117.257,2024-07-29 19:07:00+00:00,0.0,0.0,0.0,0.0,29049.0,278863.0,37763.0,8715.0,14524.0,0.0,2315143.0,145240.0,2829297.0
19.0,1.75,1.7,1.73,20240805,SIO,Scripps Pier,32.867,-117.257,2024-08-05 19:25:00+00:00,4381.0,0.0,0.0,0.0,4381.0,7510.0,1877.0,1252.0,3755.0,0.0,60077.0,74469.0,157702.0
23.0,2.17,2.19,2.18,20240812,SIO,Scripps Pier,32.867,-117.257,2024-08-12 19:15:00+00:00,0.0,0.0,0.0,1877.0,11891.0,10639.0,2503.0,1878.0,3755.0,0.0,96999.0,63205.0,192747.0
23.5,3.35,3.28,3.31,20240819,SIO,Scripps Pier,32.867,-117.257,2024-08-19 19:22:00+00:00,0.0,626.0,0.0,0.0,50689.0,1877.0,0.0,626.0,18774.0,15019.0,107638.0,176477.0,371726.0
23.6,3.62,3.69,3.66,20240826,SIO,Scripps Pier,32.867,-117.257,2024-08-26 19:05:00+00:00,0.0,0.0,0.0,0.0,59451.0,626.0,0.0,626.0,6884.0,40051.0,35045.0,88864.0,231547.0
22.8,2.5,2.6,2.55,20240903,SIO,Scripps Pier,32.867,-117.257,2024-09-03 17:48:00+00:00,0.0,0.0,0.0,0.0,6258.0,7510.0,0.0,0.0,3755.0,0.0,91367.0,75096.0,183986.0
22.5,2.72,2.71,2.72,20240909,SIO,Scripps Pier,32.867,-117.257,2024-09-09 19:14:00+00:00,0.0,0.0,0.0,0.0,9387.0,5632.0,1877.0,0.0,3129.0,46309.0,49439.0,122658.0,238431.0
22.6,1.47,1.43,1.45,20240916,SIO,Scripps Pier,32.867,-117.257,2024-09-16 19:49:00+00:00,0.0,0.0,0.0,0.0,1877.0,0.0,0.0,626.0,0.0,21903.0,2503.0,54445.0,81354.0
18.0,2.31,2.33,2.32,20240923,SIO,Scripps Pier,32.867,-117.257,2024-09-23 19:25:00+00:00,0.0,0.0,0.0,1252.0,11265.0,1878.0,0.0,0.0,0.0,6884.0,25657.0,62579.0,109515.0
16.9,2.4,2.41,2.4,20240930,SIO,Scripps Pier,32.867,-117.257,2024-09-30 19:39:00+00:00,0.0,0.0,0.0,626.0,1252.0,5007.0,5006.0,0.0,0.0,626.0,29413.0,40676.0,82606.0
16.9,2.19,2.15,2.17,20241007,SIO,Scripps Pier,32.867,-117.257,2024-10-07 19:23:00+00:00,0.0,0.0,626.0,0.0,5633.0,3754.0,0.0,3755.0,1877.0,0.0,42555.0,30038.0,88238.0
18.1,3.15,3.21,3.18,20241014,SIO,Scripps Pier,32.867,-117.257,2024-10-14 17:58:00+00:00,0.0,2503.0,626.0,6884.0,36922.0,8135.0,0.0,5632.0,2504.0,0.0,36923.0,50690.0,150819.0
18.7,1.96,1.93,1.95,20241021,SIO,Scripps Pier,32.867,-117.257,2024-10-21 19:14:00+00:00,0.0,0.0,1252.0,1252.0,15019.0,8135.0,0.0,3129.0,626.0,0.0,34420.0,63205.0,127038.0
18.5,3.29,3.2,3.25,20241028,SIO,Scripps Pier,32.867,-117.257,2024-10-28 18:24:00+00:00,0.0,626.0,0.0,20026.0,6884.0,6258.0,0.0,3129.0,0.0,0.0,30664.0,34418.0,102005.0
17.4,2.59,2.57,2.58,20241104,SIO,Scripps Pier,32.867,-117.257,2024-11-04 20:09:00+00:00,0.0,0.0,1878.0,11890.0,8761.0,3129.0,0.0,0.0,0.0,0.0,36297.0,35671.0,97626.0
16.2,23.21,27.24,25.23,20241111,SIO,Scripps Pier,32.867,-117.257,2024-11-11 19:18:00+00:00,0.0,0.0,1878.0,380487.0,4381.0,0.0,0.0,8762.0,0.0,626.0,10013.0,71340.0,477487.0
15.3,8.28,8.38,8.33,20241118,SIO,Scripps Pier,32.867,-117.257,2024-11-18 20:22:00+00:00,0.0,0.0,626.0,68212.0,4381.0,5007.0,0.0,7510.0,0.0,0.0,6883.0,46935.0,139554.0
15.4,1.09,1.06,1.08,20241125,SIO,Scripps Pier,32.867,-117.257,2024-11-25 20:08:00+00:00,0.0,626.0,0.0,626.0,1252.0,0.0,0.0,11264.0,0.0,0.0,9387.0,128915.0,152070.0
15.6,2.87,2.84,2.86,20241202,SIO,Scripps Pier,32.867,-117.257,2024-12-02 20:14:00+00:00,0.0,626.0,1878.0,6258.0,2503.0,27535.0,626.0,30664.0,626.0,0.0,15019.0,50064.0,135799.0
14.4,1.5,1.5,1.5,20241209,SIO,Scripps Pier,32.867,-117.257,2024-12-09 20:31:00+00:00,0.0,0.0,0.0,1252.0,626.0,5007.0,0.0,1877.0,0.0,0.0,48812.0,32542.0,90116.0
13.8,3.51,3.25,3.38,20241216,SIO,Scripps Pier,32.867,-117.257,2024-12-16 18:50:00+00:00,0.0,0.0,1878.0,0.0,1252.0,1252.0,35671.0,26910.0,0.0,0.0,58199.0,33166.0,158328.0
13.2,9.86,9.57,9.71,20241223,SIO,Scripps Pier,32.867,-117.257,2024-12-23 20:25:00+00:00,0.0,626.0,0.0,10013.0,22529.0,8761.0,171470.0,75096.0,0.0,626.0,107012.0,56322.0,452455.0
13.4,5.71,5.37,5.54,20241230,SIO,Scripps Pier,32.867,-117.257,2024-12-30 20:21:00+00:00,0.0,1878.0,1252.0,4381.0,61954.0,22529.0,5632.0,8762.0,10013.0,626.0,71341.0,64455.0,252823.0
13.5,3.52,3.47,3.5,20250106,SIO,Scripps Pier,32.867,-117.257,2025-01-06 20:17:00+00:00,0.0,1252.0,1878.0,0.0,21277.0,77599.0,86986.0,2503.0,3755.0,626.0,365469.0,76973.0,638318.0
13.9,5.13,5.4,5.27,20250113,SIO,Scripps Pier,32.867,-117.257,2025-01-13 20:11:00+00:00,0.0,3129.0,1252.0,1252.0,159579.0,108889.0,37548.0,7510.0,5006.0,3129.0,144561.0,118902.0,590757.0
14.4,4.13,4.18,4.16,20250121,SIO,Scripps Pier,32.867,-117.257,2025-01-21 20:35:00+00:00,626.0,626.0,626.0,1252.0,103883.0,29413.0,16271.0,1252.0,2503.0,0.0,24406.0,93243.0,274101.0
13.4,3.5,3.23,3.37,20250127,SIO,Scripps Pier,32.867,-117.257,2025-01-27 20:13:00+00:00,0.0,626.0,1252.0,626.0,54445.0,22529.0,20026.0,626.0,8136.0,0.0,63831.0,71965.0,244062.0
14.0,5.95,6.36,6.16,20250203,SIO,Scripps Pier,32.867,-117.257,2025-02-03 19:57:00+00:00,0.0,0.0,1877.0,1877.0,178353.0,6258.0,626.0,2504.0,1252.0,0.0,7509.0,39426.0,239682.0
14.1,3.36,3.33,3.35,20250210,SIO,Scripps Pier,32.867,-117.257,2025-02-10 19:58:00+00:00,0.0,0.0,0.0,0.0,41303.0,2503.0,1252.0,1252.0,0.0,0.0,8135.0,24406.0,78851.0
15.0,4.06,3.97,4.02,20250218,SIO,Scripps Pier,32.867,-117.257,2025-02-18 20:11:00+00:00,0.0,0.0,1252.0,0.0,18774.0,23780.0,115148.0,3129.0,626.0,626.0,138928.0,53818.0,356081.0
15.6,2.12,2.16,2.14,20250224,SIO,Scripps Pier,32.867,-117.257,2025-02-24 20:39:00+00:00,0.0,1252.0,3129.0,0.0,30664.0,5632.0,626.0,6884.0,626.0,626.0,13142.0,85734.0,148315.0
15.0,2.9,2.84,2.87,20250304,SIO,Scripps Pier,32.867,-117.257,2025-03-04 20:19:00+00:00,0.0,0.0,626.0,0.0,26909.0,9387.0,0.0,5632.0,0.0,0.0,25032.0,30039.0,97625.0
13.4,2.76,2.8,2.78,20250310,SIO,Scripps Pier,32.867,-117.257,2025-03-10 19:13:00+00:00,0.0,1252.0,0.0,0.0,30039.0,12516.0,2503.0,1877.0,626.0,0.0,23155.0,37547.0,109515.0
15.1,2.62,2.56,2.59,20250317,SIO,Scripps Pier,32.867,-117.257,2025-03-17 18:50:00+00:00,0.0,3129.0,1252.0,626.0,55071.0,0.0,1877.0,5007.0,1252.0,1252.0,88238.0,60075.0,217779.0
16.0,19.31,18.82,19.06,20250324,SIO,Scripps Pier,32.867,-117.257,2025-03-24 19:10:00+00:00,148315.0,10012.0,1878.0,0.0,47560.0,9387.0,242811.0,3129.0,3755.0,626.0,152696.0,112019.0,732188.0
14.0,10.01,9.87,9.94,20250331,SIO,Scripps Pier,32.867,-117.257,2025-03-31 19:40:00+00:00,57574.0,4380.0,2504.0,0.0,47561.0,3755.0,169592.0,11264.0,3755.0,0.0,63832.0,67586.0,431803.0
15.3,20.44,20.32,20.38,20250407,SIO,Scripps Pier,32.867,-117.257,2025-04-07 19:30:00+00:00,78851.0,21903.0,626.0,0.0,117025.0,20025.0,17522.0,2504.0,10639.0,626.0,787886.0,119527.0,1177134.0
16.3,3.89,4.15,4.02,20250414,SIO,Scripps Pier,32.867,-117.257,2025-04-14 19:08:00+00:00,0.0,6884.0,1252.0,0.0,105761.0,1252.0,122031.0,6883.0,3755.0,0.0,127038.0,37548.0,412404.0
16.3,3.23,3.42,3.32,20250421,SIO,Scripps Pier,32.867,-117.257,2025-04-21 19:16:00+00:00,626.0,6884.0,626.0,626.0,104509.0,23780.0,90741.0,5007.0,8135.0,0.0,138303.0,71966.0,451203.0
16.9,1.21,1.19,1.2,20250428,SIO,Scripps Pier,32.867,-117.257,2025-04-28 19:21:00+00:00,626.0,0.0,0.0,0.0,8135.0,11264.0,17522.0,626.0,0.0,0.0,66336.0,20026.0,124535.0
16.8,1.27,1.3,1.28,20250505,SIO,Scripps Pier,32.867,-117.257,2025-05-05 19:33:00+00:00,1252.0,626.0,0.0,0.0,4381.0,3129.0,1252.0,0.0,1252.0,0.0,48186.0,35669.0,95747.0
18.2,0.63,0.64,0.64,20250512,SIO,Scripps Pier,32.867,-117.257,2025-05-12 19:23:00+00:00,0.0,626.0,0.0,0.0,9387.0,5007.0,626.0,626.0,0.0,0.0,35670.0,45683.0,97625.0
17.6,2.16,2.16,2.16,20250519,SIO,Scripps Pier,32.867,-117.257,2025-05-19 18:52:00+00:00,11264.0,626.0,0.0,0.0,5007.0,7510.0,1877.0,1878.0,626.0,0.0,82606.0,22528.0,133922.0
20.2,0.68,0.67,0.68,20250527,SIO,Scripps Pier,32.867,-117.257,2025-05-27 19:56:00+00:00,0.0,626.0,0.0,0.0,0.0,5632.0,626.0,626.0,626.0,0.0,6258.0,44431.0,58825.0
18.1,2.13,2.14,2.13,20250602,SIO,Scripps Pier,32.867,-117.257,2025-06-02 19:10:00+00:00,4381.0,626.0,0.0,0.0,2503.0,170218.0,7510.0,626.0,0.0,0.0,110767.0,35670.0,332301.0
17.3,21.38,20.96,21.17,20250609,SIO,Scripps Pier,32.867,-117.257,2025-06-09 19:05:00+00:00,430552.0,1252.0,0.0,0.0,10014.0,103883.0,7510.0,5007.0,626.0,3129.0,129541.0,161454.0,852968.0
20.0,0.79,0.82,0.8,20250616,SIO,Scripps Pier,32.867,-117.257,2025-06-16 19:41:00+00:00,0.0,0.0,0.0,0.0,3129.0,39426.0,3755.0,626.0,0.0,0.0,147689.0,33793.0,228418.0
20.7,1.38,1.37,1.37,20250623,SIO,Scripps Pier,32.867,-117.257,2025-06-23 19:22:00+00:00,0.0,0.0,0.0,0.0,0.0,81419.0,2961.0,1480.0,0.0,0.0,602505.0,39970.0,728335.0
20.2,3.19,3.1,3.15,20250630,SIO,Scripps Pier,32.867,-117.257,2025-06-30 21:36:00+00:00,0.0,0.0,1480.0,0.0,5921.0,219092.0,37009.0,0.0,0.0,0.0,1074738.0,105106.0,1443346.0
21.3,2.43,2.41,2.42,20250707,SIO,Scripps Pier,32.867,-117.257,2025-07-07 19:10:00+00:00,626.0,0.0,0.0,0.0,1878.0,119528.0,2503.0,626.0,0.0,0.0,1031948.0,97624.0,1254733.0
20.2,5.2,5.26,5.23,20250714,SIO,Scripps Pier,32.867,-117.257,2025-07-14 19:30:00+00:00,0.0,0.0,0.0,626.0,207141.0,30664.0,1252.0,6258.0,1878.0,0.0,642698.0,119527.0,1010044.0
20.8,4.63,4.56,4.6,20250721,SIO,Scripps Pier,32.867,-117.257,2025-07-21 18:56:00+00:00,0.0,0.0,0.0,0.0,11619.0,29049.0,8714.0,0.0,0.0,2905.0,2968728.0,75525.0,3096540.0
21.7,2.28,2.28,2.28,20250728,SIO,Scripps Pier,32.867,-117.257,2025-07-28 19:15:00+00:00,0.0,0.0,0.0,0.0,9773.0,3909.0,0.0,3909.0,0.0,0.0,807204.0,130950.0,955745.0
18.1,5.44,5.29,5.37,20250804,SIO,Scripps Pier,32.867,-117.257,2025-08-04 20:14:00+00:00,0.0,0.0,0.0,0.0,23780.0,12516.0,0.0,1252.0,0.0,0.0,115773.0,399887.0,553208.0
22.6,1.2,1.19,1.19,20250811,SIO,Scripps Pier,32.867,-117.257,2025-08-11 19:40:00+00:00,0.0,0.0,0.0,0.0,6884.0,2504.0,626.0,1877.0,0.0,0.0,406770.0,98877.0,517538.0
22.3,1.09,1.11,1.1,20250818,SIO,Scripps Pier,32.867,-117.257,2025-08-18 19:25:00+00:00,0.0,0.0,0.0,0.0,3129.0,10013.0,0.0,0.0,626.0,626.0,611408.0,53193.0,678995.0
23.0,1.86,1.86,1.86,20250825,SIO,Scripps Pier,32.867,-117.257,2025-08-25 19:03:00+00:00,0.0,626.0,0.0,0.0,0.0,11890.0,0.0,0.0,1252.0,0.0,52568.0,77599.0,143935.0
23.1,1.4,1.39,1.39,20250902,SIO,Scripps Pier,32.867,-117.257,2025-09-02 18:32:00+00:00,0.0,0.0,0.0,0.0,1252.0,13768.0,0.0,0.0,0.0,626.0,41303.0,77599.0,134548.0
23.4,0.93,0.95,0.94,20250908,SIO,Scripps Pier,32.867,-117.257,2025-09-08 18:52:00+00:00,0.0,626.0,2503.0,0.0,5632.0,3129.0,6884.0,626.0,0.0,0.0,61954.0,57574.0,138928.0
21.5,0.61,0.63,0.62,20250915,SIO,Scripps Pier,32.867,-117.257,2025-09-15 18:06:00+00:00,0.0,0.0,0.0,0.0,626.0,3755.0,6258.0,1252.0,0.0,0.0,20025.0,25657.0,57573.0
16.9,1.54,1.52,1.53,20250922,SIO,Scripps Pier,32.867,-117.257,2025-09-22 19:16:00+00:00,0.0,0.0,0.0,0.0,626.0,15019.0,3755.0,626.0,626.0,626.0,96999.0,55070.0,173347.0
19.7,1.36,1.29,1.32,20250929,SIO,Scripps Pier,32.867,-117.257,2025-09-29 19:08:00+00:00,0.0,0.0,3129.0,0.0,1252.0,0.0,1252.0,4380.0,626.0,0.0,67586.0,55071.0,133296.0
19.8,2.09,2.14,2.12,20251006,SIO,Scripps Pier,32.867,-117.257,2025-10-06 19:03:00+00:00,0.0,626.0,626.0,0.0,13142.0,3129.0,0.0,1878.0,1878.0,0.0,113270.0,95120.0,229669.0
16.8,2.35,2.28,2.32,20251013,SIO,Scripps Pier,32.867,-117.257,2025-10-13 19:32:00+00:00,0.0,626.0,626.0,0.0,1252.0,3129.0,5632.0,1878.0,0.0,1252.0,99503.0,45056.0,158954.0
18.5,0.98,0.95,0.97,20251020,SIO,Scripps Pier,32.867,-117.257,2025-10-20 21:21:00+00:00,0.0,0.0,626.0,0.0,8136.0,6258.0,8761.0,1252.0,0.0,0.0,257831.0,73218.0,356082.0
18.6,2.52,2.47,2.49,20251027,SIO,Scripps Pier,32.867,-117.257,2025-10-27 19:14:00+00:00,0.0,0.0,0.0,0.0,3755.0,8135.0,0.0,1252.0,0.0,0.0,58200.0,54444.0,125786.0
20.0,1.39,1.39,1.39,20251103,SIO,Scripps Pier,32.867,-117.257,2025-11-03 20:11:00+00:00,0.0,0.0,0.0,0.0,0.0,2503.0,0.0,626.0,0.0,0.0,28787.0,33793.0,65709.0
19.0,2.95,2.97,2.96,20251110,SIO,Scripps Pier,32.867,-117.257,2025-11-10 19:52:00+00:00,0.0,0.0,0.0,0.0,10013.0,3129.0,626.0,626.0,0.0,0.0,37548.0,102631.0,154573.0
18.9,0.83,0.87,0.85,20251117,SIO,Scripps Pier,32.867,-117.257,2025-11-17 20:01:00+00:00,0.0,0.0,0.0,0.0,1252.0,0.0,0.0,0.0,0.0,0.0,20651.0,30038.0,51941.0
17.5,1.01,1.04,1.03,20251124,SIO,Scripps Pier,32.867,-117.257,2025-11-24 20:01:00+00:00,,,,,,,,,,,,,
17.9,0.84,0.82,0.83,20251201,SIO,Scripps Pier,32.867,-117.257,2025-12-01 20:49:00+00:00,0.0,0.0,0.0,0.0,544.0,272.0,0.0,1088.0,544.0,0.0,11146.0,12912.0,26506.0
17.8,1.05,1.04,1.04,20251208,SIO,Scripps Pier,32.867,-117.257,2025-12-08 20:17:00+00:00,0.0,0.0,0.0,0.0,1286.0,0.0,0.0,0.0,0.0,0.0,7396.0,32155.0,40837.0
16.9,1.62,1.57,1.6,20251215,SIO,Scripps Pier,32.867,-117.257,2025-12-15 20:06:00+00:00,0.0,0.0,0.0,0.0,1642.0,2461.0,821.0,1231.0,1641.0,0.0,27487.0,54152.0,89435.0
17.2,1.34,1.32,1.33,20251222,SIO,Scripps Pier,32.867,-117.257,2025-12-22 20:24:00+00:00,,,,,,,,,,,,,
17.2,1.09,1.06,1.07,20251229,SIO,Scripps Pier,32.867,-117.257,2025-12-29 20:14:00+00:00,,,,,,,,,,,,,
17.2,2.1,2.16,2.13,20260105,SIO,Scripps Pier,32.867,-117.257,2026-01-05 20:18:00+00:00,0.0,0.0,626.0,0.0,626.0,6258.0,1252.0,2503.0,6884.0,0.0,40677.0,65083.0,123909.0
16.9,,,,20260112,SIO,Scripps Pier,32.867,-117.257,2026-01-12 20:33:00+00:00,,,,,,,,,,,,,
12.8,3.751,,3.751,20240311.0,SW,Stearns Wharf,34.408043,-119.68485,2024-03-11 14:15:00+00:00,0.0,0.0,0.0,0.0,0.0,28080.0,35320.0,0.0,0.0,0.0,281400.0,7530.0,352330.0
12.9,3.778,,3.778,20240318.0,SW,Stearns Wharf,34.408043,-119.68485,2024-03-18 14:45:00+00:00,0.0,0.0,0.0,0.0,0.0,67450.0,7240.0,0.0,0.0,0.0,271260.0,14190.0,360140.0
9.6,0.379,,0.379,20240325.0,SW,Stearns Wharf,34.408043,-119.68485,2024-03-25 15:00:00+00:00,0.0,0.0,0.0,0.0,0.0,430.0,870.0,0.0,0.0,0.0,7670.0,3620.0,12590.0
11.9,6.698,,6.698,20240402.0,SW,Stearns Wharf,34.408043,-119.68485,2024-04-02 16:00:00+00:00,0.0,0.0,0.0,0.0,0.0,8110.0,0.0,870.0,0.0,0.0,490420.0,5210.0,504610.0
12.1,4.774,,4.774,20240408.0,SW,Stearns Wharf,34.408043,-119.68485,2024-04-08 15:15:00+00:00,0.0,0.0,0.0,0.0,1450.0,2320.0,6370.0,0.0,0.0,0.0,127090.0,29240.0,166470.0
12.9,1.913,,1.913,20240415.0,SW,Stearns Wharf,34.408043,-119.68485,2024-04-15 15:00:00+00:00,290.0,0.0,290.0,0.0,1450.0,580.0,0.0,290.0,0.0,0.0,16790.0,48640.0,68330.0
13.6,1.98,,1.98,20240422.0,SW,Stearns Wharf,34.408043,-119.68485,2024-04-22 15:15:00+00:00,0.0,0.0,720.0,0.0,430.0,7960.0,720.0,870.0,0.0,0.0,20410.0,14760.0,45870.0
13.5,1.048,,1.048,20240429.0,SW,Stearns Wharf,34.408043,-119.68485,2024-04-29 15:00:00+00:00,0.0,0.0,0.0,0.0,290.0,39370.0,4920.0,0.0,0.0,0.0,92350.0,20550.0,157480.0
10.4,2.667,,2.667,20240506.0,SW,Stearns Wharf,34.408043,-119.68485,2024-05-06 15:00:00+00:00,0.0,0.0,0.0,0.0,0.0,29530.0,6080.0,0.0,0.0,0.0,46030.0,52110.0,133750.0
12.8,2.992,,2.992,20240512.0,SW,Stearns Wharf,34.408043,-119.68485,2024-05-12 15:30:00+00:00,0.0,0.0,870.0,0.0,1160.0,47480.0,7240.0,0.0,0.0,0.0,74980.0,42270.0,174000.0
10.9,2.824,,2.824,20240520.0,SW,Stearns Wharf,34.408043,-119.68485,2024-05-20 15:00:00+00:00,0.0,0.0,580.0,0.0,290.0,71510.0,67160.0,290.0,0.0,0.0,33580.0,1450.0,174860.0
15.8,2.659,,2.659,20240528.0,SW,Stearns Wharf,34.408043,-119.68485,2024-05-28 15:00:00+00:00,0.0,580.0,1450.0,0.0,4340.0,57610.0,6950.0,290.0,0.0,0.0,43720.0,8110.0,123050.0
13.5,6.844,,6.844,20240603.0,SW,Stearns Wharf,34.408043,-119.68485,2024-06-03 15:00:00+00:00,0.0,580.0,3910.0,0.0,140.0,1450.0,0.0,1590.0,0.0,0.0,21420.0,8400.0,37490.0
13.7,2.659,,2.659,20240610.0,SW,Stearns Wharf,34.408043,-119.68485,2024-06-10 15:00:00+00:00,1450.0,0.0,430.0,0.0,290.0,7380.0,0.0,0.0,0.0,0.0,22440.0,2750.0,34740.0
17.4,1.628,,1.628,20240618.0,SW,Stearns Wharf,34.408043,-119.68485,2024-06-18 14:45:00+00:00,4340.0,0.0,0.0,290.0,4200.0,1450.0,0.0,140.0,0.0,0.0,5930.0,5210.0,21560.0
16.5,2.626,,2.626,20240625.0,SW,Stearns Wharf,34.408043,-119.68485,2024-06-25 15:00:00+00:00,580.0,290.0,0.0,0.0,580.0,123040.0,0.0,0.0,0.0,0.0,181230.0,870.0,306590.0
14.9,1.192,,1.192,20240701.0,SW,Stearns Wharf,34.408043,-119.68485,2024-07-01 15:45:00+00:00,0.0,0.0,0.0,0.0,3760.0,0.0,2900.0,0.0,0.0,0.0,94670.0,3180.0,104510.0
16.0,1.949,,1.949,20240708.0,SW,Stearns Wharf,34.408043,-119.68485,2024-07-08 15:30:00+00:00,1450.0,0.0,580.0,0.0,30690.0,0.0,0.0,1590.0,0.0,0.0,3180.0,10420.0,47910.0
15.3,11.289,,11.289,20240715.0,SW,Stearns Wharf,34.408043,-119.68485,2024-07-15 15:34:00+00:00,46320.0,0.0,430.0,140.0,3760.0,0.0,0.0,720.0,0.0,0.0,6660.0,6370.0,64400.0
14.3,3.58,,3.58,20240723.0,SW,Stearns Wharf,34.408043,-119.68485,2024-07-23 15:25:00+00:00,21420.0,0.0,0.0,0.0,1740.0,35610.0,0.0,0.0,0.0,0.0,70060.0,580.0,129410.0
15.2,2.233,,2.233,20240729.0,SW,Stearns Wharf,34.408043,-119.68485,2024-07-29 15:32:00+00:00,3470.0,0.0,0.0,0.0,2610.0,335250.0,2610.0,0.0,0.0,0.0,350300.0,6080.0,700320.0
15.5,1.482,,1.482,20240805.0,SW,Stearns Wharf,34.408043,-119.68485,2024-08-05 15:25:00+00:00,2030.0,0.0,0.0,0.0,8690.0,12740.0,2030.0,290.0,0.0,0.0,179200.0,29820.0,234800.0
15.8,26.001,,26.001,20240812.0,SW,Stearns Wharf,34.408043,-119.68485,2024-08-12 15:30:00+00:00,195130.0,0.0,3760.0,0.0,12450.0,0.0,0.0,6660.0,0.0,0.0,4920.0,6370.0,229290.0
18.5,3.813,,3.813,20240819.0,SW,Stearns Wharf,34.408043,-119.68485,2024-08-19 15:30:00+00:00,4340.0,0.0,290.0,0.0,85690.0,2030.0,870.0,870.0,0.0,0.0,48350.0,6080.0,148520.0
18.6,1.407,,1.407,20240826.0,SW,Stearns Wharf,34.408043,-119.68485,2024-08-26 15:13:00+00:00,4200.0,0.0,430.0,0.0,5070.0,1590.0,720.0,1880.0,1160.0,0.0,5500.0,8540.0,29090.0
18.3,1.205,,1.205,20240903.0,SW,Stearns Wharf,34.408043,-119.68485,2024-09-03 15:38:00+00:00,0.0,0.0,870.0,580.0,870.0,4920.0,4630.0,1160.0,0.0,0.0,39950.0,9260.0,62240.0
18.9,2.302,,2.302,20240909.0,SW,Stearns Wharf,34.408043,-119.68485,2024-09-09 15:31:00+00:00,0.0,0.0,0.0,2900.0,23880.0,580.0,0.0,11150.0,0.0,0.0,5930.0,6950.0,51390.0
16.2,1.208,,1.208,20240916.0,SW,Stearns Wharf,34.408043,-119.68485,2024-09-16 15:21:00+00:00,0.0,0.0,0.0,870.0,6950.0,1880.0,14190.0,13460.0,0.0,0.0,8110.0,9550.0,55010.0
15.8,2.589,,2.589,20240923.0,SW,Stearns Wharf,34.408043,-119.68485,2024-09-23 15:47:00+00:00,0.0,0.0,0.0,1880.0,3910.0,0.0,18530.0,19690.0,0.0,0.0,8970.0,3040.0,56020.0
15.4,5.513,,5.513,20240930.0,SW,Stearns Wharf,34.408043,-119.68485,2024-09-30 15:25:00+00:00,4050.0,0.0,8110.0,24900.0,4340.0,2320.0,2320.0,42850.0,1160.0,0.0,14190.0,10710.0,114950.0
17.3,11.049,,11.049,20241007.0,SW,Stearns Wharf,34.408043,-119.68485,2024-10-07 15:24:00+00:00,1740.0,0.0,24030.0,17660.0,10710.0,1740.0,0.0,26920.0,41980.0,0.0,10420.0,11580.0,146780.0
17.3,1.323,,1.323,20241014.0,SW,Stearns Wharf,34.408043,-119.68485,2024-10-14 15:30:00+00:00,0.0,0.0,0.0,1010.0,290.0,4490.0,6510.0,870.0,0.0,0.0,22150.0,3760.0,39080.0
16.5,1.882,,1.882,20241021.0,SW,Stearns Wharf,34.408043,-119.68485,2024-10-21 15:30:00+00:00,140.0,0.0,290.0,3760.0,1740.0,580.0,0.0,430.0,870.0,0.0,12740.0,8250.0,28800.0
16.9,1.918,,1.918,20241028.0,SW,Stearns Wharf,34.408043,-119.68485,2024-10-28 15:36:00+00:00,0.0,0.0,870.0,12450.0,1160.0,1740.0,2030.0,1740.0,0.0,0.0,40530.0,9840.0,70360.0
14.1,10.184,,10.184,20241104.0,SW,Stearns Wharf,34.408043,-119.68485,2024-11-04 16:23:00+00:00,580.0,0.0,580.0,43140.0,8690.0,0.0,0.0,2030.0,3470.0,0.0,8970.0,16500.0,83960.0
14.2,2.749,,2.749,20241111.0,SW,Stearns Wharf,34.408043,-119.68485,2024-11-11 16:30:00+00:00,290.0,0.0,580.0,1740.0,7820.0,3760.0,1160.0,1160.0,0.0,0.0,56450.0,17660.0,90620.0
11.8,0.814,,0.814,20241118.0,SW,Stearns Wharf,34.408043,-119.68485,2024-11-18 16:24:00+00:00,0.0,0.0,290.0,2170.0,2460.0,0.0,1590.0,140.0,2320.0,0.0,7960.0,5650.0,22580.0
13.1,4.515,,4.515,20241125.0,SW,Stearns Wharf,34.408043,-119.68485,2024-11-25 16:26:00+00:00,0.0,0.0,870.0,4200.0,8690.0,720.0,580.0,2900.0,23590.0,0.0,2170.0,11150.0,54870.0
12.8,7.492,,7.492,20241202.0,SW,Stearns Wharf,34.408043,-119.68485,2024-12-02 16:22:00+00:00,7240.0,0.0,2030.0,6370.0,10130.0,0.0,0.0,4340.0,25770.0,0.0,4340.0,19400.0,79620.0
12.3,58.901,,58.901,20241209.0,SW,Stearns Wharf,34.408043,-119.68485,2024-12-09 16:30:00+00:00,176600.0,0.0,8690.0,111460.0,17370.0,0.0,0.0,8690.0,942330.0,0.0,0.0,169360.0,1434500.0
12.5,7.974,,7.974,20241217.0,SW,Stearns Wharf,34.408043,-119.68485,2024-12-17 16:25:00+00:00,1160.0,0.0,580.0,1160.0,4630.0,5790.0,8400.0,290.0,9550.0,0.0,35610.0,10710.0,77880.0
13.8,25.196,,25.196,20241230.0,SW,Stearns Wharf,34.408043,-119.68485,2024-12-30 16:07:00+00:00,45740.0,0.0,1160.0,3180.0,28080.0,0.0,0.0,2610.0,11870.0,0.0,2900.0,18820.0,114360.0
12.8,0.982,,0.982,20250106.0,SW,Stearns Wharf,34.408043,-119.68485,2025-01-06 16:43:00+00:00,1450.0,0.0,290.0,140.0,8690.0,0.0,290.0,870.0,0.0,0.0,5500.0,5500.0,22730.0
12.5,3.146,,3.146,20250113.0,SW,Stearns Wharf,34.408043,-119.68485,2025-01-13 16:20:00+00:00,5500.0,0.0,290.0,870.0,23160.0,3760.0,2320.0,870.0,580.0,0.0,23160.0,9550.0,70060.0
13.2,1.118,,1.118,20250120.0,SW,Stearns Wharf,34.408043,-119.68485,2025-01-20 16:32:00+00:00,6950.0,580.0,140.0,0.0,7960.0,0.0,290.0,140.0,1160.0,0.0,5360.0,6800.0,29380.0
12.1,4.893,,4.893,20250127.0,SW,Stearns Wharf,34.408043,-119.68485,2025-01-27 16:20:00+00:00,7670.0,0.0,0.0,0.0,15200.0,0.0,580.0,0.0,1300.0,0.0,9550.0,4780.0,39080.0
13.1,1.087,,1.087,20250203.0,SW,Stearns Wharf,34.408043,-119.68485,2025-02-03 16:25:00+00:00,580.0,0.0,720.0,140.0,4340.0,0.0,4200.0,290.0,0.0,0.0,15200.0,2460.0,27930.0
13.6,1.438,,1.438,20250210.0,SW,Stearns Wharf,34.408043,-119.68485,2025-02-10 16:38:00+00:00,530.0,0.0,980.0,90.0,9050.0,0.0,1770.0,1600.0,180.0,0.0,710.0,4530.0,19440.0
13.5,1.525,,1.525,20250218.0,SW,Stearns Wharf,34.408043,-119.68485,2025-02-18 16:29:00+00:00,800.0,1330.0,90.0,0.0,2570.0,0.0,2750.0,270.0,0.0,0.0,11180.0,2480.0,21470.0
13.8,1.026,,1.026,20250224.0,SW,Stearns Wharf,34.408043,-119.68485,2025-02-24 17:15:00+00:00,3900.0,0.0,90.0,0.0,710.0,0.0,890.0,350.0,180.0,0.0,980.0,2130.0,9230.0
11.6,0.328,,0.328,20250303.0,SW,Stearns Wharf,34.408043,-119.68485,2025-03-03 16:20:00+00:00,0.0,0.0,0.0,0.0,0.0,0.0,0.0,0.0,0.0,0.0,2570.0,0.0,2570.0
11.3,2.212,,2.212,20250310.0,SW,Stearns Wharf,34.408043,-119.68485,2025-03-10 15:25:00+00:00,350.0,0.0,0.0,0.0,180.0,0.0,68510.0,0.0,0.0,0.0,24310.0,350.0,93700.0
12.6,1.698,,1.698,20250317.0,SW,Stearns Wharf,34.408043,-119.68485,2025-03-17 15:19:00+00:00,290.0,0.0,0.0,0.0,290.0,580.0,66880.0,0.0,0.0,0.0,28950.0,0.0,96990.0
14.5,1.198,,1.198,20250324.0,SW,Stearns Wharf,34.408043,-119.68485,2025-03-24 14:51:00+00:00,0.0,0.0,430.0,0.0,6660.0,290.0,8400.0,0.0,0.0,0.0,24610.0,5930.0,46320.0
14.9,2.077,,2.077,20250331.0,SW,Stearns Wharf,34.408043,-119.68485,2025-03-31 15:25:00+00:00,8690.0,580.0,1740.0,0.0,22870.0,0.0,1740.0,6660.0,0.0,0.0,17080.0,10710.0,70070.0
11.9,0.142,,0.142,20250407.0,SW,Stearns Wharf,34.408043,-119.68485,2025-04-07 15:20:00+00:00,0.0,640.0,0.0,0.0,230.0,0.0,2610.0,60.0,0.0,0.0,7870.0,3360.0,14770.0
13.9,4.116,,4.116,20250414.0,SW,Stearns Wharf,34.408043,-119.68485,2025-04-14 15:25:00+00:00,33870.0,6660.0,0.0,0.0,1160.0,0.0,70930.0,1450.0,3470.0,0.0,42560.0,4050.0,164150.0
13.4,4.63,,4.63,20250421.0,SW,Stearns Wharf,34.408043,-119.68485,2025-04-21 15:24:00+00:00,2610.0,2320.0,2610.0,0.0,22870.0,0.0,66010.0,7530.0,31560.0,0.0,4920.0,13610.0,154040.0
13.5,3.691,,3.691,20250428.0,SW,Stearns Wharf,34.408043,-119.68485,2025-04-28 15:25:00+00:00,3470.0,0.0,2320.0,0.0,4050.0,113490.0,0.0,4920.0,34160.0,0.0,54140.0,11870.0,228420.0
15.6,0.27,,0.27,20250505.0,SW,Stearns Wharf,34.408043,-119.68485,2025-05-05 15:40:00+00:00,0.0,0.0,290.0,0.0,870.0,44870.0,0.0,290.0,0.0,0.0,23160.0,1450.0,70930.0
16.9,0.716,,0.716,20250512.0,SW,Stearns Wharf,34.408043,-119.68485,2025-05-12 15:34:00+00:00,0.0,0.0,580.0,0.0,4050.0,1010.0,2030.0,430.0,720.0,0.0,18530.0,1880.0,29230.0
16.8,2.071,,2.071,20250519.0,SW,Stearns Wharf,34.408043,-119.68485,2025-05-19 15:21:00+00:00,11290.0,0.0,140.0,0.0,3760.0,0.0,0.0,140.0,0.0,0.0,430.0,10570.0,26330.0
17.9,0.549,,0.549,20250526.0,SW,Stearns Wharf,34.408043,-119.68485,2025-05-26 15:24:00+00:00,430.0,0.0,720.0,0.0,4920.0,0.0,0.0,290.0,0.0,0.0,580.0,11150.0,18090.0
17.2,3.623,,3.623,20250602.0,SW,Stearns Wharf,34.408043,-119.68485,2025-06-02 15:21:00+00:00,42850.0,0.0,0.0,0.0,2320.0,0.0,0.0,1450.0,0.0,0.0,0.0,22870.0,69490.0
16.0,0.344,,0.344,20250609.0,SW,Stearns Wharf,34.408043,-119.68485,2025-06-09 15:19:00+00:00,0.0,0.0,140.0,0.0,870.0,2320.0,0.0,1160.0,0.0,0.0,21710.0,870.0,27070.0
17.8,1.498,,1.498,20250616.0,SW,Stearns Wharf,34.408043,-119.68485,2025-06-16 15:24:00+00:00,0.0,0.0,0.0,0.0,4340.0,4630.0,0.0,290.0,0.0,0.0,203520.0,22000.0,234780.0
17.9,0.766,,0.766,20250623.0,SW,Stearns Wharf,34.408043,-119.68485,2025-06-23 15:25:00+00:00,0.0,0.0,870.0,0.0,3760.0,0.0,0.0,580.0,0.0,0.0,134910.0,15920.0,156040.0
16.9,0.918,,0.918,20250630.0,SW,Stearns Wharf,34.408043,-119.68485,2025-06-30 16:00:00+00:00,0.0,0.0,290.0,0.0,12590.0,0.0,0.0,720.0,0.0,0.0,26200.0,3040.0,42840.0
17.6,0.526,,0.526,20250707.0,SW,Stearns Wharf,34.408043,-119.68485,2025-07-07 15:23:00+00:00,0.0,0.0,140.0,0.0,10710.0,0.0,0.0,290.0,290.0,0.0,47190.0,3330.0,61950.0
15.4,1.71,,1.71,20250714.0,SW,Stearns Wharf,34.408043,-119.68485,2025-07-14 15:26:00+00:00,3180.0,290.0,290.0,0.0,37920.0,0.0,0.0,870.0,290.0,0.0,15050.0,15920.0,73810.0
16.8,3.051,,3.051,20250721.0,SW,Stearns Wharf,34.408043,-119.68485,2025-07-21 15:30:00+00:00,0.0,0.0,1160.0,0.0,177180.0,0.0,0.0,4630.0,0.0,0.0,2030.0,145620.0,330620.0
16.5,7.312,,7.312,20250728.0,SW,Stearns Wharf,34.408043,-119.68485,2025-07-28 14:05:00+00:00,290.0,0.0,290.0,0.0,166750.0,0.0,0.0,6660.0,0.0,0.0,1450.0,5790.0,181230.0
16.8,6.943,,6.943,20250804.0,SW,Stearns Wharf,34.408043,-119.68485,2025-08-04 15:24:00+00:00,10130.0,0.0,3180.0,0.0,120430.0,0.0,0.0,11870.0,0.0,0.0,870.0,27500.0,173980.0
17.4,1.227,,1.227,20250811.0,SW,Stearns Wharf,34.408043,-119.68485,2025-08-11 15:28:00+00:00,870.0,0.0,430.0,0.0,17950.0,290.0,0.0,1300.0,290.0,0.0,13900.0,9260.0,44290.0
19.0,1.193,,1.193,20250818.0,SW,Stearns Wharf,34.408043,-119.68485,2025-08-18 15:25:00+00:00,0.0,0.0,1740.0,0.0,12740.0,0.0,0.0,9550.0,0.0,0.0,11290.0,26060.0,61380.0
19.6,1.15,,1.15,20250825.0,SW,Stearns Wharf,34.408043,-119.68485,2025-08-25 15:17:00+00:00,0.0,0.0,580.0,0.0,4490.0,0.0,0.0,0.0,0.0,0.0,26920.0,17080.0,49070.0
20.4,0.759,,0.759,20250901.0,SW,Stearns Wharf,34.408043,-119.68485,2025-09-01 15:30:00+00:00,0.0,0.0,290.0,0.0,6950.0,0.0,0.0,2900.0,0.0,0.0,56450.0,53850.0,120440.0
20.5,0.467,,0.467,20250908.0,SW,Stearns Wharf,34.408043,-119.68485,2025-09-08 15:25:00+00:00,0.0,0.0,0.0,0.0,3760.0,0.0,0.0,580.0,0.0,0.0,90900.0,29240.0,124480.0
19.9,0.56,,0.56,20250915.0,SW,Stearns Wharf,34.408043,-119.68485,2025-09-15 15:18:00+00:00,0.0,0.0,0.0,0.0,1740.0,0.0,0.0,1160.0,0.0,0.0,41110.0,14190.0,58200.0
20.1,1.071,,1.071,20250922.0,SW,Stearns Wharf,34.408043,-119.68485,2025-09-22 17:04:00+00:00,0.0,0.0,1160.0,0.0,2030.0,0.0,0.0,2320.0,0.0,0.0,37060.0,30400.0,72970.0
19.1,1.302,,1.302,20250929.0,SW,Stearns Wharf,34.408043,-119.68485,2025-09-29 15:14:00+00:00,0.0,0.0,0.0,0.0,1450.0,0.0,0.0,2320.0,0.0,0.0,9990.0,17230.0,30990.0
19.5,0.959,,0.959,20251006.0,SW,Stearns Wharf,34.408043,-119.68485,2025-10-06 15:40:00+00:00,0.0,0.0,0.0,0.0,580.0,0.0,0.0,3040.0,0.0,0.0,17510.0,4490.0,25620.0
18.5,1.302,,1.302,20251013.0,SW,Stearns Wharf,34.408043,-119.68485,2025-10-13 15:17:00+00:00,0.0,0.0,0.0,0.0,1160.0,0.0,1160.0,0.0,580.0,0.0,89460.0,2610.0,94970.0
18.1,0.831,,0.831,20251020.0,SW,Stearns Wharf,34.408043,-119.68485,2025-10-20 15:09:00+00:00,0.0,0.0,0.0,0.0,580.0,1300.0,1010.0,3620.0,0.0,0.0,40240.0,4200.0,50950.0
17.6,0.332,,0.332,20251027.0,SW,Stearns Wharf,34.408043,-119.68485,2025-10-27 15:15:00+00:00,0.0,0.0,0.0,0.0,430.0,0.0,1740.0,1300.0,0.0,0.0,24900.0,1300.0,29670.0
17.2,1.235,,1.235,20251103.0,SW,Stearns Wharf,34.408043,-119.68485,2025-11-03 16:19:00+00:00,0.0,0.0,0.0,0.0,870.0,2610.0,0.0,3470.0,0.0,0.0,64270.0,2030.0,73250.0
17.8,0.51,,0.51,20251110.0,SW,Stearns Wharf,34.408043,-119.68485,2025-11-10 16:12:00+00:00,0.0,0.0,580.0,0.0,3180.0,0.0,0.0,4920.0,430.0,0.0,16210.0,3760.0,29080.0
17.1,6.065,,6.065,20251117.0,SW,Stearns Wharf,34.408043,-119.68485,2025-11-17 16:15:00+00:00,0.0,0.0,0.0,0.0,2320.0,0.0,0.0,47770.0,0.0,0.0,8970.0,4920.0,63980.0
16.8,,,,20251124.0,SW,Stearns Wharf,34.408043,-119.68485,2025-11-24 14:38:00+00:00,0.0,0.0,0.0,0.0,0.0,0.0,0.0,3040.0,0.0,0.0,2320.0,870.0,6230.0
16.2,,,,20251201.0,SW,Stearns Wharf,34.408043,-119.68485,2025-12-01 16:16:00+00:00,0.0,0.0,0.0,0.0,1590.0,0.0,0.0,870.0,0.0,0.0,32420.0,430.0,35310.0
16.9,,,,20251208.0,SW,Stearns Wharf,34.408043,-119.68485,2025-12-08 15:19:00+00:00,0.0,0.0,0.0,0.0,580.0,0.0,580.0,0.0,0.0,0.0,155460.0,2030.0,158650.0
17.0,,,,20251215.0,SW,Stearns Wharf,34.408043,-119.68485,2025-12-15 16:19:00+00:00,0.0,0.0,0.0,0.0,0.0,0.0,0.0,870.0,0.0,0.0,114060.0,1450.0,116380.0
,,,,TB Buoy,TBB,Tomales Bay Mid-Channel Buoy,38.18967,-122.9286,2024-03-28 20:28:00+00:00,0.0,0.0,0.0,0.0,13.0,0.0,0.0,0.0,0.0,0.0,2511.0,0.0,2524.0
,,,,TB Buoy,TBB,Tomales Bay Mid-Channel Buoy,38.18967,-122.9286,2024-04-24 19:58:00+00:00,0.0,0.0,0.0,0.0,9.0,0.0,0.0,0.0,0.0,0.0,341.0,11.0,361.0
,,,,TB Buoy,TBB,Tomales Bay Mid-Channel Buoy,38.18967,-122.9286,2024-05-21 19:05:00+00:00,0.0,0.0,0.0,0.0,0.0,95.0,614.0,0.0,0.0,24.0,33713.0,95.0,34540.0
,,,,TB Buoy,TBB,Tomales Bay Mid-Channel Buoy,38.18967,-122.9286,2024-07-12 20:36:00+00:00,726.0,396.0,22.0,0.0,99.0,55.0,0.0,0.0,0.0,187.0,572.0,1056.0,3112.0
,,,,TB Buoy,TBB,Tomales Bay Mid-Channel Buoy,38.18967,-122.9286,2024-07-31 18:25:00+00:00,68.0,68.0,46.0,0.0,46.0,2646.0,0.0,0.0,0.0,11.0,13926.0,171.0,16982.0
,,,,TB Buoy,TBB,Tomales Bay Mid-Channel Buoy,38.18967,-122.9286,2024-08-30 01:34:00+00:00,69.0,278.0,104.0,115.0,58.0,3669.0,58.0,116.0,0.0,255.0,5579.0,532.0,10843.0
,,,,TB Buoy,TBB,Tomales Bay Mid-Channel Buoy,38.18967,-122.9286,2024-09-30 19:56:00+00:00,0.0,0.0,131.0,0.0,354.0,0.0,6.0,6957.0,0.0,268.0,74.0,108.0,7898.0
,,,,TB Buoy,TBB,Tomales Bay Mid-Channel Buoy,38.18967,-122.9286,2024-10-30 18:16:00+00:00,0.0,0.0,6.0,0.0,386.0,0.0,31.0,1714.0,0.0,0.0,100.0,0.0,2237.0
,,,,TB Buoy,TBB,Tomales Bay Mid-Channel Buoy,38.18967,-122.9286,2024-12-17 20:15:00+00:00,0.0,0.0,0.0,0.0,15631.0,0.0,0.0,5584.0,0.0,0.0,150.0,0.0,21365.0
,,,,TB Buoy,TBB,Tomales Bay Mid-Channel Buoy,38.18967,-122.9286,2025-01-30 18:43:00+00:00,0.0,0.0,11.0,0.0,946.0,0.0,0.0,12954.0,0.0,0.0,61.0,234.0,14207.0
,,,,TB Buoy,TBB,Tomales Bay Mid-Channel Buoy,38.18967,-122.9286,2025-02-24 16:32:00+00:00,0.0,0.0,0.0,0.0,0.0,0.0,0.0,62.0,0.0,0.0,178621.0,2742.0,181425.0
,,,,TB Buoy,TBB,Tomales Bay Mid-Channel Buoy,38.18967,-122.9286,2025-03-18 19:52:00+00:00,0.0,0.0,0.0,0.0,226.0,0.0,0.0,0.0,0.0,0.0,156.0,70.0,453.0
,,,,TB Buoy,TBB,Tomales Bay Mid-Channel Buoy,38.18967,-122.9286,2025-05-15 20:16:00+00:00,0.0,0.0,0.0,0.0,278.0,0.0,1111.0,0.0,0.0,0.0,31645.0,93.0,33126.0
,,,,TB Buoy,TBB,Tomales Bay Mid-Channel Buoy,38.18967,-122.9286,2025-06-30 22:05:00+00:00,0.0,0.0,0.0,0.0,0.0,102.0,512.0,0.0,0.0,0.0,47662.0,1177.0,49454.0
,,,,TB Buoy,TBB,Tomales Bay Mid-Channel Buoy,38.18967,-122.9286,2025-07-31 20:26:00+00:00,763.0,78.0,12.0,0.0,78.0,12.0,107.0,6.0,0.0,108.0,7452.0,54.0,8666.0
,,,,TB Buoy,TBB,Tomales Bay Mid-Channel Buoy,38.18967,-122.9286,2025-09-26 17:35:00+00:00,445.0,36.0,156.0,0.0,307.0,12.0,12.0,1286.0,0.0,0.0,1136.0,589.0,3978.0
,,,,TB Buoy,TBB,Tomales Bay Mid-Channel Buoy,38.18967,-122.9286,2025-10-27 18:32:00+00:00,27.0,0.0,87.0,0.0,1369.0,0.0,53.0,1923.0,654.0,0.0,1362.0,154.0,5629.0
,,,,TB Buoy,TBB,Tomales Bay Mid-Channel Buoy,38.18967,-122.9286,2025-11-25 18:10:00+00:00,12.0,0.0,0.0,0.0,16.0,0.0,0.0,12.0,0.0,208.0,24.0,4.0,276.0
,,,,TL00,T00,Tomales Bay Mouth,38.23082,-122.9791,2024-03-28 19:57:00+00:00,0.0,0.0,0.0,0.0,0.0,439.0,336.0,0.0,0.0,0.0,54945.0,26.0,55745.0
,,,,TL00,T00,Tomales Bay Mouth,38.23082,-122.9791,2024-04-21 20:38:00+00:00,0.0,0.0,0.0,0.0,25.0,0.0,62.0,0.0,0.0,0.0,5223.0,112.0,5422.0
,,,,TL00,T00,Tomales Bay Mouth,38.23082,-122.9791,2024-05-21 18:38:00+00:00,0.0,0.0,13.0,0.0,0.0,0.0,39.0,0.0,0.0,0.0,5809.0,52.0,5913.0
,,,,TL00,T00,Tomales Bay Mouth,38.23082,-122.9791,2024-07-12 19:55:00+00:00,212.0,474.0,100.0,0.0,125.0,474.0,499.0,0.0,0.0,125.0,10857.0,2643.0,15506.0
,,,,TL00,T00,Tomales Bay Mouth,38.23082,-122.9791,2024-07-31 17:37:00+00:00,0.0,0.0,47.0,0.0,35.0,0.0,1666.0,0.0,0.0,24.0,25551.0,213.0,27535.0
,,,,TL00,T00,Tomales Bay Mouth,38.23082,-122.9791,2024-08-30 00:33:00+00:00,10.0,213.0,77.0,19.0,24.0,1583.0,0.0,58.0,0.0,92.0,1869.0,203.0,4149.0
,,,,TL00,T00,Tomales Bay Mouth,38.23082,-122.9791,2024-09-30 18:32:00+00:00,0.0,0.0,102.0,0.0,132.0,12.0,0.0,7344.0,0.0,48.0,234.0,162.0,8053.0
,,,,TL00,T00,Tomales Bay Mouth,38.23082,-122.9791,2024-10-30 17:38:00+00:00,0.0,0.0,6.0,0.0,709.0,0.0,0.0,2861.0,0.0,0.0,186.0,24.0,3786.0
,,,,TL00,T00,Tomales Bay Mouth,38.23082,-122.9791,2024-12-17 19:32:00+00:00,0.0,0.0,0.0,0.0,26924.0,0.0,0.0,37893.0,0.0,0.0,0.0,0.0,64817.0
,,,,TL00,T00,Tomales Bay Mouth,38.23082,-122.9791,2025-01-30 18:20:00+00:00,0.0,0.0,8.0,0.0,1699.0,0.0,0.0,4549.0,0.0,0.0,96.0,317.0,6669.0
,,,,TL00,T00,Tomales Bay Mouth,38.23082,-122.9791,2025-02-24 15:50:00+00:00,0.0,0.0,12.0,0.0,548.0,50.0,0.0,12.0,0.0,0.0,2958.0,860.0,7441.0
,,,,TL00,T00,Tomales Bay Mouth,38.23082,-122.9791,2025-03-18 19:16:00+00:00,0.0,0.0,0.0,0.0,0.0,2051.0,143.0,0.0,0.0,0.0,22131.0,95.0,24421.0
,,,,TL00,T00,Tomales Bay Mouth,38.23082,-122.9791,2025-05-15 19:44:00+00:00,0.0,0.0,0.0,0.0,0.0,48.0,2885.0,0.0,0.0,0.0,81782.0,0.0,84714.0
,,,,TL00,T00,Tomales Bay Mouth,38.23082,-122.9791,2025-06-30 21:36:00+00:00,0.0,0.0,0.0,0.0,0.0,0.0,947.0,0.0,0.0,0.0,71324.0,175.0,72445.0
,,,,TL00,T00,Tomales Bay Mouth,38.23082,-122.9791,2025-07-31 19:50:00+00:00,141.0,12.0,12.0,0.0,8.0,12.0,25.0,8.0,0.0,0.0,9897.0,104.0,10221.0
,,,,TL00,T00,Tomales Bay Mouth,38.23082,-122.9791,2025-09-26 16:49:00+00:00,3.0,0.0,122.0,0.0,205.0,94.0,38.0,1212.0,0.0,28.0,1629.0,587.0,3917.0
,,,,TL00,T00,Tomales Bay Mouth,38.23082,-122.9791,2025-10-27 18:32:00+00:00,0.0,1936.0,2324.0,0.0,24694.0,0.0,1065.0,38536.0,1162.0,15395.0,19655.0,2227.0,106991.0
,,,,TL00,T00,Tomales Bay Mouth,38.23082,-122.9791,2025-11-25 17:45:00+00:00,0.0,0.0,0.0,0.0,3.0,0.0,0.0,6.0,0.0,25.0,19.0,0.0,53.0
