2026-01-29 14:42:23,627 | INFO | START | out_nc=SIO_rrs_matchups_3x3.nc progress=SIO_extract_progress.csv done_obs=0 buffer_n=2 window=5
2026-01-29 14:42:23,627 | INFO | MEM_MB start: 211.2
2026-01-29 14:42:23,635 | INFO | GRANULE start | PACE_OCI.20240311T195804.L2.OC_AOP.V3_1.nc | rows=1 | mem_mb=211.203125
2026-01-29 14:42:30,955 | INFO | WAVELENGTH set | n=172
2026-01-29 14:42:32,867 | INFO | GRANULE done | PACE_OCI.20240311T195804.L2.OC_AOP.V3_1.nc | written=0 skip_done=0 no_pix=1 no_spec=0
2026-01-29 14:42:32,869 | INFO | GRANULE start | PACE_OCI.20240318T204706.L2.OC_AOP.V3_1.nc | rows=1 | mem_mb=450.73828125
2026-01-29 14:42:35,349 | INFO | GRANULE done | PACE_OCI.20240318T204706.L2.OC_AOP.V3_1.nc | written=0 skip_done=0 no_pix=1 no_spec=0
2026-01-29 14:42:35,351 | INFO | GRANULE start | PACE_OCI.20240401T204628.L2.OC_AOP.V3_1.nc | rows=1 | mem_mb=587.65625
2026-01-29 14:42:37,910 | INFO | GRANULE done | PACE_OCI.20240401T204628.L2.OC_AOP.V3_1.nc | written=0 skip_done=0 no_pix=1 no_spec=0
2026-01-29 14:42:37,912 | INFO | GRANULE start | PACE_OCI.20240408T195646.L2.OC_AOP.V3_1.nc | rows=1 | mem_mb=737.2421875
2026-01-29 14:42:39,667 | INFO | GRANULE done | PACE_OCI.20240408T195646.L2.OC_AOP.V3_1.nc | written=1 skip_done=0 no_pix=0 no_spec=0
2026-01-29 14:42:39,670 | INFO | GRANULE start | PACE_OCI.20240415T204017.L2.OC_AOP.V3_1.nc | rows=1 | mem_mb=798.26171875
2026-01-29 14:42:43,049 | INFO | GRANULE done | PACE_OCI.20240415T204017.L2.OC_AOP.V3_1.nc | written=0 skip_done=0 no_pix=1 no_spec=0
2026-01-29 14:42:43,051 | INFO | GRANULE start | PACE_OCI.20240422T195018.L2.OC_AOP.V3_1.nc | rows=1 | mem_mb=771.27734375
2026-01-29 14:42:45,883 | INFO | GRANULE done | PACE_OCI.20240422T195018.L2.OC_AOP.V3_1.nc | written=0 skip_done=0 no_pix=1 no_spec=0
2026-01-29 14:42:45,886 | INFO | GRANULE start | PACE_OCI.20240429T203818.L2.OC_AOP.V3_1.nc | rows=1 | mem_mb=771.28125
2026-01-29 14:42:49,682 | INFO | GRANULE done | PACE_OCI.20240429T203818.L2.OC_AOP.V3_1.nc | written=0 skip_done=0 no_pix=1 no_spec=0
2026-01-29 14:42:49,684 | INFO | GRANULE start | PACE_OCI.20240506T194750.L2.OC_AOP.V3_1.nc | rows=1 | mem_mb=819.7265625
2026-01-29 14:42:51,957 | INFO | GRANULE done | PACE_OCI.20240506T194750.L2.OC_AOP.V3_1.nc | written=0 skip_done=0 no_pix=1 no_spec=0
2026-01-29 14:42:51,959 | INFO | GRANULE start | PACE_OCI.20240513T203532.L2.OC_AOP.V3_1.nc | rows=1 | mem_mb=874.17578125
2026-01-29 14:42:53,279 | INFO | GRANULE done | PACE_OCI.20240513T203532.L2.OC_AOP.V3_1.nc | written=0 skip_done=0 no_pix=1 no_spec=0
2026-01-29 14:42:53,281 | INFO | GRANULE start | PACE_OCI.20240520T194443.L2.OC_AOP.V3_1.nc | rows=1 | mem_mb=878.28515625
2026-01-29 14:42:55,314 | INFO | GRANULE done | PACE_OCI.20240520T194443.L2.OC_AOP.V3_1.nc | written=0 skip_done=0 no_pix=1 no_spec=0
2026-01-29 14:42:55,316 | INFO | GRANULE start | PACE_OCI.20240520T212303.L2.OC_AOP.V3_1.nc | rows=1 | mem_mb=894.89453125
2026-01-29 14:42:57,107 | INFO | GRANULE done | PACE_OCI.20240520T212303.L2.OC_AOP.V3_1.nc | written=0 skip_done=0 no_pix=1 no_spec=0
2026-01-29 14:42:57,110 | INFO | GRANULE start | PACE_OCI.20240603T194017.L2.OC_AOP.V3_1.nc | rows=1 | mem_mb=911.57421875
2026-01-29 14:42:58,240 | INFO | GRANULE done | PACE_OCI.20240603T194017.L2.OC_AOP.V3_1.nc | written=0 skip_done=0 no_pix=1 no_spec=0
2026-01-29 14:42:58,243 | INFO | GRANULE start | PACE_OCI.20240603T211836.L2.OC_AOP.V3_1.nc | rows=1 | mem_mb=911.64453125
2026-01-29 14:43:00,027 | INFO | GRANULE done | PACE_OCI.20240603T211836.L2.OC_AOP.V3_1.nc | written=0 skip_done=0 no_pix=1 no_spec=0
2026-01-29 14:43:00,031 | INFO | GRANULE start | PACE_OCI.20240610T202702.L2.OC_AOP.V3_1.nc | rows=1 | mem_mb=878.64453125
2026-01-29 14:43:01,816 | INFO | GRANULE done | PACE_OCI.20240610T202702.L2.OC_AOP.V3_1.nc | written=0 skip_done=0 no_pix=1 no_spec=0
2026-01-29 14:43:01,818 | INFO | GRANULE start | PACE_OCI.20240617T193515.L2.OC_AOP.V3_1.nc | rows=1 | mem_mb=895.24609375
2026-01-29 14:43:02,789 | INFO | GRANULE done | PACE_OCI.20240617T193515.L2.OC_AOP.V3_1.nc | written=0 skip_done=0 no_pix=1 no_spec=0
2026-01-29 14:43:02,792 | INFO | GRANULE start | PACE_OCI.20240617T211334.L2.OC_AOP.V3_1.nc | rows=1 | mem_mb=911.90625
2026-01-29 14:43:07,729 | INFO | GRANULE done | PACE_OCI.20240617T211334.L2.OC_AOP.V3_1.nc | written=0 skip_done=0 no_pix=1 no_spec=0
2026-01-29 14:43:07,733 | INFO | GRANULE start | PACE_OCI.20240624T202137.L2.OC_AOP.V3_1.nc | rows=1 | mem_mb=992.73046875
2026-01-29 14:43:09,629 | INFO | GRANULE done | PACE_OCI.20240624T202137.L2.OC_AOP.V3_1.nc | written=0 skip_done=0 no_pix=1 no_spec=0
2026-01-29 14:43:09,632 | INFO | GRANULE start | PACE_OCI.20240701T192930.L2.OC_AOP.V3_1.nc | rows=1 | mem_mb=979.7421875
2026-01-29 14:43:10,522 | INFO | GRANULE done | PACE_OCI.20240701T192930.L2.OC_AOP.V3_1.nc | written=0 skip_done=0 no_pix=1 no_spec=0
2026-01-29 14:43:10,524 | INFO | GRANULE start | PACE_OCI.20240701T210749.L2.OC_AOP.V3_1.nc | rows=1 | mem_mb=996.36328125
2026-01-29 14:43:13,133 | INFO | GRANULE done | PACE_OCI.20240701T210749.L2.OC_AOP.V3_1.nc | written=0 skip_done=0 no_pix=1 no_spec=0
2026-01-29 14:43:13,137 | INFO | GRANULE start | PACE_OCI.20240708T201528.L2.OC_AOP.V3_1.nc | rows=1 | mem_mb=1021.30859375
2026-01-29 14:43:16,492 | INFO | GRANULE done | PACE_OCI.20240708T201528.L2.OC_AOP.V3_1.nc | written=0 skip_done=0 no_pix=1 no_spec=0
2026-01-29 14:43:16,494 | INFO | GRANULE start | PACE_OCI.20240715T192258.L2.OC_AOP.V3_1.nc | rows=1 | mem_mb=1029.80078125
2026-01-29 14:43:17,657 | INFO | GRANULE done | PACE_OCI.20240715T192258.L2.OC_AOP.V3_1.nc | written=0 skip_done=0 no_pix=1 no_spec=0
2026-01-29 14:43:17,660 | INFO | GRANULE start | PACE_OCI.20240715T210117.L2.OC_AOP.V3_1.nc | rows=1 | mem_mb=1025.4296875
2026-01-29 14:43:20,076 | INFO | GRANULE done | PACE_OCI.20240715T210117.L2.OC_AOP.V3_1.nc | written=0 skip_done=0 no_pix=1 no_spec=0
2026-01-29 14:43:20,079 | INFO | GRANULE start | PACE_OCI.20240722T200836.L2.OC_AOP.V3_1.nc | rows=1 | mem_mb=1042.03125
2026-01-29 14:43:22,963 | INFO | GRANULE done | PACE_OCI.20240722T200836.L2.OC_AOP.V3_1.nc | written=0 skip_done=0 no_pix=1 no_spec=0
2026-01-29 14:43:22,964 | INFO | GRANULE start | PACE_OCI.20240729T205400.L2.OC_AOP.V3_1.nc | rows=1 | mem_mb=1042.08203125
2026-01-29 14:43:25,160 | INFO | GRANULE done | PACE_OCI.20240729T205400.L2.OC_AOP.V3_1.nc | written=0 skip_done=0 no_pix=1 no_spec=0
2026-01-29 14:43:25,163 | INFO | GRANULE start | PACE_OCI.20240805T200057.L2.OC_AOP.V3_1.nc | rows=1 | mem_mb=1090.265625
2026-01-29 14:43:27,618 | INFO | GRANULE done | PACE_OCI.20240805T200057.L2.OC_AOP.V3_1.nc | written=0 skip_done=0 no_pix=1 no_spec=0
2026-01-29 14:43:27,620 | INFO | GRANULE start | PACE_OCI.20240812T204559.L2.OC_AOP.V3_1.nc | rows=1 | mem_mb=1146.83203125
2026-01-29 14:43:30,796 | INFO | GRANULE done | PACE_OCI.20240812T204559.L2.OC_AOP.V3_1.nc | written=0 skip_done=0 no_pix=1 no_spec=0
2026-01-29 14:43:30,798 | INFO | GRANULE start | PACE_OCI.20240819T195220.L2.OC_AOP.V3_1.nc | rows=1 | mem_mb=1171.73828125
2026-01-29 14:43:34,590 | INFO | GRANULE done | PACE_OCI.20240819T195220.L2.OC_AOP.V3_1.nc | written=0 skip_done=0 no_pix=1 no_spec=0
2026-01-29 14:43:34,597 | INFO | GRANULE start | PACE_OCI.20240826T204149.L2.OC_AOP.V3_1.nc | rows=1 | mem_mb=1219.80859375
2026-01-29 14:47:03,627 | INFO | START | out_nc=SIO_rrs_matchups_3x3.nc progress=SIO_extract_progress.csv done_obs=0 buffer_n=2 window=5
2026-01-29 14:47:03,627 | INFO | MEM_MB start: 206.6
2026-01-29 14:47:03,637 | INFO | GRANULE start | PACE_OCI.20240311T195804.L2.OC_AOP.V3_1.nc | rows=1 | mem_mb=206.70703125
2026-01-29 14:47:10,236 | INFO | WAVELENGTH set | n=172
2026-01-29 14:47:11,335 | INFO | GRANULE done | PACE_OCI.20240311T195804.L2.OC_AOP.V3_1.nc | written=0 skip_done=0 no_pix=1 no_spec=0
2026-01-29 14:47:11,337 | INFO | GRANULE start | PACE_OCI.20240318T204706.L2.OC_AOP.V3_1.nc | rows=1 | mem_mb=444.546875
2026-01-29 14:47:13,542 | INFO | GRANULE done | PACE_OCI.20240318T204706.L2.OC_AOP.V3_1.nc | written=0 skip_done=0 no_pix=1 no_spec=0
2026-01-29 14:47:13,545 | INFO | GRANULE start | PACE_OCI.20240401T204628.L2.OC_AOP.V3_1.nc | rows=1 | mem_mb=585.69921875
2026-01-29 14:47:16,741 | INFO | GRANULE done | PACE_OCI.20240401T204628.L2.OC_AOP.V3_1.nc | written=0 skip_done=0 no_pix=1 no_spec=0
2026-01-29 14:47:16,744 | INFO | GRANULE start | PACE_OCI.20240408T195646.L2.OC_AOP.V3_1.nc | rows=1 | mem_mb=609.203125
2026-01-29 14:47:18,589 | INFO | GRANULE done | PACE_OCI.20240408T195646.L2.OC_AOP.V3_1.nc | written=1 skip_done=0 no_pix=0 no_spec=0
2026-01-29 14:47:18,591 | INFO | GRANULE start | PACE_OCI.20240415T204017.L2.OC_AOP.V3_1.nc | rows=1 | mem_mb=627.28515625
2026-01-29 14:47:22,288 | INFO | GRANULE done | PACE_OCI.20240415T204017.L2.OC_AOP.V3_1.nc | written=0 skip_done=0 no_pix=1 no_spec=0
2026-01-29 14:47:22,290 | INFO | GRANULE start | PACE_OCI.20240422T195018.L2.OC_AOP.V3_1.nc | rows=1 | mem_mb=738.484375
2026-01-29 14:47:24,458 | INFO | GRANULE done | PACE_OCI.20240422T195018.L2.OC_AOP.V3_1.nc | written=0 skip_done=0 no_pix=1 no_spec=0
2026-01-29 14:47:24,460 | INFO | GRANULE start | PACE_OCI.20240429T203818.L2.OC_AOP.V3_1.nc | rows=1 | mem_mb=823.1796875
2026-01-29 14:47:29,034 | INFO | GRANULE done | PACE_OCI.20240429T203818.L2.OC_AOP.V3_1.nc | written=0 skip_done=0 no_pix=1 no_spec=0
2026-01-29 14:47:29,038 | INFO | GRANULE start | PACE_OCI.20240506T194750.L2.OC_AOP.V3_1.nc | rows=1 | mem_mb=847.3984375
2026-01-29 14:47:31,096 | INFO | GRANULE done | PACE_OCI.20240506T194750.L2.OC_AOP.V3_1.nc | written=0 skip_done=0 no_pix=1 no_spec=0
2026-01-29 14:47:31,099 | INFO | GRANULE start | PACE_OCI.20240513T203532.L2.OC_AOP.V3_1.nc | rows=1 | mem_mb=847.40625
2026-01-29 14:47:33,328 | INFO | GRANULE done | PACE_OCI.20240513T203532.L2.OC_AOP.V3_1.nc | written=0 skip_done=0 no_pix=1 no_spec=0
2026-01-29 14:47:33,331 | INFO | GRANULE start | PACE_OCI.20240520T194443.L2.OC_AOP.V3_1.nc | rows=1 | mem_mb=864.10546875
2026-01-29 14:47:34,698 | INFO | GRANULE done | PACE_OCI.20240520T194443.L2.OC_AOP.V3_1.nc | written=0 skip_done=0 no_pix=1 no_spec=0
2026-01-29 14:47:34,700 | INFO | GRANULE start | PACE_OCI.20240520T212303.L2.OC_AOP.V3_1.nc | rows=1 | mem_mb=900.93359375
2026-01-29 14:47:35,955 | INFO | GRANULE done | PACE_OCI.20240520T212303.L2.OC_AOP.V3_1.nc | written=0 skip_done=0 no_pix=1 no_spec=0
2026-01-29 14:47:35,957 | INFO | GRANULE start | PACE_OCI.20240603T194017.L2.OC_AOP.V3_1.nc | rows=1 | mem_mb=887.6171875
2026-01-29 14:47:37,294 | INFO | GRANULE done | PACE_OCI.20240603T194017.L2.OC_AOP.V3_1.nc | written=0 skip_done=0 no_pix=1 no_spec=0
2026-01-29 14:47:37,297 | INFO | GRANULE start | PACE_OCI.20240603T211836.L2.OC_AOP.V3_1.nc | rows=1 | mem_mb=897.8671875
2026-01-29 14:47:39,290 | INFO | GRANULE done | PACE_OCI.20240603T211836.L2.OC_AOP.V3_1.nc | written=0 skip_done=0 no_pix=1 no_spec=0
2026-01-29 14:47:39,292 | INFO | GRANULE start | PACE_OCI.20240610T202702.L2.OC_AOP.V3_1.nc | rows=1 | mem_mb=914.52734375
2026-01-29 14:47:42,441 | INFO | GRANULE done | PACE_OCI.20240610T202702.L2.OC_AOP.V3_1.nc | written=0 skip_done=0 no_pix=1 no_spec=0
2026-01-29 14:47:42,443 | INFO | GRANULE start | PACE_OCI.20240617T193515.L2.OC_AOP.V3_1.nc | rows=1 | mem_mb=995.3125
2026-01-29 14:47:43,676 | INFO | GRANULE done | PACE_OCI.20240617T193515.L2.OC_AOP.V3_1.nc | written=0 skip_done=0 no_pix=1 no_spec=0
2026-01-29 14:47:43,679 | INFO | GRANULE start | PACE_OCI.20240617T211334.L2.OC_AOP.V3_1.nc | rows=1 | mem_mb=974.0546875
2026-01-29 14:47:47,977 | INFO | GRANULE done | PACE_OCI.20240617T211334.L2.OC_AOP.V3_1.nc | written=0 skip_done=0 no_pix=1 no_spec=0
2026-01-29 14:47:47,979 | INFO | GRANULE start | PACE_OCI.20240624T202137.L2.OC_AOP.V3_1.nc | rows=1 | mem_mb=998.96484375
2026-01-29 14:47:50,206 | INFO | GRANULE done | PACE_OCI.20240624T202137.L2.OC_AOP.V3_1.nc | written=0 skip_done=0 no_pix=1 no_spec=0
2026-01-29 14:47:50,211 | INFO | GRANULE start | PACE_OCI.20240701T192930.L2.OC_AOP.V3_1.nc | rows=1 | mem_mb=1063.89453125
2026-01-29 14:47:51,171 | INFO | GRANULE done | PACE_OCI.20240701T192930.L2.OC_AOP.V3_1.nc | written=0 skip_done=0 no_pix=1 no_spec=0
2026-01-29 14:47:51,173 | INFO | GRANULE start | PACE_OCI.20240701T210749.L2.OC_AOP.V3_1.nc | rows=1 | mem_mb=1096.68359375
2026-01-29 15:02:01,509 | INFO | START | out_nc=SIO_rrs_matchups_3x3.nc progress=SIO_extract_progress.csv done_obs=0 buffer_n=2 window=5 progress_flush_every=50
2026-01-29 15:02:01,510 | INFO | MEM_MB start: 200.7
2026-01-29 15:02:01,518 | INFO | GRANULE start | PACE_OCI.20240311T195804.L2.OC_AOP.V3_1.nc | rows=1 | mem_mb=200.73046875
2026-01-29 15:02:11,550 | INFO | WAVELENGTH set | n=172
2026-01-29 15:02:13,013 | INFO | GRANULE done | PACE_OCI.20240311T195804.L2.OC_AOP.V3_1.nc | written=0 skip_done=0 no_pix=1 no_spec=0
2026-01-29 15:02:13,016 | INFO | GRANULE start | PACE_OCI.20240318T204706.L2.OC_AOP.V3_1.nc | rows=1 | mem_mb=440.0234375
2026-01-29 15:02:15,292 | INFO | GRANULE done | PACE_OCI.20240318T204706.L2.OC_AOP.V3_1.nc | written=0 skip_done=0 no_pix=1 no_spec=0
2026-01-29 15:02:15,294 | INFO | GRANULE start | PACE_OCI.20240401T204628.L2.OC_AOP.V3_1.nc | rows=1 | mem_mb=575.34375
2026-01-29 15:02:17,848 | INFO | GRANULE done | PACE_OCI.20240401T204628.L2.OC_AOP.V3_1.nc | written=0 skip_done=0 no_pix=1 no_spec=0
2026-01-29 15:02:17,850 | INFO | GRANULE start | PACE_OCI.20240408T195646.L2.OC_AOP.V3_1.nc | rows=1 | mem_mb=598.8515625
2026-01-29 15:02:19,423 | INFO | GRANULE done | PACE_OCI.20240408T195646.L2.OC_AOP.V3_1.nc | written=1 skip_done=0 no_pix=0 no_spec=0
2026-01-29 15:14:41,523 | INFO | START | out_nc=SIO_rrs_matchups_3x3.nc progress=SIO_extract_progress.csv done_obs=1 buffer_n=2 window=5 progress_flush_every=50
2026-01-29 15:14:41,523 | INFO | MEM_MB start: 543.0
2026-01-29 15:14:41,530 | INFO | GRANULE start | PACE_OCI.20240311T195804.L2.OC_AOP.V3_1.nc | rows=1 | mem_mb=542.96484375
2026-01-29 15:14:42,856 | INFO | WAVELENGTH set | n=172
2026-01-29 15:14:42,856 | INFO | Rrs dims=('number_of_lines', 'pixels_per_line', 'wavelength_3d') | using spatial dims: number_of_lines, pixels_per_line
2026-01-29 15:14:44,670 | INFO | GRANULE done | PACE_OCI.20240311T195804.L2.OC_AOP.V3_1.nc | written=0 skip_done=0 no_pix=1 no_spec=0
2026-01-29 15:14:44,672 | INFO | GRANULE start | PACE_OCI.20240318T204706.L2.OC_AOP.V3_1.nc | rows=1 | mem_mb=559.734375
2026-01-29 15:14:45,676 | INFO | Rrs dims=('number_of_lines', 'pixels_per_line', 'wavelength_3d') | using spatial dims: number_of_lines, pixels_per_line
2026-01-29 15:14:47,336 | INFO | GRANULE done | PACE_OCI.20240318T204706.L2.OC_AOP.V3_1.nc | written=0 skip_done=0 no_pix=1 no_spec=0
2026-01-29 15:14:47,338 | INFO | GRANULE start | PACE_OCI.20240401T204628.L2.OC_AOP.V3_1.nc | rows=1 | mem_mb=664.734375
2026-01-29 15:14:48,296 | INFO | Rrs dims=('number_of_lines', 'pixels_per_line', 'wavelength_3d') | using spatial dims: number_of_lines, pixels_per_line
2026-01-29 15:14:50,912 | INFO | GRANULE done | PACE_OCI.20240401T204628.L2.OC_AOP.V3_1.nc | written=1 skip_done=0 no_pix=0 no_spec=0
2026-01-29 15:14:51,094 | INFO | NETCDF_FLUSH | wrote_obs=1 total_done_obs=2
2026-01-29 15:14:51,094 | INFO | MEM_MB after netcdf flush: 678.4
2026-01-29 15:14:51,096 | INFO | GRANULE start | PACE_OCI.20240408T195646.L2.OC_AOP.V3_1.nc | rows=1 | mem_mb=678.3671875
2026-01-29 15:14:52,313 | INFO | Rrs dims=('number_of_lines', 'pixels_per_line', 'wavelength_3d') | using spatial dims: number_of_lines, pixels_per_line
2026-01-29 15:14:52,314 | INFO | GRANULE done | PACE_OCI.20240408T195646.L2.OC_AOP.V3_1.nc | written=0 skip_done=1 no_pix=0 no_spec=0
2026-01-29 15:14:52,316 | INFO | GRANULE start | PACE_OCI.20240415T204017.L2.OC_AOP.V3_1.nc | rows=1 | mem_mb=678.73046875
2026-01-29 15:14:53,721 | INFO | Rrs dims=('number_of_lines', 'pixels_per_line', 'wavelength_3d') | using spatial dims: number_of_lines, pixels_per_line
2026-01-29 15:14:55,871 | INFO | GRANULE done | PACE_OCI.20240415T204017.L2.OC_AOP.V3_1.nc | written=1 skip_done=0 no_pix=0 no_spec=0
2026-01-29 15:18:17,142 | INFO | START | out_nc=SIO_rrs_matchups_3x3.nc progress=SIO_extract_progress.csv done_obs=3 buffer_n=2 window=5 progress_flush_every=50
2026-01-29 15:18:17,142 | INFO | MEM_MB start: 200.4
2026-01-29 15:18:17,151 | INFO | GRANULE start | PACE_OCI.20240311T195804.L2.OC_AOP.V3_1.nc | rows=1 | mem_mb=200.5078125
2026-01-29 15:18:25,384 | INFO | WAVELENGTH set | n=172
2026-01-29 15:18:25,384 | INFO | Rrs dims=('number_of_lines', 'pixels_per_line', 'wavelength_3d') | using spatial dims: number_of_lines, pixels_per_line
2026-01-29 15:18:26,697 | INFO | GRANULE done | PACE_OCI.20240311T195804.L2.OC_AOP.V3_1.nc | written=0 skip_done=0 no_pix=1 no_spec=0
2026-01-29 15:18:26,700 | INFO | GRANULE start | PACE_OCI.20240318T204706.L2.OC_AOP.V3_1.nc | rows=1 | mem_mb=442.671875
2026-01-29 15:18:27,520 | INFO | Rrs dims=('number_of_lines', 'pixels_per_line', 'wavelength_3d') | using spatial dims: number_of_lines, pixels_per_line
2026-01-29 15:18:29,234 | INFO | GRANULE done | PACE_OCI.20240318T204706.L2.OC_AOP.V3_1.nc | written=0 skip_done=0 no_pix=1 no_spec=0
2026-01-29 15:18:29,236 | INFO | GRANULE start | PACE_OCI.20240401T204628.L2.OC_AOP.V3_1.nc | rows=1 | mem_mb=594.26171875
2026-01-29 15:18:30,127 | INFO | Rrs dims=('number_of_lines', 'pixels_per_line', 'wavelength_3d') | using spatial dims: number_of_lines, pixels_per_line
2026-01-29 15:18:30,128 | INFO | GRANULE done | PACE_OCI.20240401T204628.L2.OC_AOP.V3_1.nc | written=0 skip_done=1 no_pix=0 no_spec=0
2026-01-29 15:18:30,131 | INFO | GRANULE start | PACE_OCI.20240408T195646.L2.OC_AOP.V3_1.nc | rows=1 | mem_mb=598.95703125
2026-01-29 15:18:30,910 | INFO | Rrs dims=('number_of_lines', 'pixels_per_line', 'wavelength_3d') | using spatial dims: number_of_lines, pixels_per_line
2026-01-29 15:18:30,911 | INFO | GRANULE done | PACE_OCI.20240408T195646.L2.OC_AOP.V3_1.nc | written=0 skip_done=1 no_pix=0 no_spec=0
2026-01-29 15:18:30,913 | INFO | GRANULE start | PACE_OCI.20240415T204017.L2.OC_AOP.V3_1.nc | rows=1 | mem_mb=602.703125
2026-01-29 15:18:32,254 | INFO | Rrs dims=('number_of_lines', 'pixels_per_line', 'wavelength_3d') | using spatial dims: number_of_lines, pixels_per_line
2026-01-29 15:18:32,254 | INFO | GRANULE done | PACE_OCI.20240415T204017.L2.OC_AOP.V3_1.nc | written=0 skip_done=1 no_pix=0 no_spec=0
2026-01-29 15:18:32,257 | INFO | GRANULE start | PACE_OCI.20240422T195018.L2.OC_AOP.V3_1.nc | rows=1 | mem_mb=602.8359375
2026-01-29 15:18:33,041 | INFO | Rrs dims=('number_of_lines', 'pixels_per_line', 'wavelength_3d') | using spatial dims: number_of_lines, pixels_per_line
2026-01-29 15:18:34,482 | INFO | GRANULE done | PACE_OCI.20240422T195018.L2.OC_AOP.V3_1.nc | written=0 skip_done=0 no_pix=1 no_spec=0
2026-01-29 15:18:34,484 | INFO | GRANULE start | PACE_OCI.20240429T203818.L2.OC_AOP.V3_1.nc | rows=1 | mem_mb=634.19921875
2026-01-29 15:18:35,291 | INFO | Rrs dims=('number_of_lines', 'pixels_per_line', 'wavelength_3d') | using spatial dims: number_of_lines, pixels_per_line
2026-01-29 15:18:37,642 | INFO | GRANULE done | PACE_OCI.20240429T203818.L2.OC_AOP.V3_1.nc | written=1 skip_done=0 no_pix=0 no_spec=0
2026-01-29 15:21:31,864 | INFO | START | out_nc=SIO_rrs_matchups_3x3.nc progress=SIO_extract_progress.csv done_obs=4 buffer_n=2 window=5 progress_flush_every=50
2026-01-29 15:21:31,865 | INFO | MEM_MB start: 200.8
2026-01-29 15:21:31,872 | INFO | GRANULE start | PACE_OCI.20240311T195804.L2.OC_AOP.V3_1.nc | rows=1 | mem_mb=200.84375
2026-01-29 15:21:37,492 | INFO | WAVELENGTH set | n=172
2026-01-29 15:21:37,492 | INFO | Rrs dims=('number_of_lines', 'pixels_per_line', 'wavelength_3d') | using spatial dims: number_of_lines, pixels_per_line
2026-01-29 15:21:38,617 | INFO | GRANULE done | PACE_OCI.20240311T195804.L2.OC_AOP.V3_1.nc | written=0 skip_done=0 no_pix=1 no_spec=0
2026-01-29 15:21:38,619 | INFO | GRANULE start | PACE_OCI.20240318T204706.L2.OC_AOP.V3_1.nc | rows=1 | mem_mb=442.39453125
2026-01-29 15:21:39,358 | INFO | Rrs dims=('number_of_lines', 'pixels_per_line', 'wavelength_3d') | using spatial dims: number_of_lines, pixels_per_line
2026-01-29 15:21:40,862 | INFO | GRANULE done | PACE_OCI.20240318T204706.L2.OC_AOP.V3_1.nc | written=0 skip_done=0 no_pix=1 no_spec=0
2026-01-29 15:21:40,866 | INFO | GRANULE start | PACE_OCI.20240401T204628.L2.OC_AOP.V3_1.nc | rows=1 | mem_mb=601.95703125
2026-01-29 15:21:41,871 | INFO | Rrs dims=('number_of_lines', 'pixels_per_line', 'wavelength_3d') | using spatial dims: number_of_lines, pixels_per_line
2026-01-29 15:21:41,872 | INFO | GRANULE done | PACE_OCI.20240401T204628.L2.OC_AOP.V3_1.nc | written=0 skip_done=1 no_pix=0 no_spec=0
2026-01-29 15:21:41,874 | INFO | GRANULE start | PACE_OCI.20240408T195646.L2.OC_AOP.V3_1.nc | rows=1 | mem_mb=588.265625
2026-01-29 15:21:43,032 | INFO | Rrs dims=('number_of_lines', 'pixels_per_line', 'wavelength_3d') | using spatial dims: number_of_lines, pixels_per_line
2026-01-29 15:21:43,033 | INFO | GRANULE done | PACE_OCI.20240408T195646.L2.OC_AOP.V3_1.nc | written=0 skip_done=1 no_pix=0 no_spec=0
2026-01-29 15:21:43,035 | INFO | GRANULE start | PACE_OCI.20240415T204017.L2.OC_AOP.V3_1.nc | rows=1 | mem_mb=588.29296875
2026-01-29 15:21:43,860 | INFO | Rrs dims=('number_of_lines', 'pixels_per_line', 'wavelength_3d') | using spatial dims: number_of_lines, pixels_per_line
2026-01-29 15:21:43,861 | INFO | GRANULE done | PACE_OCI.20240415T204017.L2.OC_AOP.V3_1.nc | written=0 skip_done=1 no_pix=0 no_spec=0
2026-01-29 15:21:43,864 | INFO | GRANULE start | PACE_OCI.20240422T195018.L2.OC_AOP.V3_1.nc | rows=1 | mem_mb=588.51171875
2026-01-29 15:21:44,873 | INFO | Rrs dims=('number_of_lines', 'pixels_per_line', 'wavelength_3d') | using spatial dims: number_of_lines, pixels_per_line
2026-01-29 15:21:46,062 | INFO | GRANULE done | PACE_OCI.20240422T195018.L2.OC_AOP.V3_1.nc | written=0 skip_done=0 no_pix=1 no_spec=0
2026-01-29 15:21:46,064 | INFO | GRANULE start | PACE_OCI.20240429T203818.L2.OC_AOP.V3_1.nc | rows=1 | mem_mb=662.078125
2026-01-29 15:21:47,300 | INFO | Rrs dims=('number_of_lines', 'pixels_per_line', 'wavelength_3d') | using spatial dims: number_of_lines, pixels_per_line
2026-01-29 15:21:47,301 | INFO | GRANULE done | PACE_OCI.20240429T203818.L2.OC_AOP.V3_1.nc | written=0 skip_done=1 no_pix=0 no_spec=0
2026-01-29 15:21:47,303 | INFO | GRANULE start | PACE_OCI.20240506T194750.L2.OC_AOP.V3_1.nc | rows=1 | mem_mb=644.93359375
2026-01-29 15:21:48,066 | INFO | Rrs dims=('number_of_lines', 'pixels_per_line', 'wavelength_3d') | using spatial dims: number_of_lines, pixels_per_line
2026-01-29 15:21:48,980 | INFO | GRANULE done | PACE_OCI.20240506T194750.L2.OC_AOP.V3_1.nc | written=1 skip_done=0 no_pix=0 no_spec=0
2026-01-29 15:31:29,165 | INFO | START | out_store=SIO_rrs_matchups_5x5.zarr progress=SIO_extract_progress.csv done_obs=5 buffer_n=2 window=5 progress_flush_every=50
2026-01-29 15:31:29,165 | INFO | MEM_MB start: 210.9
2026-01-29 15:31:29,173 | INFO | GRANULE start | PACE_OCI.20240311T195804.L2.OC_AOP.V3_1.nc | rows=1 | mem_mb=210.91796875
2026-01-29 15:31:35,217 | INFO | WAVELENGTH set | n=172
2026-01-29 15:31:35,217 | INFO | Rrs dims=('number_of_lines', 'pixels_per_line', 'wavelength_3d') | using spatial dims: number_of_lines, pixels_per_line
2026-01-29 15:31:36,518 | INFO | GRANULE done | PACE_OCI.20240311T195804.L2.OC_AOP.V3_1.nc | written=0 skip_done=0 no_pix=1 no_spec=0
2026-01-29 15:31:36,520 | INFO | GRANULE start | PACE_OCI.20240318T204706.L2.OC_AOP.V3_1.nc | rows=1 | mem_mb=450.91015625
2026-01-29 15:31:37,425 | INFO | Rrs dims=('number_of_lines', 'pixels_per_line', 'wavelength_3d') | using spatial dims: number_of_lines, pixels_per_line
2026-01-29 15:31:38,874 | INFO | GRANULE done | PACE_OCI.20240318T204706.L2.OC_AOP.V3_1.nc | written=0 skip_done=0 no_pix=1 no_spec=0
2026-01-29 15:31:38,876 | INFO | GRANULE start | PACE_OCI.20240401T204628.L2.OC_AOP.V3_1.nc | rows=1 | mem_mb=600.05859375
2026-01-29 15:31:39,845 | INFO | Rrs dims=('number_of_lines', 'pixels_per_line', 'wavelength_3d') | using spatial dims: number_of_lines, pixels_per_line
2026-01-29 15:31:39,845 | INFO | GRANULE done | PACE_OCI.20240401T204628.L2.OC_AOP.V3_1.nc | written=0 skip_done=1 no_pix=0 no_spec=0
2026-01-29 15:31:39,848 | INFO | GRANULE start | PACE_OCI.20240408T195646.L2.OC_AOP.V3_1.nc | rows=1 | mem_mb=586.40234375
2026-01-29 15:31:40,721 | INFO | Rrs dims=('number_of_lines', 'pixels_per_line', 'wavelength_3d') | using spatial dims: number_of_lines, pixels_per_line
2026-01-29 15:31:40,722 | INFO | GRANULE done | PACE_OCI.20240408T195646.L2.OC_AOP.V3_1.nc | written=0 skip_done=1 no_pix=0 no_spec=0
2026-01-29 15:31:40,724 | INFO | GRANULE start | PACE_OCI.20240415T204017.L2.OC_AOP.V3_1.nc | rows=1 | mem_mb=586.42578125
2026-01-29 15:31:42,070 | INFO | Rrs dims=('number_of_lines', 'pixels_per_line', 'wavelength_3d') | using spatial dims: number_of_lines, pixels_per_line
2026-01-29 15:31:42,071 | INFO | GRANULE done | PACE_OCI.20240415T204017.L2.OC_AOP.V3_1.nc | written=0 skip_done=1 no_pix=0 no_spec=0
2026-01-29 15:31:42,074 | INFO | GRANULE start | PACE_OCI.20240422T195018.L2.OC_AOP.V3_1.nc | rows=1 | mem_mb=586.65234375
2026-01-29 15:31:43,090 | INFO | Rrs dims=('number_of_lines', 'pixels_per_line', 'wavelength_3d') | using spatial dims: number_of_lines, pixels_per_line
2026-01-29 15:31:44,444 | INFO | GRANULE done | PACE_OCI.20240422T195018.L2.OC_AOP.V3_1.nc | written=0 skip_done=0 no_pix=1 no_spec=0
2026-01-29 15:31:44,446 | INFO | GRANULE start | PACE_OCI.20240429T203818.L2.OC_AOP.V3_1.nc | rows=1 | mem_mb=668.2578125
2026-01-29 15:31:45,228 | INFO | Rrs dims=('number_of_lines', 'pixels_per_line', 'wavelength_3d') | using spatial dims: number_of_lines, pixels_per_line
2026-01-29 15:31:45,229 | INFO | GRANULE done | PACE_OCI.20240429T203818.L2.OC_AOP.V3_1.nc | written=0 skip_done=1 no_pix=0 no_spec=0
2026-01-29 15:31:45,231 | INFO | GRANULE start | PACE_OCI.20240506T194750.L2.OC_AOP.V3_1.nc | rows=1 | mem_mb=651.12109375
2026-01-29 15:31:46,030 | INFO | Rrs dims=('number_of_lines', 'pixels_per_line', 'wavelength_3d') | using spatial dims: number_of_lines, pixels_per_line
2026-01-29 15:31:46,031 | INFO | GRANULE done | PACE_OCI.20240506T194750.L2.OC_AOP.V3_1.nc | written=0 skip_done=1 no_pix=0 no_spec=0
2026-01-29 15:31:46,033 | INFO | GRANULE start | PACE_OCI.20240513T203532.L2.OC_AOP.V3_1.nc | rows=1 | mem_mb=651.140625
2026-01-29 15:31:46,934 | INFO | Rrs dims=('number_of_lines', 'pixels_per_line', 'wavelength_3d') | using spatial dims: number_of_lines, pixels_per_line
2026-01-29 15:31:47,745 | INFO | GRANULE done | PACE_OCI.20240513T203532.L2.OC_AOP.V3_1.nc | written=0 skip_done=0 no_pix=1 no_spec=0
2026-01-29 15:31:47,748 | INFO | GRANULE start | PACE_OCI.20240520T194443.L2.OC_AOP.V3_1.nc | rows=1 | mem_mb=692.59765625
2026-01-29 15:31:48,512 | INFO | Rrs dims=('number_of_lines', 'pixels_per_line', 'wavelength_3d') | using spatial dims: number_of_lines, pixels_per_line
2026-01-29 15:31:49,006 | INFO | GRANULE done | PACE_OCI.20240520T194443.L2.OC_AOP.V3_1.nc | written=0 skip_done=0 no_pix=1 no_spec=0
2026-01-29 15:31:49,009 | INFO | GRANULE start | PACE_OCI.20240520T212303.L2.OC_AOP.V3_1.nc | rows=1 | mem_mb=692.80078125
2026-01-29 15:31:49,654 | INFO | Rrs dims=('number_of_lines', 'pixels_per_line', 'wavelength_3d') | using spatial dims: number_of_lines, pixels_per_line
2026-01-29 15:31:50,373 | INFO | GRANULE done | PACE_OCI.20240520T212303.L2.OC_AOP.V3_1.nc | written=0 skip_done=0 no_pix=1 no_spec=0
2026-01-29 15:31:50,375 | INFO | GRANULE start | PACE_OCI.20240603T194017.L2.OC_AOP.V3_1.nc | rows=1 | mem_mb=693.02734375
2026-01-29 15:31:51,102 | INFO | Rrs dims=('number_of_lines', 'pixels_per_line', 'wavelength_3d') | using spatial dims: number_of_lines, pixels_per_line
2026-01-29 15:31:51,279 | INFO | GRANULE done | PACE_OCI.20240603T194017.L2.OC_AOP.V3_1.nc | written=1 skip_done=0 no_pix=0 no_spec=0
2026-01-29 15:31:51,453 | INFO | STORE_FLUSH | wrote_obs=1 total_done_obs=6
2026-01-29 15:31:51,453 | INFO | MEM_MB after store flush: 693.7
2026-01-29 15:31:51,454 | INFO | GRANULE start | PACE_OCI.20240603T211836.L2.OC_AOP.V3_1.nc | rows=1 | mem_mb=693.7421875
2026-01-29 15:31:52,181 | INFO | Rrs dims=('number_of_lines', 'pixels_per_line', 'wavelength_3d') | using spatial dims: number_of_lines, pixels_per_line
2026-01-29 15:31:53,688 | INFO | GRANULE done | PACE_OCI.20240603T211836.L2.OC_AOP.V3_1.nc | written=0 skip_done=0 no_pix=1 no_spec=0
2026-01-29 15:31:53,690 | INFO | GRANULE start | PACE_OCI.20240610T202702.L2.OC_AOP.V3_1.nc | rows=1 | mem_mb=710.5
2026-01-29 15:31:54,512 | INFO | Rrs dims=('number_of_lines', 'pixels_per_line', 'wavelength_3d') | using spatial dims: number_of_lines, pixels_per_line
2026-01-29 15:31:55,430 | INFO | GRANULE done | PACE_OCI.20240610T202702.L2.OC_AOP.V3_1.nc | written=1 skip_done=0 no_pix=0 no_spec=0
2026-01-29 15:31:55,555 | INFO | STORE_FLUSH | wrote_obs=1 total_done_obs=7
2026-01-29 15:31:55,556 | INFO | MEM_MB after store flush: 702.3
2026-01-29 15:31:55,557 | INFO | GRANULE start | PACE_OCI.20240617T193515.L2.OC_AOP.V3_1.nc | rows=1 | mem_mb=702.28515625
2026-01-29 15:31:56,228 | INFO | Rrs dims=('number_of_lines', 'pixels_per_line', 'wavelength_3d') | using spatial dims: number_of_lines, pixels_per_line
2026-01-29 15:31:56,349 | INFO | GRANULE done | PACE_OCI.20240617T193515.L2.OC_AOP.V3_1.nc | written=0 skip_done=0 no_pix=1 no_spec=0
2026-01-29 15:31:56,351 | INFO | GRANULE start | PACE_OCI.20240617T211334.L2.OC_AOP.V3_1.nc | rows=1 | mem_mb=718.984375
2026-01-29 15:31:57,949 | INFO | Rrs dims=('number_of_lines', 'pixels_per_line', 'wavelength_3d') | using spatial dims: number_of_lines, pixels_per_line
2026-01-29 15:32:00,752 | INFO | GRANULE done | PACE_OCI.20240617T211334.L2.OC_AOP.V3_1.nc | written=0 skip_done=0 no_pix=1 no_spec=0
2026-01-29 15:32:00,754 | INFO | GRANULE start | PACE_OCI.20240624T202137.L2.OC_AOP.V3_1.nc | rows=1 | mem_mb=855.87890625
2026-01-29 15:32:01,648 | INFO | Rrs dims=('number_of_lines', 'pixels_per_line', 'wavelength_3d') | using spatial dims: number_of_lines, pixels_per_line
2026-01-29 15:32:02,670 | INFO | GRANULE done | PACE_OCI.20240624T202137.L2.OC_AOP.V3_1.nc | written=1 skip_done=0 no_pix=0 no_spec=0
2026-01-29 15:32:02,803 | INFO | STORE_FLUSH | wrote_obs=1 total_done_obs=8
2026-01-29 15:32:02,803 | INFO | MEM_MB after store flush: 843.0
2026-01-29 15:32:02,805 | INFO | GRANULE start | PACE_OCI.20240701T192930.L2.OC_AOP.V3_1.nc | rows=1 | mem_mb=843.03125
2026-01-29 15:32:03,299 | INFO | Rrs dims=('number_of_lines', 'pixels_per_line', 'wavelength_3d') | using spatial dims: number_of_lines, pixels_per_line
2026-01-29 15:32:03,453 | INFO | GRANULE done | PACE_OCI.20240701T192930.L2.OC_AOP.V3_1.nc | written=0 skip_done=0 no_pix=1 no_spec=0
2026-01-29 15:32:03,455 | INFO | GRANULE start | PACE_OCI.20240701T210749.L2.OC_AOP.V3_1.nc | rows=1 | mem_mb=859.64453125
2026-01-29 15:32:04,210 | INFO | Rrs dims=('number_of_lines', 'pixels_per_line', 'wavelength_3d') | using spatial dims: number_of_lines, pixels_per_line
2026-01-29 15:32:05,677 | INFO | GRANULE done | PACE_OCI.20240701T210749.L2.OC_AOP.V3_1.nc | written=0 skip_done=0 no_pix=1 no_spec=0
2026-01-29 15:32:05,679 | INFO | GRANULE start | PACE_OCI.20240708T201528.L2.OC_AOP.V3_1.nc | rows=1 | mem_mb=876.3125
2026-01-29 15:32:07,194 | INFO | Rrs dims=('number_of_lines', 'pixels_per_line', 'wavelength_3d') | using spatial dims: number_of_lines, pixels_per_line
2026-01-29 15:32:10,031 | INFO | GRANULE done | PACE_OCI.20240708T201528.L2.OC_AOP.V3_1.nc | written=0 skip_done=0 no_pix=1 no_spec=0
2026-01-29 15:32:10,033 | INFO | GRANULE start | PACE_OCI.20240715T192258.L2.OC_AOP.V3_1.nc | rows=1 | mem_mb=973.13671875
2026-01-29 15:32:10,901 | INFO | Rrs dims=('number_of_lines', 'pixels_per_line', 'wavelength_3d') | using spatial dims: number_of_lines, pixels_per_line
2026-01-29 15:32:11,233 | INFO | GRANULE done | PACE_OCI.20240715T192258.L2.OC_AOP.V3_1.nc | written=0 skip_done=0 no_pix=1 no_spec=0
2026-01-29 15:32:11,235 | INFO | GRANULE start | PACE_OCI.20240715T210117.L2.OC_AOP.V3_1.nc | rows=1 | mem_mb=956.19921875
2026-01-29 15:32:11,936 | INFO | Rrs dims=('number_of_lines', 'pixels_per_line', 'wavelength_3d') | using spatial dims: number_of_lines, pixels_per_line
2026-01-29 15:32:13,767 | INFO | GRANULE done | PACE_OCI.20240715T210117.L2.OC_AOP.V3_1.nc | written=0 skip_done=0 no_pix=1 no_spec=0
2026-01-29 15:32:13,769 | INFO | GRANULE start | PACE_OCI.20240722T200836.L2.OC_AOP.V3_1.nc | rows=1 | mem_mb=964.3828125
2026-01-29 15:32:15,006 | INFO | Rrs dims=('number_of_lines', 'pixels_per_line', 'wavelength_3d') | using spatial dims: number_of_lines, pixels_per_line
2026-01-29 15:32:16,647 | INFO | GRANULE done | PACE_OCI.20240722T200836.L2.OC_AOP.V3_1.nc | written=0 skip_done=0 no_pix=1 no_spec=0
2026-01-29 15:32:16,651 | INFO | GRANULE start | PACE_OCI.20240729T205400.L2.OC_AOP.V3_1.nc | rows=1 | mem_mb=972.68359375
2026-01-29 15:32:17,903 | INFO | Rrs dims=('number_of_lines', 'pixels_per_line', 'wavelength_3d') | using spatial dims: number_of_lines, pixels_per_line
2026-01-29 15:32:18,887 | INFO | GRANULE done | PACE_OCI.20240729T205400.L2.OC_AOP.V3_1.nc | written=1 skip_done=0 no_pix=0 no_spec=0
2026-01-29 15:32:19,030 | INFO | STORE_FLUSH | wrote_obs=1 total_done_obs=9
2026-01-29 15:32:19,031 | INFO | MEM_MB after store flush: 1036.8
2026-01-29 15:32:19,032 | INFO | GRANULE start | PACE_OCI.20240805T200057.L2.OC_AOP.V3_1.nc | rows=1 | mem_mb=1036.8203125
2026-01-29 15:32:20,037 | INFO | Rrs dims=('number_of_lines', 'pixels_per_line', 'wavelength_3d') | using spatial dims: number_of_lines, pixels_per_line
2026-01-29 15:32:21,025 | INFO | GRANULE done | PACE_OCI.20240805T200057.L2.OC_AOP.V3_1.nc | written=0 skip_done=0 no_pix=1 no_spec=0
2026-01-29 15:32:21,028 | INFO | GRANULE start | PACE_OCI.20240812T204559.L2.OC_AOP.V3_1.nc | rows=1 | mem_mb=1036.578125
2026-01-29 15:32:22,100 | INFO | Rrs dims=('number_of_lines', 'pixels_per_line', 'wavelength_3d') | using spatial dims: number_of_lines, pixels_per_line
2026-01-29 15:32:24,156 | INFO | GRANULE done | PACE_OCI.20240812T204559.L2.OC_AOP.V3_1.nc | written=0 skip_done=0 no_pix=1 no_spec=0
2026-01-29 15:32:24,158 | INFO | GRANULE start | PACE_OCI.20240819T195220.L2.OC_AOP.V3_1.nc | rows=1 | mem_mb=1061.54296875
2026-01-29 15:32:25,172 | INFO | Rrs dims=('number_of_lines', 'pixels_per_line', 'wavelength_3d') | using spatial dims: number_of_lines, pixels_per_line
2026-01-29 15:32:27,038 | INFO | GRANULE done | PACE_OCI.20240819T195220.L2.OC_AOP.V3_1.nc | written=1 skip_done=0 no_pix=0 no_spec=0
2026-01-29 15:32:27,184 | INFO | STORE_FLUSH | wrote_obs=1 total_done_obs=10
2026-01-29 15:32:27,184 | INFO | MEM_MB after store flush: 1117.9
2026-01-29 15:32:27,186 | INFO | GRANULE start | PACE_OCI.20240826T204149.L2.OC_AOP.V3_1.nc | rows=1 | mem_mb=1117.8671875
2026-01-29 15:32:28,079 | INFO | Rrs dims=('number_of_lines', 'pixels_per_line', 'wavelength_3d') | using spatial dims: number_of_lines, pixels_per_line
2026-01-29 15:32:29,945 | INFO | GRANULE done | PACE_OCI.20240826T204149.L2.OC_AOP.V3_1.nc | written=1 skip_done=0 no_pix=0 no_spec=0
2026-01-29 15:32:30,092 | INFO | STORE_FLUSH | wrote_obs=1 total_done_obs=11
2026-01-29 15:32:30,093 | INFO | MEM_MB after store flush: 1125.4
2026-01-29 15:32:30,094 | INFO | GRANULE start | PACE_OCI.20240903T202212.L2.OC_AOP.V3_1.nc | rows=1 | mem_mb=1125.359375
2026-01-29 15:32:31,075 | INFO | Rrs dims=('number_of_lines', 'pixels_per_line', 'wavelength_3d') | using spatial dims: number_of_lines, pixels_per_line
2026-01-29 15:32:32,341 | INFO | GRANULE done | PACE_OCI.20240903T202212.L2.OC_AOP.V3_1.nc | written=0 skip_done=0 no_pix=1 no_spec=0
2026-01-29 15:32:32,343 | INFO | GRANULE start | PACE_OCI.20240916T193710.L2.OC_AOP.V3_1.nc | rows=1 | mem_mb=1150.1328125
2026-01-29 15:32:33,326 | INFO | Rrs dims=('number_of_lines', 'pixels_per_line', 'wavelength_3d') | using spatial dims: number_of_lines, pixels_per_line
2026-01-29 15:32:33,619 | INFO | GRANULE done | PACE_OCI.20240916T193710.L2.OC_AOP.V3_1.nc | written=1 skip_done=0 no_pix=0 no_spec=0
2026-01-29 15:32:33,759 | INFO | STORE_FLUSH | wrote_obs=1 total_done_obs=12
2026-01-29 15:32:33,760 | INFO | MEM_MB after store flush: 1150.2
2026-01-29 15:32:33,761 | INFO | GRANULE start | PACE_OCI.20240916T211527.L2.OC_AOP.V3_1.nc | rows=1 | mem_mb=1150.25
2026-01-29 15:32:35,401 | INFO | Rrs dims=('number_of_lines', 'pixels_per_line', 'wavelength_3d') | using spatial dims: number_of_lines, pixels_per_line
2026-01-29 15:32:38,128 | INFO | GRANULE done | PACE_OCI.20240916T211527.L2.OC_AOP.V3_1.nc | written=0 skip_done=0 no_pix=1 no_spec=0
2026-01-29 15:32:38,130 | INFO | GRANULE start | PACE_OCI.20240923T202039.L2.OC_AOP.V3_1.nc | rows=1 | mem_mb=1150.30859375
2026-01-29 15:32:38,850 | INFO | Rrs dims=('number_of_lines', 'pixels_per_line', 'wavelength_3d') | using spatial dims: number_of_lines, pixels_per_line
2026-01-29 15:32:39,644 | INFO | GRANULE done | PACE_OCI.20240923T202039.L2.OC_AOP.V3_1.nc | written=0 skip_done=0 no_pix=1 no_spec=0
2026-01-29 15:32:39,647 | INFO | GRANULE start | PACE_OCI.20240930T192540.L2.OC_AOP.V3_1.nc | rows=1 | mem_mb=1203.01953125
2026-01-29 15:32:40,457 | INFO | Rrs dims=('number_of_lines', 'pixels_per_line', 'wavelength_3d') | using spatial dims: number_of_lines, pixels_per_line
2026-01-29 15:32:41,166 | INFO | GRANULE done | PACE_OCI.20240930T192540.L2.OC_AOP.V3_1.nc | written=0 skip_done=0 no_pix=1 no_spec=0
2026-01-29 15:32:41,168 | INFO | GRANULE start | PACE_OCI.20240930T210357.L2.OC_AOP.V3_1.nc | rows=1 | mem_mb=1243.27734375
2026-01-29 15:32:42,585 | INFO | Rrs dims=('number_of_lines', 'pixels_per_line', 'wavelength_3d') | using spatial dims: number_of_lines, pixels_per_line
2026-01-29 15:33:47,396 | INFO | START | out_store=SIO_rrs_matchups_5x5.zarr progress=SIO_extract_progress.csv done_obs=12 buffer_n=2 window=5 progress_flush_every=50
2026-01-29 15:33:47,397 | INFO | MEM_MB start: 200.9
2026-01-29 15:33:47,404 | INFO | GRANULE start | PACE_OCI.20240311T195804.L2.OC_AOP.V3_1.nc | rows=1 | mem_mb=201.00390625
2026-01-29 15:33:52,634 | INFO | WAVELENGTH set | n=172
2026-01-29 15:33:52,634 | INFO | Rrs dims=('number_of_lines', 'pixels_per_line', 'wavelength_3d') | using spatial dims: number_of_lines, pixels_per_line
2026-01-29 15:33:53,388 | INFO | GRANULE done | PACE_OCI.20240311T195804.L2.OC_AOP.V3_1.nc | written=0 skip_done=0 no_pix=1 no_spec=0
2026-01-29 15:33:53,390 | INFO | GRANULE start | PACE_OCI.20240318T204706.L2.OC_AOP.V3_1.nc | rows=1 | mem_mb=443.12890625
2026-01-29 15:33:54,182 | INFO | Rrs dims=('number_of_lines', 'pixels_per_line', 'wavelength_3d') | using spatial dims: number_of_lines, pixels_per_line
2026-01-29 15:33:55,749 | INFO | GRANULE done | PACE_OCI.20240318T204706.L2.OC_AOP.V3_1.nc | written=0 skip_done=0 no_pix=1 no_spec=0
2026-01-29 15:33:55,751 | INFO | GRANULE start | PACE_OCI.20240401T204628.L2.OC_AOP.V3_1.nc | rows=1 | mem_mb=601.42578125
2026-01-29 15:33:56,430 | INFO | Rrs dims=('number_of_lines', 'pixels_per_line', 'wavelength_3d') | using spatial dims: number_of_lines, pixels_per_line
2026-01-29 15:33:56,430 | INFO | GRANULE done | PACE_OCI.20240401T204628.L2.OC_AOP.V3_1.nc | written=0 skip_done=1 no_pix=0 no_spec=0
2026-01-29 15:33:56,432 | INFO | GRANULE start | PACE_OCI.20240408T195646.L2.OC_AOP.V3_1.nc | rows=1 | mem_mb=633.1953125
2026-01-29 15:33:57,177 | INFO | Rrs dims=('number_of_lines', 'pixels_per_line', 'wavelength_3d') | using spatial dims: number_of_lines, pixels_per_line
2026-01-29 15:33:57,178 | INFO | GRANULE done | PACE_OCI.20240408T195646.L2.OC_AOP.V3_1.nc | written=0 skip_done=1 no_pix=0 no_spec=0
2026-01-29 15:33:57,180 | INFO | GRANULE start | PACE_OCI.20240415T204017.L2.OC_AOP.V3_1.nc | rows=1 | mem_mb=661.203125
2026-01-29 15:33:58,421 | INFO | Rrs dims=('number_of_lines', 'pixels_per_line', 'wavelength_3d') | using spatial dims: number_of_lines, pixels_per_line
2026-01-29 15:33:58,421 | INFO | GRANULE done | PACE_OCI.20240415T204017.L2.OC_AOP.V3_1.nc | written=0 skip_done=1 no_pix=0 no_spec=0
2026-01-29 15:33:58,425 | INFO | GRANULE start | PACE_OCI.20240422T195018.L2.OC_AOP.V3_1.nc | rows=1 | mem_mb=692.18359375
2026-01-29 15:33:59,321 | INFO | Rrs dims=('number_of_lines', 'pixels_per_line', 'wavelength_3d') | using spatial dims: number_of_lines, pixels_per_line
2026-01-29 15:34:00,122 | INFO | GRANULE done | PACE_OCI.20240422T195018.L2.OC_AOP.V3_1.nc | written=0 skip_done=0 no_pix=1 no_spec=0
2026-01-29 15:34:00,124 | INFO | GRANULE start | PACE_OCI.20240429T203818.L2.OC_AOP.V3_1.nc | rows=1 | mem_mb=745.48046875
2026-01-29 15:34:00,841 | INFO | Rrs dims=('number_of_lines', 'pixels_per_line', 'wavelength_3d') | using spatial dims: number_of_lines, pixels_per_line
2026-01-29 15:34:00,841 | INFO | GRANULE done | PACE_OCI.20240429T203818.L2.OC_AOP.V3_1.nc | written=0 skip_done=1 no_pix=0 no_spec=0
2026-01-29 15:34:00,843 | INFO | GRANULE start | PACE_OCI.20240506T194750.L2.OC_AOP.V3_1.nc | rows=1 | mem_mb=745.50390625
2026-01-29 15:34:01,453 | INFO | Rrs dims=('number_of_lines', 'pixels_per_line', 'wavelength_3d') | using spatial dims: number_of_lines, pixels_per_line
2026-01-29 15:34:01,453 | INFO | GRANULE done | PACE_OCI.20240506T194750.L2.OC_AOP.V3_1.nc | written=0 skip_done=1 no_pix=0 no_spec=0
2026-01-29 15:34:01,455 | INFO | GRANULE start | PACE_OCI.20240513T203532.L2.OC_AOP.V3_1.nc | rows=1 | mem_mb=745.578125
2026-01-29 15:34:02,130 | INFO | Rrs dims=('number_of_lines', 'pixels_per_line', 'wavelength_3d') | using spatial dims: number_of_lines, pixels_per_line
2026-01-29 15:34:02,876 | INFO | GRANULE done | PACE_OCI.20240513T203532.L2.OC_AOP.V3_1.nc | written=0 skip_done=0 no_pix=1 no_spec=0
2026-01-29 15:34:02,878 | INFO | GRANULE start | PACE_OCI.20240520T194443.L2.OC_AOP.V3_1.nc | rows=1 | mem_mb=802.42578125
2026-01-29 15:34:03,592 | INFO | Rrs dims=('number_of_lines', 'pixels_per_line', 'wavelength_3d') | using spatial dims: number_of_lines, pixels_per_line
2026-01-29 15:34:04,350 | INFO | GRANULE done | PACE_OCI.20240520T194443.L2.OC_AOP.V3_1.nc | written=0 skip_done=0 no_pix=1 no_spec=0
2026-01-29 15:34:04,352 | INFO | GRANULE start | PACE_OCI.20240520T212303.L2.OC_AOP.V3_1.nc | rows=1 | mem_mb=822.921875
2026-01-29 15:34:04,974 | INFO | Rrs dims=('number_of_lines', 'pixels_per_line', 'wavelength_3d') | using spatial dims: number_of_lines, pixels_per_line
2026-01-29 15:34:05,568 | INFO | GRANULE done | PACE_OCI.20240520T212303.L2.OC_AOP.V3_1.nc | written=0 skip_done=0 no_pix=1 no_spec=0
2026-01-29 15:34:05,570 | INFO | GRANULE start | PACE_OCI.20240603T194017.L2.OC_AOP.V3_1.nc | rows=1 | mem_mb=839.53125
2026-01-29 15:34:06,604 | INFO | Rrs dims=('number_of_lines', 'pixels_per_line', 'wavelength_3d') | using spatial dims: number_of_lines, pixels_per_line
2026-01-29 15:34:06,604 | INFO | GRANULE done | PACE_OCI.20240603T194017.L2.OC_AOP.V3_1.nc | written=0 skip_done=1 no_pix=0 no_spec=0
2026-01-29 15:34:06,607 | INFO | GRANULE start | PACE_OCI.20240603T211836.L2.OC_AOP.V3_1.nc | rows=1 | mem_mb=814.81640625
2026-01-29 15:34:07,500 | INFO | Rrs dims=('number_of_lines', 'pixels_per_line', 'wavelength_3d') | using spatial dims: number_of_lines, pixels_per_line
2026-01-29 15:34:08,773 | INFO | GRANULE done | PACE_OCI.20240603T211836.L2.OC_AOP.V3_1.nc | written=0 skip_done=0 no_pix=1 no_spec=0
2026-01-29 15:34:08,775 | INFO | GRANULE start | PACE_OCI.20240610T202702.L2.OC_AOP.V3_1.nc | rows=1 | mem_mb=895.82421875
2026-01-29 15:34:10,544 | INFO | Rrs dims=('number_of_lines', 'pixels_per_line', 'wavelength_3d') | using spatial dims: number_of_lines, pixels_per_line
2026-01-29 15:34:10,545 | INFO | GRANULE done | PACE_OCI.20240610T202702.L2.OC_AOP.V3_1.nc | written=0 skip_done=1 no_pix=0 no_spec=0
2026-01-29 15:34:10,547 | INFO | GRANULE start | PACE_OCI.20240617T193515.L2.OC_AOP.V3_1.nc | rows=1 | mem_mb=895.29296875
2026-01-29 15:34:11,179 | INFO | Rrs dims=('number_of_lines', 'pixels_per_line', 'wavelength_3d') | using spatial dims: number_of_lines, pixels_per_line
2026-01-29 15:34:11,297 | INFO | GRANULE done | PACE_OCI.20240617T193515.L2.OC_AOP.V3_1.nc | written=0 skip_done=0 no_pix=1 no_spec=0
2026-01-29 15:34:11,299 | INFO | GRANULE start | PACE_OCI.20240617T211334.L2.OC_AOP.V3_1.nc | rows=1 | mem_mb=920.0703125
2026-01-29 15:34:12,596 | INFO | Rrs dims=('number_of_lines', 'pixels_per_line', 'wavelength_3d') | using spatial dims: number_of_lines, pixels_per_line
2026-01-29 15:34:15,311 | INFO | GRANULE done | PACE_OCI.20240617T211334.L2.OC_AOP.V3_1.nc | written=0 skip_done=0 no_pix=1 no_spec=0
2026-01-29 15:34:15,313 | INFO | GRANULE start | PACE_OCI.20240624T202137.L2.OC_AOP.V3_1.nc | rows=1 | mem_mb=953.08984375
2026-01-29 15:34:16,364 | INFO | Rrs dims=('number_of_lines', 'pixels_per_line', 'wavelength_3d') | using spatial dims: number_of_lines, pixels_per_line
2026-01-29 15:34:16,364 | INFO | GRANULE done | PACE_OCI.20240624T202137.L2.OC_AOP.V3_1.nc | written=0 skip_done=1 no_pix=0 no_spec=0
2026-01-29 15:34:16,366 | INFO | GRANULE start | PACE_OCI.20240701T192930.L2.OC_AOP.V3_1.nc | rows=1 | mem_mb=973.2109375
2026-01-29 15:34:16,887 | INFO | Rrs dims=('number_of_lines', 'pixels_per_line', 'wavelength_3d') | using spatial dims: number_of_lines, pixels_per_line
2026-01-29 15:34:17,065 | INFO | GRANULE done | PACE_OCI.20240701T192930.L2.OC_AOP.V3_1.nc | written=0 skip_done=0 no_pix=1 no_spec=0
2026-01-29 15:34:17,067 | INFO | GRANULE start | PACE_OCI.20240701T210749.L2.OC_AOP.V3_1.nc | rows=1 | mem_mb=1010.03125
2026-01-29 15:34:17,882 | INFO | Rrs dims=('number_of_lines', 'pixels_per_line', 'wavelength_3d') | using spatial dims: number_of_lines, pixels_per_line
2026-01-29 15:34:18,778 | INFO | GRANULE done | PACE_OCI.20240701T210749.L2.OC_AOP.V3_1.nc | written=0 skip_done=0 no_pix=1 no_spec=0
2026-01-29 15:34:18,780 | INFO | GRANULE start | PACE_OCI.20240708T201528.L2.OC_AOP.V3_1.nc | rows=1 | mem_mb=1001.4765625
2026-01-29 15:34:19,754 | INFO | Rrs dims=('number_of_lines', 'pixels_per_line', 'wavelength_3d') | using spatial dims: number_of_lines, pixels_per_line
2026-01-29 15:34:21,483 | INFO | GRANULE done | PACE_OCI.20240708T201528.L2.OC_AOP.V3_1.nc | written=0 skip_done=0 no_pix=1 no_spec=0
2026-01-29 15:34:21,485 | INFO | GRANULE start | PACE_OCI.20240715T192258.L2.OC_AOP.V3_1.nc | rows=1 | mem_mb=993.1796875
2026-01-29 15:34:22,253 | INFO | Rrs dims=('number_of_lines', 'pixels_per_line', 'wavelength_3d') | using spatial dims: number_of_lines, pixels_per_line
2026-01-29 15:34:22,441 | INFO | GRANULE done | PACE_OCI.20240715T192258.L2.OC_AOP.V3_1.nc | written=0 skip_done=0 no_pix=1 no_spec=0
2026-01-29 15:34:22,443 | INFO | GRANULE start | PACE_OCI.20240715T210117.L2.OC_AOP.V3_1.nc | rows=1 | mem_mb=1018.2578125
2026-01-29 15:34:23,158 | INFO | Rrs dims=('number_of_lines', 'pixels_per_line', 'wavelength_3d') | using spatial dims: number_of_lines, pixels_per_line
2026-01-29 15:34:24,392 | INFO | GRANULE done | PACE_OCI.20240715T210117.L2.OC_AOP.V3_1.nc | written=0 skip_done=0 no_pix=1 no_spec=0
2026-01-29 15:34:24,395 | INFO | GRANULE start | PACE_OCI.20240722T200836.L2.OC_AOP.V3_1.nc | rows=1 | mem_mb=1083.41796875
2026-01-29 15:34:25,949 | INFO | Rrs dims=('number_of_lines', 'pixels_per_line', 'wavelength_3d') | using spatial dims: number_of_lines, pixels_per_line
2026-01-29 15:34:26,913 | INFO | GRANULE done | PACE_OCI.20240722T200836.L2.OC_AOP.V3_1.nc | written=0 skip_done=0 no_pix=1 no_spec=0
2026-01-29 15:34:26,916 | INFO | GRANULE start | PACE_OCI.20240729T205400.L2.OC_AOP.V3_1.nc | rows=1 | mem_mb=1053.328125
2026-01-29 15:34:28,234 | INFO | Rrs dims=('number_of_lines', 'pixels_per_line', 'wavelength_3d') | using spatial dims: number_of_lines, pixels_per_line
2026-01-29 15:34:28,235 | INFO | GRANULE done | PACE_OCI.20240729T205400.L2.OC_AOP.V3_1.nc | written=0 skip_done=1 no_pix=0 no_spec=0
2026-01-29 15:34:28,237 | INFO | GRANULE start | PACE_OCI.20240805T200057.L2.OC_AOP.V3_1.nc | rows=1 | mem_mb=1053.33203125
2026-01-29 15:34:29,391 | INFO | Rrs dims=('number_of_lines', 'pixels_per_line', 'wavelength_3d') | using spatial dims: number_of_lines, pixels_per_line
2026-01-29 15:34:30,912 | INFO | GRANULE done | PACE_OCI.20240805T200057.L2.OC_AOP.V3_1.nc | written=0 skip_done=0 no_pix=1 no_spec=0
2026-01-29 15:34:30,914 | INFO | GRANULE start | PACE_OCI.20240812T204559.L2.OC_AOP.V3_1.nc | rows=1 | mem_mb=1094.69921875
2026-01-29 15:34:32,075 | INFO | Rrs dims=('number_of_lines', 'pixels_per_line', 'wavelength_3d') | using spatial dims: number_of_lines, pixels_per_line
2026-01-29 15:34:34,438 | INFO | GRANULE done | PACE_OCI.20240812T204559.L2.OC_AOP.V3_1.nc | written=0 skip_done=0 no_pix=1 no_spec=0
2026-01-29 15:34:34,440 | INFO | GRANULE start | PACE_OCI.20240819T195220.L2.OC_AOP.V3_1.nc | rows=1 | mem_mb=1231.02734375
2026-01-29 15:34:35,627 | INFO | Rrs dims=('number_of_lines', 'pixels_per_line', 'wavelength_3d') | using spatial dims: number_of_lines, pixels_per_line
2026-01-29 15:34:35,627 | INFO | GRANULE done | PACE_OCI.20240819T195220.L2.OC_AOP.V3_1.nc | written=0 skip_done=1 no_pix=0 no_spec=0
2026-01-29 15:34:35,630 | INFO | GRANULE start | PACE_OCI.20240826T204149.L2.OC_AOP.V3_1.nc | rows=1 | mem_mb=1245.5546875
2026-01-29 15:34:36,261 | INFO | Rrs dims=('number_of_lines', 'pixels_per_line', 'wavelength_3d') | using spatial dims: number_of_lines, pixels_per_line
2026-01-29 15:34:36,261 | INFO | GRANULE done | PACE_OCI.20240826T204149.L2.OC_AOP.V3_1.nc | written=0 skip_done=1 no_pix=0 no_spec=0
2026-01-29 15:34:36,263 | INFO | GRANULE start | PACE_OCI.20240903T202212.L2.OC_AOP.V3_1.nc | rows=1 | mem_mb=1245.5625
2026-01-29 15:34:37,499 | INFO | Rrs dims=('number_of_lines', 'pixels_per_line', 'wavelength_3d') | using spatial dims: number_of_lines, pixels_per_line
2026-01-29 15:34:38,673 | INFO | GRANULE done | PACE_OCI.20240903T202212.L2.OC_AOP.V3_1.nc | written=0 skip_done=0 no_pix=1 no_spec=0
2026-01-29 15:34:38,675 | INFO | GRANULE start | PACE_OCI.20240916T193710.L2.OC_AOP.V3_1.nc | rows=1 | mem_mb=1270.37890625
2026-01-29 15:34:39,364 | INFO | Rrs dims=('number_of_lines', 'pixels_per_line', 'wavelength_3d') | using spatial dims: number_of_lines, pixels_per_line
2026-01-29 15:34:39,364 | INFO | GRANULE done | PACE_OCI.20240916T193710.L2.OC_AOP.V3_1.nc | written=0 skip_done=1 no_pix=0 no_spec=0
2026-01-29 15:34:39,366 | INFO | GRANULE start | PACE_OCI.20240916T211527.L2.OC_AOP.V3_1.nc | rows=1 | mem_mb=1270.55859375
2026-01-29 15:34:41,276 | INFO | Rrs dims=('number_of_lines', 'pixels_per_line', 'wavelength_3d') | using spatial dims: number_of_lines, pixels_per_line
2026-01-29 15:34:44,021 | INFO | GRANULE done | PACE_OCI.20240916T211527.L2.OC_AOP.V3_1.nc | written=0 skip_done=0 no_pix=1 no_spec=0
2026-01-29 15:34:44,023 | INFO | GRANULE start | PACE_OCI.20240923T202039.L2.OC_AOP.V3_1.nc | rows=1 | mem_mb=1287.44140625
2026-01-29 15:34:44,631 | INFO | Rrs dims=('number_of_lines', 'pixels_per_line', 'wavelength_3d') | using spatial dims: number_of_lines, pixels_per_line
2026-01-29 15:34:45,444 | INFO | GRANULE done | PACE_OCI.20240923T202039.L2.OC_AOP.V3_1.nc | written=0 skip_done=0 no_pix=1 no_spec=0
2026-01-29 15:34:45,446 | INFO | GRANULE start | PACE_OCI.20240930T192540.L2.OC_AOP.V3_1.nc | rows=1 | mem_mb=1270.890625
2026-01-29 15:34:46,141 | INFO | Rrs dims=('number_of_lines', 'pixels_per_line', 'wavelength_3d') | using spatial dims: number_of_lines, pixels_per_line
2026-01-29 15:34:46,668 | INFO | GRANULE done | PACE_OCI.20240930T192540.L2.OC_AOP.V3_1.nc | written=0 skip_done=0 no_pix=1 no_spec=0
2026-01-29 15:34:46,670 | INFO | GRANULE start | PACE_OCI.20240930T210357.L2.OC_AOP.V3_1.nc | rows=1 | mem_mb=1270.90625
2026-01-29 15:34:48,250 | INFO | Rrs dims=('number_of_lines', 'pixels_per_line', 'wavelength_3d') | using spatial dims: number_of_lines, pixels_per_line
2026-01-29 15:52:11,021 | INFO | RESUME CHECK | progress_csv=SIO_extract_progress.csv | done_obs=12
2026-01-29 15:52:11,022 | INFO | START | out_store=SIO_rrs_matchups_5x5.zarr progress=SIO_extract_progress.csv done_obs=12 buffer_n=2 window=5 progress_flush_every=50
2026-01-29 15:52:11,022 | INFO | MEM_MB start: 272.4
2026-01-29 15:52:11,026 | INFO | GRANULE start | PACE_OCI.20240311T195804.L2.OC_AOP.V3_1.nc | rows=1 | mem_mb=272.44921875
2026-01-29 15:52:16,171 | INFO | WAVELENGTH set | n=172
2026-01-29 15:52:16,171 | INFO | Rrs dims=('number_of_lines', 'pixels_per_line', 'wavelength_3d') | using spatial dims: number_of_lines, pixels_per_line
2026-01-29 15:52:17,807 | INFO | GRANULE done | PACE_OCI.20240311T195804.L2.OC_AOP.V3_1.nc | written=0 skip_done=0 no_pix=1 no_spec=0
2026-01-29 15:52:17,810 | INFO | GRANULE start | PACE_OCI.20240318T204706.L2.OC_AOP.V3_1.nc | rows=1 | mem_mb=503.8203125
2026-01-29 15:52:18,723 | INFO | Rrs dims=('number_of_lines', 'pixels_per_line', 'wavelength_3d') | using spatial dims: number_of_lines, pixels_per_line
2026-01-29 15:52:20,080 | INFO | GRANULE done | PACE_OCI.20240318T204706.L2.OC_AOP.V3_1.nc | written=0 skip_done=0 no_pix=1 no_spec=0
2026-01-29 15:52:20,082 | INFO | GRANULE start | PACE_OCI.20240401T204628.L2.OC_AOP.V3_1.nc | rows=1 | mem_mb=643.41015625
2026-01-29 15:52:20,914 | INFO | Rrs dims=('number_of_lines', 'pixels_per_line', 'wavelength_3d') | using spatial dims: number_of_lines, pixels_per_line
2026-01-29 15:52:20,914 | INFO | GRANULE done | PACE_OCI.20240401T204628.L2.OC_AOP.V3_1.nc | written=0 skip_done=1 no_pix=0 no_spec=0
2026-01-29 15:52:20,916 | INFO | GRANULE start | PACE_OCI.20240408T195646.L2.OC_AOP.V3_1.nc | rows=1 | mem_mb=683.328125
2026-01-29 15:52:21,838 | INFO | Rrs dims=('number_of_lines', 'pixels_per_line', 'wavelength_3d') | using spatial dims: number_of_lines, pixels_per_line
2026-01-29 15:52:21,838 | INFO | GRANULE done | PACE_OCI.20240408T195646.L2.OC_AOP.V3_1.nc | written=0 skip_done=1 no_pix=0 no_spec=0
2026-01-29 15:52:21,841 | INFO | GRANULE start | PACE_OCI.20240415T204017.L2.OC_AOP.V3_1.nc | rows=1 | mem_mb=699.35546875
2026-01-29 15:52:22,673 | INFO | Rrs dims=('number_of_lines', 'pixels_per_line', 'wavelength_3d') | using spatial dims: number_of_lines, pixels_per_line
2026-01-29 15:52:22,674 | INFO | GRANULE done | PACE_OCI.20240415T204017.L2.OC_AOP.V3_1.nc | written=0 skip_done=1 no_pix=0 no_spec=0
2026-01-29 15:52:22,677 | INFO | GRANULE start | PACE_OCI.20240422T195018.L2.OC_AOP.V3_1.nc | rows=1 | mem_mb=730.71484375
2026-01-29 15:52:23,488 | INFO | Rrs dims=('number_of_lines', 'pixels_per_line', 'wavelength_3d') | using spatial dims: number_of_lines, pixels_per_line
2026-01-29 15:52:24,561 | INFO | GRANULE done | PACE_OCI.20240422T195018.L2.OC_AOP.V3_1.nc | written=0 skip_done=0 no_pix=1 no_spec=0
2026-01-29 15:52:24,563 | INFO | GRANULE start | PACE_OCI.20240429T203818.L2.OC_AOP.V3_1.nc | rows=1 | mem_mb=781.875
2026-01-29 15:52:25,310 | INFO | Rrs dims=('number_of_lines', 'pixels_per_line', 'wavelength_3d') | using spatial dims: number_of_lines, pixels_per_line
2026-01-29 15:52:25,311 | INFO | GRANULE done | PACE_OCI.20240429T203818.L2.OC_AOP.V3_1.nc | written=0 skip_done=1 no_pix=0 no_spec=0
2026-01-29 15:52:25,313 | INFO | GRANULE start | PACE_OCI.20240506T194750.L2.OC_AOP.V3_1.nc | rows=1 | mem_mb=779.296875
2026-01-29 15:52:25,980 | INFO | Rrs dims=('number_of_lines', 'pixels_per_line', 'wavelength_3d') | using spatial dims: number_of_lines, pixels_per_line
2026-01-29 15:52:25,980 | INFO | GRANULE done | PACE_OCI.20240506T194750.L2.OC_AOP.V3_1.nc | written=0 skip_done=1 no_pix=0 no_spec=0
2026-01-29 15:52:25,983 | INFO | GRANULE start | PACE_OCI.20240513T203532.L2.OC_AOP.V3_1.nc | rows=1 | mem_mb=779.35546875
2026-01-29 15:52:26,990 | INFO | Rrs dims=('number_of_lines', 'pixels_per_line', 'wavelength_3d') | using spatial dims: number_of_lines, pixels_per_line
2026-01-29 15:52:27,593 | INFO | GRANULE done | PACE_OCI.20240513T203532.L2.OC_AOP.V3_1.nc | written=0 skip_done=0 no_pix=1 no_spec=0
2026-01-29 15:52:27,595 | INFO | GRANULE start | PACE_OCI.20240520T194443.L2.OC_AOP.V3_1.nc | rows=1 | mem_mb=844.390625
2026-01-29 15:52:28,333 | INFO | Rrs dims=('number_of_lines', 'pixels_per_line', 'wavelength_3d') | using spatial dims: number_of_lines, pixels_per_line
2026-01-29 15:52:28,775 | INFO | GRANULE done | PACE_OCI.20240520T194443.L2.OC_AOP.V3_1.nc | written=0 skip_done=0 no_pix=1 no_spec=0
2026-01-29 15:52:28,777 | INFO | GRANULE start | PACE_OCI.20240520T212303.L2.OC_AOP.V3_1.nc | rows=1 | mem_mb=854.546875
2026-01-29 15:52:29,438 | INFO | Rrs dims=('number_of_lines', 'pixels_per_line', 'wavelength_3d') | using spatial dims: number_of_lines, pixels_per_line
2026-01-29 15:52:30,070 | INFO | GRANULE done | PACE_OCI.20240520T212303.L2.OC_AOP.V3_1.nc | written=0 skip_done=0 no_pix=1 no_spec=0
2026-01-29 15:52:30,073 | INFO | GRANULE start | PACE_OCI.20240603T194017.L2.OC_AOP.V3_1.nc | rows=1 | mem_mb=871.1484375
2026-01-29 15:52:30,800 | INFO | Rrs dims=('number_of_lines', 'pixels_per_line', 'wavelength_3d') | using spatial dims: number_of_lines, pixels_per_line
2026-01-29 15:52:30,801 | INFO | GRANULE done | PACE_OCI.20240603T194017.L2.OC_AOP.V3_1.nc | written=0 skip_done=1 no_pix=0 no_spec=0
2026-01-29 15:52:30,803 | INFO | GRANULE start | PACE_OCI.20240603T211836.L2.OC_AOP.V3_1.nc | rows=1 | mem_mb=858.3984375
2026-01-29 15:52:31,692 | INFO | Rrs dims=('number_of_lines', 'pixels_per_line', 'wavelength_3d') | using spatial dims: number_of_lines, pixels_per_line
2026-01-29 15:52:33,056 | INFO | GRANULE done | PACE_OCI.20240603T211836.L2.OC_AOP.V3_1.nc | written=0 skip_done=0 no_pix=1 no_spec=0
2026-01-29 15:52:33,059 | INFO | GRANULE start | PACE_OCI.20240610T202702.L2.OC_AOP.V3_1.nc | rows=1 | mem_mb=954.55078125
2026-01-29 15:52:33,887 | INFO | Rrs dims=('number_of_lines', 'pixels_per_line', 'wavelength_3d') | using spatial dims: number_of_lines, pixels_per_line
2026-01-29 15:52:33,887 | INFO | GRANULE done | PACE_OCI.20240610T202702.L2.OC_AOP.V3_1.nc | written=0 skip_done=1 no_pix=0 no_spec=0
2026-01-29 15:52:33,890 | INFO | GRANULE start | PACE_OCI.20240617T193515.L2.OC_AOP.V3_1.nc | rows=1 | mem_mb=929.58984375
2026-01-29 15:52:34,713 | INFO | Rrs dims=('number_of_lines', 'pixels_per_line', 'wavelength_3d') | using spatial dims: number_of_lines, pixels_per_line
2026-01-29 15:52:34,827 | INFO | GRANULE done | PACE_OCI.20240617T193515.L2.OC_AOP.V3_1.nc | written=0 skip_done=0 no_pix=1 no_spec=0
2026-01-29 15:52:34,829 | INFO | GRANULE start | PACE_OCI.20240617T211334.L2.OC_AOP.V3_1.nc | rows=1 | mem_mb=946.06640625
2026-01-29 15:52:36,073 | INFO | Rrs dims=('number_of_lines', 'pixels_per_line', 'wavelength_3d') | using spatial dims: number_of_lines, pixels_per_line
2026-01-29 15:52:38,278 | INFO | GRANULE done | PACE_OCI.20240617T211334.L2.OC_AOP.V3_1.nc | written=0 skip_done=0 no_pix=1 no_spec=0
2026-01-29 15:52:38,281 | INFO | GRANULE start | PACE_OCI.20240624T202137.L2.OC_AOP.V3_1.nc | rows=1 | mem_mb=1002.703125
2026-01-29 15:52:39,109 | INFO | Rrs dims=('number_of_lines', 'pixels_per_line', 'wavelength_3d') | using spatial dims: number_of_lines, pixels_per_line
2026-01-29 15:52:39,110 | INFO | GRANULE done | PACE_OCI.20240624T202137.L2.OC_AOP.V3_1.nc | written=0 skip_done=1 no_pix=0 no_spec=0
2026-01-29 15:52:39,113 | INFO | GRANULE start | PACE_OCI.20240701T192930.L2.OC_AOP.V3_1.nc | rows=1 | mem_mb=1018.8828125
2026-01-29 15:52:39,597 | INFO | Rrs dims=('number_of_lines', 'pixels_per_line', 'wavelength_3d') | using spatial dims: number_of_lines, pixels_per_line
2026-01-29 15:52:39,748 | INFO | GRANULE done | PACE_OCI.20240701T192930.L2.OC_AOP.V3_1.nc | written=0 skip_done=0 no_pix=1 no_spec=0
2026-01-29 15:52:39,750 | INFO | GRANULE start | PACE_OCI.20240701T210749.L2.OC_AOP.V3_1.nc | rows=1 | mem_mb=1014.359375
2026-01-29 15:52:41,588 | INFO | Rrs dims=('number_of_lines', 'pixels_per_line', 'wavelength_3d') | using spatial dims: number_of_lines, pixels_per_line
2026-01-29 15:52:42,793 | INFO | GRANULE done | PACE_OCI.20240701T210749.L2.OC_AOP.V3_1.nc | written=0 skip_done=0 no_pix=1 no_spec=0
2026-01-29 15:52:42,795 | INFO | GRANULE start | PACE_OCI.20240708T201528.L2.OC_AOP.V3_1.nc | rows=1 | mem_mb=1030.96875
2026-01-29 15:52:43,923 | INFO | Rrs dims=('number_of_lines', 'pixels_per_line', 'wavelength_3d') | using spatial dims: number_of_lines, pixels_per_line
2026-01-29 15:52:46,532 | INFO | GRANULE done | PACE_OCI.20240708T201528.L2.OC_AOP.V3_1.nc | written=0 skip_done=0 no_pix=1 no_spec=0
2026-01-29 15:52:46,534 | INFO | GRANULE start | PACE_OCI.20240715T192258.L2.OC_AOP.V3_1.nc | rows=1 | mem_mb=1039.0
2026-01-29 15:52:47,173 | INFO | Rrs dims=('number_of_lines', 'pixels_per_line', 'wavelength_3d') | using spatial dims: number_of_lines, pixels_per_line
2026-01-29 15:52:47,444 | INFO | GRANULE done | PACE_OCI.20240715T192258.L2.OC_AOP.V3_1.nc | written=0 skip_done=0 no_pix=1 no_spec=0
2026-01-29 15:52:47,448 | INFO | GRANULE start | PACE_OCI.20240715T210117.L2.OC_AOP.V3_1.nc | rows=1 | mem_mb=1088.078125
2026-01-29 15:52:48,057 | INFO | Rrs dims=('number_of_lines', 'pixels_per_line', 'wavelength_3d') | using spatial dims: number_of_lines, pixels_per_line
2026-01-29 15:52:49,357 | INFO | GRANULE done | PACE_OCI.20240715T210117.L2.OC_AOP.V3_1.nc | written=0 skip_done=0 no_pix=1 no_spec=0
2026-01-29 15:52:49,359 | INFO | GRANULE start | PACE_OCI.20240722T200836.L2.OC_AOP.V3_1.nc | rows=1 | mem_mb=1058.765625
2026-01-29 15:52:50,677 | INFO | Rrs dims=('number_of_lines', 'pixels_per_line', 'wavelength_3d') | using spatial dims: number_of_lines, pixels_per_line
2026-01-29 15:52:51,790 | INFO | GRANULE done | PACE_OCI.20240722T200836.L2.OC_AOP.V3_1.nc | written=0 skip_done=0 no_pix=1 no_spec=0
2026-01-29 15:52:51,792 | INFO | GRANULE start | PACE_OCI.20240729T205400.L2.OC_AOP.V3_1.nc | rows=1 | mem_mb=1091.828125
2026-01-29 15:52:53,029 | INFO | Rrs dims=('number_of_lines', 'pixels_per_line', 'wavelength_3d') | using spatial dims: number_of_lines, pixels_per_line
2026-01-29 15:52:53,029 | INFO | GRANULE done | PACE_OCI.20240729T205400.L2.OC_AOP.V3_1.nc | written=0 skip_done=1 no_pix=0 no_spec=0
2026-01-29 15:52:53,031 | INFO | GRANULE start | PACE_OCI.20240805T200057.L2.OC_AOP.V3_1.nc | rows=1 | mem_mb=1091.8984375
2026-01-29 15:52:54,250 | INFO | Rrs dims=('number_of_lines', 'pixels_per_line', 'wavelength_3d') | using spatial dims: number_of_lines, pixels_per_line
2026-01-29 15:52:55,167 | INFO | GRANULE done | PACE_OCI.20240805T200057.L2.OC_AOP.V3_1.nc | written=0 skip_done=0 no_pix=1 no_spec=0
2026-01-29 15:52:55,169 | INFO | GRANULE start | PACE_OCI.20240812T204559.L2.OC_AOP.V3_1.nc | rows=1 | mem_mb=1180.72265625
2026-01-29 15:52:56,144 | INFO | Rrs dims=('number_of_lines', 'pixels_per_line', 'wavelength_3d') | using spatial dims: number_of_lines, pixels_per_line
2026-01-29 15:53:11,516 | INFO | RESUME CHECK | progress_csv=SIO_extract_progress.csv | done_obs=12
2026-01-29 15:53:11,516 | INFO | START | out_store=SIO_rrs_matchups_5x5.zarr progress=SIO_extract_progress.csv done_obs=12 buffer_n=2 window=5 progress_flush_every=50
2026-01-29 15:53:11,516 | INFO | MEM_MB start: 272.9
2026-01-29 15:53:11,521 | INFO | GRANULE start | PACE_OCI.20240311T195804.L2.OC_AOP.V3_1.nc | rows=1 | mem_mb=272.921875
2026-01-29 15:53:16,517 | INFO | WAVELENGTH set | n=172
2026-01-29 15:53:16,517 | INFO | Rrs dims=('number_of_lines', 'pixels_per_line', 'wavelength_3d') | using spatial dims: number_of_lines, pixels_per_line
2026-01-29 15:53:17,190 | INFO | GRANULE done | PACE_OCI.20240311T195804.L2.OC_AOP.V3_1.nc | written=0 skip_done=0 no_pix=1 no_spec=0
2026-01-29 15:53:17,193 | INFO | GRANULE start | PACE_OCI.20240318T204706.L2.OC_AOP.V3_1.nc | rows=1 | mem_mb=506.0
2026-01-29 15:53:17,903 | INFO | Rrs dims=('number_of_lines', 'pixels_per_line', 'wavelength_3d') | using spatial dims: number_of_lines, pixels_per_line
2026-01-29 15:53:19,324 | INFO | GRANULE done | PACE_OCI.20240318T204706.L2.OC_AOP.V3_1.nc | written=0 skip_done=0 no_pix=1 no_spec=0
2026-01-29 15:53:19,327 | INFO | GRANULE start | PACE_OCI.20240401T204628.L2.OC_AOP.V3_1.nc | rows=1 | mem_mb=640.64453125
2026-01-29 15:53:20,079 | INFO | Rrs dims=('number_of_lines', 'pixels_per_line', 'wavelength_3d') | using spatial dims: number_of_lines, pixels_per_line
2026-01-29 15:53:20,080 | INFO | GRANULE done | PACE_OCI.20240401T204628.L2.OC_AOP.V3_1.nc | written=0 skip_done=1 no_pix=0 no_spec=0
2026-01-29 15:53:20,082 | INFO | GRANULE start | PACE_OCI.20240408T195646.L2.OC_AOP.V3_1.nc | rows=1 | mem_mb=660.16015625
2026-01-29 15:53:20,686 | INFO | Rrs dims=('number_of_lines', 'pixels_per_line', 'wavelength_3d') | using spatial dims: number_of_lines, pixels_per_line
2026-01-29 15:53:20,686 | INFO | GRANULE done | PACE_OCI.20240408T195646.L2.OC_AOP.V3_1.nc | written=0 skip_done=1 no_pix=0 no_spec=0
2026-01-29 15:53:20,688 | INFO | GRANULE start | PACE_OCI.20240415T204017.L2.OC_AOP.V3_1.nc | rows=1 | mem_mb=684.88671875
2026-01-29 15:53:21,512 | INFO | Rrs dims=('number_of_lines', 'pixels_per_line', 'wavelength_3d') | using spatial dims: number_of_lines, pixels_per_line
2026-01-29 15:53:21,513 | INFO | GRANULE done | PACE_OCI.20240415T204017.L2.OC_AOP.V3_1.nc | written=0 skip_done=1 no_pix=0 no_spec=0
2026-01-29 15:53:21,515 | INFO | GRANULE start | PACE_OCI.20240422T195018.L2.OC_AOP.V3_1.nc | rows=1 | mem_mb=725.42578125
2026-01-29 15:53:22,375 | INFO | Rrs dims=('number_of_lines', 'pixels_per_line', 'wavelength_3d') | using spatial dims: number_of_lines, pixels_per_line
2026-01-29 15:53:23,255 | INFO | GRANULE done | PACE_OCI.20240422T195018.L2.OC_AOP.V3_1.nc | written=0 skip_done=0 no_pix=1 no_spec=0
2026-01-29 15:53:23,257 | INFO | GRANULE start | PACE_OCI.20240429T203818.L2.OC_AOP.V3_1.nc | rows=1 | mem_mb=753.91796875
2026-01-29 15:53:23,866 | INFO | Rrs dims=('number_of_lines', 'pixels_per_line', 'wavelength_3d') | using spatial dims: number_of_lines, pixels_per_line
2026-01-29 15:53:23,866 | INFO | GRANULE done | PACE_OCI.20240429T203818.L2.OC_AOP.V3_1.nc | written=0 skip_done=1 no_pix=0 no_spec=0
2026-01-29 15:53:23,869 | INFO | GRANULE start | PACE_OCI.20240506T194750.L2.OC_AOP.V3_1.nc | rows=1 | mem_mb=745.47265625
2026-01-29 15:53:24,383 | INFO | Rrs dims=('number_of_lines', 'pixels_per_line', 'wavelength_3d') | using spatial dims: number_of_lines, pixels_per_line
2026-01-29 15:53:24,384 | INFO | GRANULE done | PACE_OCI.20240506T194750.L2.OC_AOP.V3_1.nc | written=0 skip_done=1 no_pix=0 no_spec=0
2026-01-29 15:53:24,386 | INFO | GRANULE start | PACE_OCI.20240513T203532.L2.OC_AOP.V3_1.nc | rows=1 | mem_mb=765.32421875
2026-01-29 15:53:24,904 | INFO | Rrs dims=('number_of_lines', 'pixels_per_line', 'wavelength_3d') | using spatial dims: number_of_lines, pixels_per_line
2026-01-29 15:53:25,300 | INFO | GRANULE done | PACE_OCI.20240513T203532.L2.OC_AOP.V3_1.nc | written=0 skip_done=0 no_pix=1 no_spec=0
2026-01-29 15:53:25,301 | INFO | GRANULE start | PACE_OCI.20240520T194443.L2.OC_AOP.V3_1.nc | rows=1 | mem_mb=822.515625
2026-01-29 15:53:25,813 | INFO | Rrs dims=('number_of_lines', 'pixels_per_line', 'wavelength_3d') | using spatial dims: number_of_lines, pixels_per_line
2026-01-29 15:53:26,071 | INFO | GRANULE done | PACE_OCI.20240520T194443.L2.OC_AOP.V3_1.nc | written=0 skip_done=0 no_pix=1 no_spec=0
2026-01-29 15:53:26,073 | INFO | GRANULE start | PACE_OCI.20240520T212303.L2.OC_AOP.V3_1.nc | rows=1 | mem_mb=830.59375
2026-01-29 15:53:26,672 | INFO | Rrs dims=('number_of_lines', 'pixels_per_line', 'wavelength_3d') | using spatial dims: number_of_lines, pixels_per_line
2026-01-29 15:53:27,308 | INFO | GRANULE done | PACE_OCI.20240520T212303.L2.OC_AOP.V3_1.nc | written=0 skip_done=0 no_pix=1 no_spec=0
2026-01-29 15:53:27,310 | INFO | GRANULE start | PACE_OCI.20240603T194017.L2.OC_AOP.V3_1.nc | rows=1 | mem_mb=847.20703125
2026-01-29 15:53:27,862 | INFO | Rrs dims=('number_of_lines', 'pixels_per_line', 'wavelength_3d') | using spatial dims: number_of_lines, pixels_per_line
2026-01-29 15:53:27,862 | INFO | GRANULE done | PACE_OCI.20240603T194017.L2.OC_AOP.V3_1.nc | written=0 skip_done=1 no_pix=0 no_spec=0
2026-01-29 15:53:27,864 | INFO | GRANULE start | PACE_OCI.20240603T211836.L2.OC_AOP.V3_1.nc | rows=1 | mem_mb=847.28515625
2026-01-29 15:53:28,390 | INFO | Rrs dims=('number_of_lines', 'pixels_per_line', 'wavelength_3d') | using spatial dims: number_of_lines, pixels_per_line
2026-01-29 15:53:29,104 | INFO | GRANULE done | PACE_OCI.20240603T211836.L2.OC_AOP.V3_1.nc | written=0 skip_done=0 no_pix=1 no_spec=0
2026-01-29 15:53:29,106 | INFO | GRANULE start | PACE_OCI.20240610T202702.L2.OC_AOP.V3_1.nc | rows=1 | mem_mb=928.33203125
2026-01-29 15:53:30,199 | INFO | Rrs dims=('number_of_lines', 'pixels_per_line', 'wavelength_3d') | using spatial dims: number_of_lines, pixels_per_line
2026-01-29 15:53:30,199 | INFO | GRANULE done | PACE_OCI.20240610T202702.L2.OC_AOP.V3_1.nc | written=0 skip_done=1 no_pix=0 no_spec=0
2026-01-29 15:53:30,201 | INFO | GRANULE start | PACE_OCI.20240617T193515.L2.OC_AOP.V3_1.nc | rows=1 | mem_mb=913.8828125
2026-01-29 15:53:30,702 | INFO | Rrs dims=('number_of_lines', 'pixels_per_line', 'wavelength_3d') | using spatial dims: number_of_lines, pixels_per_line
2026-01-29 15:53:30,816 | INFO | GRANULE done | PACE_OCI.20240617T193515.L2.OC_AOP.V3_1.nc | written=0 skip_done=0 no_pix=1 no_spec=0
2026-01-29 15:53:30,818 | INFO | GRANULE start | PACE_OCI.20240617T211334.L2.OC_AOP.V3_1.nc | rows=1 | mem_mb=938.66015625
2026-01-29 15:53:31,620 | INFO | Rrs dims=('number_of_lines', 'pixels_per_line', 'wavelength_3d') | using spatial dims: number_of_lines, pixels_per_line
2026-01-29 15:53:33,423 | INFO | GRANULE done | PACE_OCI.20240617T211334.L2.OC_AOP.V3_1.nc | written=0 skip_done=0 no_pix=1 no_spec=0
2026-01-29 15:53:33,425 | INFO | GRANULE start | PACE_OCI.20240624T202137.L2.OC_AOP.V3_1.nc | rows=1 | mem_mb=979.26953125
2026-01-29 15:53:34,115 | INFO | Rrs dims=('number_of_lines', 'pixels_per_line', 'wavelength_3d') | using spatial dims: number_of_lines, pixels_per_line
2026-01-29 15:53:34,115 | INFO | GRANULE done | PACE_OCI.20240624T202137.L2.OC_AOP.V3_1.nc | written=0 skip_done=1 no_pix=0 no_spec=0
2026-01-29 15:53:34,117 | INFO | GRANULE start | PACE_OCI.20240701T192930.L2.OC_AOP.V3_1.nc | rows=1 | mem_mb=999.29296875
2026-01-29 15:53:34,587 | INFO | Rrs dims=('number_of_lines', 'pixels_per_line', 'wavelength_3d') | using spatial dims: number_of_lines, pixels_per_line
2026-01-29 15:53:34,736 | INFO | GRANULE done | PACE_OCI.20240701T192930.L2.OC_AOP.V3_1.nc | written=0 skip_done=0 no_pix=1 no_spec=0
2026-01-29 15:53:34,738 | INFO | GRANULE start | PACE_OCI.20240701T210749.L2.OC_AOP.V3_1.nc | rows=1 | mem_mb=994.859375
2026-01-29 15:53:35,408 | INFO | Rrs dims=('number_of_lines', 'pixels_per_line', 'wavelength_3d') | using spatial dims: number_of_lines, pixels_per_line
2026-01-29 15:53:36,012 | INFO | GRANULE done | PACE_OCI.20240701T210749.L2.OC_AOP.V3_1.nc | written=0 skip_done=0 no_pix=1 no_spec=0
2026-01-29 15:53:36,015 | INFO | GRANULE start | PACE_OCI.20240708T201528.L2.OC_AOP.V3_1.nc | rows=1 | mem_mb=1011.46875
2026-01-29 15:53:36,657 | INFO | Rrs dims=('number_of_lines', 'pixels_per_line', 'wavelength_3d') | using spatial dims: number_of_lines, pixels_per_line
2026-01-29 15:53:38,296 | INFO | GRANULE done | PACE_OCI.20240708T201528.L2.OC_AOP.V3_1.nc | written=0 skip_done=0 no_pix=1 no_spec=0
2026-01-29 15:53:38,298 | INFO | GRANULE start | PACE_OCI.20240715T192258.L2.OC_AOP.V3_1.nc | rows=1 | mem_mb=1044.10546875
2026-01-29 15:53:38,803 | INFO | Rrs dims=('number_of_lines', 'pixels_per_line', 'wavelength_3d') | using spatial dims: number_of_lines, pixels_per_line
2026-01-29 15:53:38,994 | INFO | GRANULE done | PACE_OCI.20240715T192258.L2.OC_AOP.V3_1.nc | written=0 skip_done=0 no_pix=1 no_spec=0
2026-01-29 15:53:38,997 | INFO | GRANULE start | PACE_OCI.20240715T210117.L2.OC_AOP.V3_1.nc | rows=1 | mem_mb=1081.1796875
2026-01-29 15:53:39,494 | INFO | Rrs dims=('number_of_lines', 'pixels_per_line', 'wavelength_3d') | using spatial dims: number_of_lines, pixels_per_line
2026-01-29 15:53:40,247 | INFO | GRANULE done | PACE_OCI.20240715T210117.L2.OC_AOP.V3_1.nc | written=0 skip_done=0 no_pix=1 no_spec=0
2026-01-29 15:53:40,249 | INFO | GRANULE start | PACE_OCI.20240722T200836.L2.OC_AOP.V3_1.nc | rows=1 | mem_mb=1039.74609375
2026-01-29 15:53:41,199 | INFO | Rrs dims=('number_of_lines', 'pixels_per_line', 'wavelength_3d') | using spatial dims: number_of_lines, pixels_per_line
2026-01-29 15:53:41,900 | INFO | GRANULE done | PACE_OCI.20240722T200836.L2.OC_AOP.V3_1.nc | written=0 skip_done=0 no_pix=1 no_spec=0
2026-01-29 15:53:41,902 | INFO | GRANULE start | PACE_OCI.20240729T205400.L2.OC_AOP.V3_1.nc | rows=1 | mem_mb=1064.51953125
2026-01-29 15:53:42,854 | INFO | Rrs dims=('number_of_lines', 'pixels_per_line', 'wavelength_3d') | using spatial dims: number_of_lines, pixels_per_line
2026-01-29 15:53:42,854 | INFO | GRANULE done | PACE_OCI.20240729T205400.L2.OC_AOP.V3_1.nc | written=0 skip_done=1 no_pix=0 no_spec=0
2026-01-29 15:53:42,858 | INFO | GRANULE start | PACE_OCI.20240805T200057.L2.OC_AOP.V3_1.nc | rows=1 | mem_mb=1064.578125
2026-01-29 15:53:44,027 | INFO | Rrs dims=('number_of_lines', 'pixels_per_line', 'wavelength_3d') | using spatial dims: number_of_lines, pixels_per_line
2026-01-29 15:53:44,919 | INFO | GRANULE done | PACE_OCI.20240805T200057.L2.OC_AOP.V3_1.nc | written=0 skip_done=0 no_pix=1 no_spec=0
2026-01-29 15:53:44,921 | INFO | GRANULE start | PACE_OCI.20240812T204559.L2.OC_AOP.V3_1.nc | rows=1 | mem_mb=1145.9453125
2026-01-29 15:53:45,693 | INFO | Rrs dims=('number_of_lines', 'pixels_per_line', 'wavelength_3d') | using spatial dims: number_of_lines, pixels_per_line
2026-01-29 15:54:10,857 | INFO | RESUME CHECK | progress_csv=SIO_extract_progress.csv | done_obs=12
2026-01-29 15:54:10,857 | INFO | START | out_store=SIO_rrs_matchups_5x5.zarr progress=SIO_extract_progress.csv done_obs=12 buffer_n=2 window=5 progress_flush_every=50
2026-01-29 15:54:10,857 | INFO | MEM_MB start: 273.4
2026-01-29 15:54:10,861 | INFO | GRANULE start | PACE_OCI.20240311T195804.L2.OC_AOP.V3_1.nc | rows=1 | mem_mb=273.3828125
2026-01-29 15:54:15,630 | INFO | WAVELENGTH set | n=172
2026-01-29 15:54:15,630 | INFO | Rrs dims=('number_of_lines', 'pixels_per_line', 'wavelength_3d') | using spatial dims: number_of_lines, pixels_per_line
2026-01-29 15:54:16,325 | INFO | GRANULE done | PACE_OCI.20240311T195804.L2.OC_AOP.V3_1.nc | written=0 skip_done=0 no_pix=1 no_spec=0
2026-01-29 15:54:16,327 | INFO | GRANULE start | PACE_OCI.20240318T204706.L2.OC_AOP.V3_1.nc | rows=1 | mem_mb=506.69140625
2026-01-29 15:54:17,121 | INFO | Rrs dims=('number_of_lines', 'pixels_per_line', 'wavelength_3d') | using spatial dims: number_of_lines, pixels_per_line
2026-01-29 15:54:18,953 | INFO | GRANULE done | PACE_OCI.20240318T204706.L2.OC_AOP.V3_1.nc | written=0 skip_done=0 no_pix=1 no_spec=0
2026-01-29 15:54:18,956 | INFO | GRANULE start | PACE_OCI.20240401T204628.L2.OC_AOP.V3_1.nc | rows=1 | mem_mb=657.109375
2026-01-29 15:54:19,847 | INFO | Rrs dims=('number_of_lines', 'pixels_per_line', 'wavelength_3d') | using spatial dims: number_of_lines, pixels_per_line
2026-01-29 15:54:19,848 | INFO | GRANULE done | PACE_OCI.20240401T204628.L2.OC_AOP.V3_1.nc | written=0 skip_done=1 no_pix=0 no_spec=0
2026-01-29 15:54:19,850 | INFO | GRANULE start | PACE_OCI.20240408T195646.L2.OC_AOP.V3_1.nc | rows=1 | mem_mb=691.015625
2026-01-29 15:54:20,643 | INFO | Rrs dims=('number_of_lines', 'pixels_per_line', 'wavelength_3d') | using spatial dims: number_of_lines, pixels_per_line
2026-01-29 15:54:20,644 | INFO | GRANULE done | PACE_OCI.20240408T195646.L2.OC_AOP.V3_1.nc | written=0 skip_done=1 no_pix=0 no_spec=0
2026-01-29 15:54:20,646 | INFO | GRANULE start | PACE_OCI.20240415T204017.L2.OC_AOP.V3_1.nc | rows=1 | mem_mb=719.015625
2026-01-29 15:54:21,305 | INFO | Rrs dims=('number_of_lines', 'pixels_per_line', 'wavelength_3d') | using spatial dims: number_of_lines, pixels_per_line
2026-01-29 15:54:21,306 | INFO | GRANULE done | PACE_OCI.20240415T204017.L2.OC_AOP.V3_1.nc | written=0 skip_done=1 no_pix=0 no_spec=0
2026-01-29 15:54:21,308 | INFO | GRANULE start | PACE_OCI.20240422T195018.L2.OC_AOP.V3_1.nc | rows=1 | mem_mb=749.9765625
2026-01-29 15:54:22,124 | INFO | Rrs dims=('number_of_lines', 'pixels_per_line', 'wavelength_3d') | using spatial dims: number_of_lines, pixels_per_line
2026-01-29 15:54:22,926 | INFO | GRANULE done | PACE_OCI.20240422T195018.L2.OC_AOP.V3_1.nc | written=0 skip_done=0 no_pix=1 no_spec=0
2026-01-29 15:54:22,928 | INFO | GRANULE start | PACE_OCI.20240429T203818.L2.OC_AOP.V3_1.nc | rows=1 | mem_mb=776.53515625
2026-01-29 15:54:23,599 | INFO | Rrs dims=('number_of_lines', 'pixels_per_line', 'wavelength_3d') | using spatial dims: number_of_lines, pixels_per_line
2026-01-29 15:54:23,600 | INFO | GRANULE done | PACE_OCI.20240429T203818.L2.OC_AOP.V3_1.nc | written=0 skip_done=1 no_pix=0 no_spec=0
2026-01-29 15:54:23,602 | INFO | GRANULE start | PACE_OCI.20240506T194750.L2.OC_AOP.V3_1.nc | rows=1 | mem_mb=749.9453125
2026-01-29 15:54:24,181 | INFO | Rrs dims=('number_of_lines', 'pixels_per_line', 'wavelength_3d') | using spatial dims: number_of_lines, pixels_per_line
2026-01-29 15:54:24,181 | INFO | GRANULE done | PACE_OCI.20240506T194750.L2.OC_AOP.V3_1.nc | written=0 skip_done=1 no_pix=0 no_spec=0
2026-01-29 15:54:24,183 | INFO | GRANULE start | PACE_OCI.20240513T203532.L2.OC_AOP.V3_1.nc | rows=1 | mem_mb=765.828125
2026-01-29 15:54:24,794 | INFO | Rrs dims=('number_of_lines', 'pixels_per_line', 'wavelength_3d') | using spatial dims: number_of_lines, pixels_per_line
2026-01-29 15:54:25,180 | INFO | GRANULE done | PACE_OCI.20240513T203532.L2.OC_AOP.V3_1.nc | written=0 skip_done=0 no_pix=1 no_spec=0
2026-01-29 15:54:25,182 | INFO | GRANULE start | PACE_OCI.20240520T194443.L2.OC_AOP.V3_1.nc | rows=1 | mem_mb=826.6796875
2026-01-29 15:54:25,651 | INFO | Rrs dims=('number_of_lines', 'pixels_per_line', 'wavelength_3d') | using spatial dims: number_of_lines, pixels_per_line
2026-01-29 15:54:25,932 | INFO | GRANULE done | PACE_OCI.20240520T194443.L2.OC_AOP.V3_1.nc | written=0 skip_done=0 no_pix=1 no_spec=0
2026-01-29 15:54:25,935 | INFO | GRANULE start | PACE_OCI.20240520T212303.L2.OC_AOP.V3_1.nc | rows=1 | mem_mb=840.9296875
2026-01-29 15:54:26,573 | INFO | Rrs dims=('number_of_lines', 'pixels_per_line', 'wavelength_3d') | using spatial dims: number_of_lines, pixels_per_line
2026-01-29 15:54:27,147 | INFO | GRANULE done | PACE_OCI.20240520T212303.L2.OC_AOP.V3_1.nc | written=0 skip_done=0 no_pix=1 no_spec=0
2026-01-29 15:54:27,149 | INFO | GRANULE start | PACE_OCI.20240603T194017.L2.OC_AOP.V3_1.nc | rows=1 | mem_mb=857.53125
2026-01-29 15:54:27,891 | INFO | Rrs dims=('number_of_lines', 'pixels_per_line', 'wavelength_3d') | using spatial dims: number_of_lines, pixels_per_line
2026-01-29 15:54:27,892 | INFO | GRANULE done | PACE_OCI.20240603T194017.L2.OC_AOP.V3_1.nc | written=0 skip_done=1 no_pix=0 no_spec=0
2026-01-29 15:54:27,894 | INFO | GRANULE start | PACE_OCI.20240603T211836.L2.OC_AOP.V3_1.nc | rows=1 | mem_mb=861.61328125
2026-01-29 15:54:28,405 | INFO | Rrs dims=('number_of_lines', 'pixels_per_line', 'wavelength_3d') | using spatial dims: number_of_lines, pixels_per_line
2026-01-29 15:54:29,104 | INFO | GRANULE done | PACE_OCI.20240603T211836.L2.OC_AOP.V3_1.nc | written=0 skip_done=0 no_pix=1 no_spec=0
2026-01-29 15:54:29,106 | INFO | GRANULE start | PACE_OCI.20240610T202702.L2.OC_AOP.V3_1.nc | rows=1 | mem_mb=941.640625
2026-01-29 15:54:29,795 | INFO | Rrs dims=('number_of_lines', 'pixels_per_line', 'wavelength_3d') | using spatial dims: number_of_lines, pixels_per_line
2026-01-29 15:54:29,796 | INFO | GRANULE done | PACE_OCI.20240610T202702.L2.OC_AOP.V3_1.nc | written=0 skip_done=1 no_pix=0 no_spec=0
2026-01-29 15:54:29,798 | INFO | GRANULE start | PACE_OCI.20240617T193515.L2.OC_AOP.V3_1.nc | rows=1 | mem_mb=940.5078125
2026-01-29 15:54:30,361 | INFO | Rrs dims=('number_of_lines', 'pixels_per_line', 'wavelength_3d') | using spatial dims: number_of_lines, pixels_per_line
2026-01-29 15:54:30,477 | INFO | GRANULE done | PACE_OCI.20240617T193515.L2.OC_AOP.V3_1.nc | written=0 skip_done=0 no_pix=1 no_spec=0
2026-01-29 15:54:30,479 | INFO | GRANULE start | PACE_OCI.20240617T211334.L2.OC_AOP.V3_1.nc | rows=1 | mem_mb=965.296875
2026-01-29 15:54:31,364 | INFO | Rrs dims=('number_of_lines', 'pixels_per_line', 'wavelength_3d') | using spatial dims: number_of_lines, pixels_per_line
2026-01-29 15:54:33,158 | INFO | GRANULE done | PACE_OCI.20240617T211334.L2.OC_AOP.V3_1.nc | written=0 skip_done=0 no_pix=1 no_spec=0
2026-01-29 15:54:33,160 | INFO | GRANULE start | PACE_OCI.20240624T202137.L2.OC_AOP.V3_1.nc | rows=1 | mem_mb=997.9375
2026-01-29 15:54:33,899 | INFO | Rrs dims=('number_of_lines', 'pixels_per_line', 'wavelength_3d') | using spatial dims: number_of_lines, pixels_per_line
2026-01-29 15:54:33,899 | INFO | GRANULE done | PACE_OCI.20240624T202137.L2.OC_AOP.V3_1.nc | written=0 skip_done=1 no_pix=0 no_spec=0
2026-01-29 15:54:33,901 | INFO | GRANULE start | PACE_OCI.20240701T192930.L2.OC_AOP.V3_1.nc | rows=1 | mem_mb=1014.12109375
2026-01-29 15:54:34,408 | INFO | Rrs dims=('number_of_lines', 'pixels_per_line', 'wavelength_3d') | using spatial dims: number_of_lines, pixels_per_line
2026-01-29 15:54:34,565 | INFO | GRANULE done | PACE_OCI.20240701T192930.L2.OC_AOP.V3_1.nc | written=0 skip_done=0 no_pix=1 no_spec=0
2026-01-29 15:54:34,567 | INFO | GRANULE start | PACE_OCI.20240701T210749.L2.OC_AOP.V3_1.nc | rows=1 | mem_mb=1009.796875
2026-01-29 15:54:35,216 | INFO | Rrs dims=('number_of_lines', 'pixels_per_line', 'wavelength_3d') | using spatial dims: number_of_lines, pixels_per_line
2026-01-29 15:54:35,876 | INFO | GRANULE done | PACE_OCI.20240701T210749.L2.OC_AOP.V3_1.nc | written=0 skip_done=0 no_pix=1 no_spec=0
2026-01-29 15:54:35,878 | INFO | GRANULE start | PACE_OCI.20240708T201528.L2.OC_AOP.V3_1.nc | rows=1 | mem_mb=1026.40625
2026-01-29 15:54:36,947 | INFO | Rrs dims=('number_of_lines', 'pixels_per_line', 'wavelength_3d') | using spatial dims: number_of_lines, pixels_per_line
2026-01-29 15:54:38,004 | INFO | GRANULE done | PACE_OCI.20240708T201528.L2.OC_AOP.V3_1.nc | written=0 skip_done=0 no_pix=1 no_spec=0
2026-01-29 15:54:38,006 | INFO | GRANULE start | PACE_OCI.20240715T192258.L2.OC_AOP.V3_1.nc | rows=1 | mem_mb=1059.03125
2026-01-29 15:54:38,503 | INFO | Rrs dims=('number_of_lines', 'pixels_per_line', 'wavelength_3d') | using spatial dims: number_of_lines, pixels_per_line
2026-01-29 15:54:38,700 | INFO | GRANULE done | PACE_OCI.20240715T192258.L2.OC_AOP.V3_1.nc | written=0 skip_done=0 no_pix=1 no_spec=0
2026-01-29 15:54:38,702 | INFO | GRANULE start | PACE_OCI.20240715T210117.L2.OC_AOP.V3_1.nc | rows=1 | mem_mb=1079.5078125
2026-01-29 15:54:39,255 | INFO | Rrs dims=('number_of_lines', 'pixels_per_line', 'wavelength_3d') | using spatial dims: number_of_lines, pixels_per_line
2026-01-29 15:54:39,843 | INFO | GRANULE done | PACE_OCI.20240715T210117.L2.OC_AOP.V3_1.nc | written=0 skip_done=0 no_pix=1 no_spec=0
2026-01-29 15:54:39,845 | INFO | GRANULE start | PACE_OCI.20240722T200836.L2.OC_AOP.V3_1.nc | rows=1 | mem_mb=1050.171875
2026-01-29 15:54:41,049 | INFO | Rrs dims=('number_of_lines', 'pixels_per_line', 'wavelength_3d') | using spatial dims: number_of_lines, pixels_per_line
2026-01-29 15:54:42,173 | INFO | GRANULE done | PACE_OCI.20240722T200836.L2.OC_AOP.V3_1.nc | written=0 skip_done=0 no_pix=1 no_spec=0
2026-01-29 15:54:42,175 | INFO | GRANULE start | PACE_OCI.20240729T205400.L2.OC_AOP.V3_1.nc | rows=1 | mem_mb=1083.234375
2026-01-29 15:54:42,971 | INFO | Rrs dims=('number_of_lines', 'pixels_per_line', 'wavelength_3d') | using spatial dims: number_of_lines, pixels_per_line
2026-01-29 15:54:42,971 | INFO | GRANULE done | PACE_OCI.20240729T205400.L2.OC_AOP.V3_1.nc | written=0 skip_done=1 no_pix=0 no_spec=0
2026-01-29 15:54:42,974 | INFO | GRANULE start | PACE_OCI.20240805T200057.L2.OC_AOP.V3_1.nc | rows=1 | mem_mb=1083.29296875
2026-01-29 15:54:43,744 | INFO | Rrs dims=('number_of_lines', 'pixels_per_line', 'wavelength_3d') | using spatial dims: number_of_lines, pixels_per_line
2026-01-29 15:54:44,478 | INFO | GRANULE done | PACE_OCI.20240805T200057.L2.OC_AOP.V3_1.nc | written=0 skip_done=0 no_pix=1 no_spec=0
2026-01-29 15:54:44,482 | INFO | GRANULE start | PACE_OCI.20240812T204559.L2.OC_AOP.V3_1.nc | rows=1 | mem_mb=1163.83203125
2026-01-29 15:54:45,223 | INFO | Rrs dims=('number_of_lines', 'pixels_per_line', 'wavelength_3d') | using spatial dims: number_of_lines, pixels_per_line
2026-01-29 15:54:46,654 | INFO | GRANULE done | PACE_OCI.20240812T204559.L2.OC_AOP.V3_1.nc | written=0 skip_done=0 no_pix=1 no_spec=0
2026-01-29 15:54:46,656 | INFO | GRANULE start | PACE_OCI.20240819T195220.L2.OC_AOP.V3_1.nc | rows=1 | mem_mb=1171.0
2026-01-29 15:54:47,687 | INFO | Rrs dims=('number_of_lines', 'pixels_per_line', 'wavelength_3d') | using spatial dims: number_of_lines, pixels_per_line
2026-01-29 15:54:47,688 | INFO | GRANULE done | PACE_OCI.20240819T195220.L2.OC_AOP.V3_1.nc | written=0 skip_done=1 no_pix=0 no_spec=0
2026-01-29 15:54:47,691 | INFO | GRANULE start | PACE_OCI.20240826T204149.L2.OC_AOP.V3_1.nc | rows=1 | mem_mb=1171.0078125
2026-01-29 15:54:48,589 | INFO | Rrs dims=('number_of_lines', 'pixels_per_line', 'wavelength_3d') | using spatial dims: number_of_lines, pixels_per_line
2026-01-29 15:54:48,590 | INFO | GRANULE done | PACE_OCI.20240826T204149.L2.OC_AOP.V3_1.nc | written=0 skip_done=1 no_pix=0 no_spec=0
2026-01-29 15:54:48,592 | INFO | GRANULE start | PACE_OCI.20240903T202212.L2.OC_AOP.V3_1.nc | rows=1 | mem_mb=1171.03515625
2026-01-29 15:54:49,381 | INFO | Rrs dims=('number_of_lines', 'pixels_per_line', 'wavelength_3d') | using spatial dims: number_of_lines, pixels_per_line
2026-01-29 15:54:50,678 | INFO | GRANULE done | PACE_OCI.20240903T202212.L2.OC_AOP.V3_1.nc | written=0 skip_done=0 no_pix=1 no_spec=0
2026-01-29 15:54:50,680 | INFO | GRANULE start | PACE_OCI.20240916T193710.L2.OC_AOP.V3_1.nc | rows=1 | mem_mb=1204.22265625
2026-01-29 15:54:51,530 | INFO | Rrs dims=('number_of_lines', 'pixels_per_line', 'wavelength_3d') | using spatial dims: number_of_lines, pixels_per_line
2026-01-29 15:54:51,531 | INFO | GRANULE done | PACE_OCI.20240916T193710.L2.OC_AOP.V3_1.nc | written=0 skip_done=1 no_pix=0 no_spec=0
2026-01-29 15:54:51,533 | INFO | GRANULE start | PACE_OCI.20240916T211527.L2.OC_AOP.V3_1.nc | rows=1 | mem_mb=1179.37890625
2026-01-29 15:54:53,730 | INFO | Rrs dims=('number_of_lines', 'pixels_per_line', 'wavelength_3d') | using spatial dims: number_of_lines, pixels_per_line
2026-01-29 15:54:56,692 | INFO | GRANULE done | PACE_OCI.20240916T211527.L2.OC_AOP.V3_1.nc | written=0 skip_done=0 no_pix=1 no_spec=0
2026-01-29 15:54:56,695 | INFO | GRANULE start | PACE_OCI.20240923T202039.L2.OC_AOP.V3_1.nc | rows=1 | mem_mb=1089.484375
2026-01-29 15:54:57,396 | INFO | Rrs dims=('number_of_lines', 'pixels_per_line', 'wavelength_3d') | using spatial dims: number_of_lines, pixels_per_line
2026-01-29 15:54:58,458 | INFO | GRANULE done | PACE_OCI.20240923T202039.L2.OC_AOP.V3_1.nc | written=0 skip_done=0 no_pix=1 no_spec=0
2026-01-29 15:54:58,461 | INFO | GRANULE start | PACE_OCI.20240930T192540.L2.OC_AOP.V3_1.nc | rows=1 | mem_mb=1089.48828125
2026-01-29 15:54:59,269 | INFO | Rrs dims=('number_of_lines', 'pixels_per_line', 'wavelength_3d') | using spatial dims: number_of_lines, pixels_per_line
2026-01-29 15:54:59,807 | INFO | GRANULE done | PACE_OCI.20240930T192540.L2.OC_AOP.V3_1.nc | written=0 skip_done=0 no_pix=1 no_spec=0
2026-01-29 15:54:59,809 | INFO | GRANULE start | PACE_OCI.20240930T210357.L2.OC_AOP.V3_1.nc | rows=1 | mem_mb=1089.484375
2026-01-29 15:55:00,814 | INFO | Rrs dims=('number_of_lines', 'pixels_per_line', 'wavelength_3d') | using spatial dims: number_of_lines, pixels_per_line
2026-01-29 15:55:01,976 | INFO | GRANULE done | PACE_OCI.20240930T210357.L2.OC_AOP.V3_1.nc | written=1 skip_done=0 no_pix=0 no_spec=0
2026-01-29 15:55:02,159 | INFO | STORE_FLUSH | wrote_obs=1 total_done_obs=13
2026-01-29 15:55:02,159 | INFO | MEM_MB after store flush: 1099.2
2026-01-29 15:55:02,160 | INFO | GRANULE start | PACE_OCI.20241007T200841.L2.OC_AOP.V3_1.nc | rows=1 | mem_mb=1099.19921875
2026-01-29 15:55:03,228 | INFO | Rrs dims=('number_of_lines', 'pixels_per_line', 'wavelength_3d') | using spatial dims: number_of_lines, pixels_per_line
2026-01-29 15:55:05,814 | INFO | GRANULE done | PACE_OCI.20241007T200841.L2.OC_AOP.V3_1.nc | written=0 skip_done=0 no_pix=1 no_spec=0
2026-01-29 15:55:05,818 | INFO | GRANULE start | PACE_OCI.20241014T205121.L2.OC_AOP.V3_1.nc | rows=1 | mem_mb=1105.47265625
2026-01-29 16:11:02,414 | INFO | RESUME CHECK | progress_csv=SIO_extract_progress.csv | done_obs=13
2026-01-29 16:11:02,414 | INFO | START | out_store=SIO_rrs_matchups_5x5.zarr progress=SIO_extract_progress.csv done_obs=13 buffer_n=2 window=5 progress_flush_every=50
2026-01-29 16:11:02,414 | INFO | MEM_MB start: 200.4
2026-01-29 16:11:02,423 | INFO | GRANULE start | PACE_OCI.20240311T195804.L2.OC_AOP.V3_1.nc | rows=1 | mem_mb=200.48046875
2026-01-29 16:11:08,103 | INFO | WAVELENGTH set | n=172
2026-01-29 16:11:08,103 | INFO | Rrs dims=('number_of_lines', 'pixels_per_line', 'wavelength_3d') | using spatial dims: number_of_lines, pixels_per_line
2026-01-29 16:11:09,693 | INFO | GRANULE done | PACE_OCI.20240311T195804.L2.OC_AOP.V3_1.nc | written=0 skip_done=0 no_pix=1 no_spec=0
2026-01-29 16:11:09,696 | INFO | GRANULE start | PACE_OCI.20240318T204706.L2.OC_AOP.V3_1.nc | rows=1 | mem_mb=447.390625
2026-01-29 16:11:10,607 | INFO | Rrs dims=('number_of_lines', 'pixels_per_line', 'wavelength_3d') | using spatial dims: number_of_lines, pixels_per_line
2026-01-29 16:11:12,752 | INFO | GRANULE done | PACE_OCI.20240318T204706.L2.OC_AOP.V3_1.nc | written=0 skip_done=0 no_pix=1 no_spec=0
2026-01-29 16:11:12,756 | INFO | GRANULE start | PACE_OCI.20240401T204628.L2.OC_AOP.V3_1.nc | rows=1 | mem_mb=591.6875
2026-01-29 16:11:13,748 | INFO | Rrs dims=('number_of_lines', 'pixels_per_line', 'wavelength_3d') | using spatial dims: number_of_lines, pixels_per_line
2026-01-29 16:11:13,748 | INFO | GRANULE done | PACE_OCI.20240401T204628.L2.OC_AOP.V3_1.nc | written=0 skip_done=1 no_pix=0 no_spec=0
2026-01-29 16:11:13,750 | INFO | GRANULE start | PACE_OCI.20240408T195646.L2.OC_AOP.V3_1.nc | rows=1 | mem_mb=631.76953125
2026-01-29 16:11:14,951 | INFO | Rrs dims=('number_of_lines', 'pixels_per_line', 'wavelength_3d') | using spatial dims: number_of_lines, pixels_per_line
2026-01-29 16:11:14,952 | INFO | GRANULE done | PACE_OCI.20240408T195646.L2.OC_AOP.V3_1.nc | written=0 skip_done=1 no_pix=0 no_spec=0
2026-01-29 16:11:14,954 | INFO | GRANULE start | PACE_OCI.20240415T204017.L2.OC_AOP.V3_1.nc | rows=1 | mem_mb=656.02734375
2026-01-29 16:11:16,260 | INFO | Rrs dims=('number_of_lines', 'pixels_per_line', 'wavelength_3d') | using spatial dims: number_of_lines, pixels_per_line
2026-01-29 16:11:16,261 | INFO | GRANULE done | PACE_OCI.20240415T204017.L2.OC_AOP.V3_1.nc | written=0 skip_done=1 no_pix=0 no_spec=0
2026-01-29 16:11:16,263 | INFO | GRANULE start | PACE_OCI.20240422T195018.L2.OC_AOP.V3_1.nc | rows=1 | mem_mb=689.578125
2026-01-29 16:11:17,431 | INFO | Rrs dims=('number_of_lines', 'pixels_per_line', 'wavelength_3d') | using spatial dims: number_of_lines, pixels_per_line
2026-01-29 16:11:18,665 | INFO | GRANULE done | PACE_OCI.20240422T195018.L2.OC_AOP.V3_1.nc | written=0 skip_done=0 no_pix=1 no_spec=0
2026-01-29 16:11:18,668 | INFO | GRANULE start | PACE_OCI.20240429T203818.L2.OC_AOP.V3_1.nc | rows=1 | mem_mb=742.8515625
2026-01-29 16:11:19,423 | INFO | Rrs dims=('number_of_lines', 'pixels_per_line', 'wavelength_3d') | using spatial dims: number_of_lines, pixels_per_line
2026-01-29 16:11:19,424 | INFO | GRANULE done | PACE_OCI.20240429T203818.L2.OC_AOP.V3_1.nc | written=0 skip_done=1 no_pix=0 no_spec=0
2026-01-29 16:11:19,426 | INFO | GRANULE start | PACE_OCI.20240506T194750.L2.OC_AOP.V3_1.nc | rows=1 | mem_mb=718.1171875
2026-01-29 16:11:20,284 | INFO | Rrs dims=('number_of_lines', 'pixels_per_line', 'wavelength_3d') | using spatial dims: number_of_lines, pixels_per_line
2026-01-29 16:11:20,285 | INFO | GRANULE done | PACE_OCI.20240506T194750.L2.OC_AOP.V3_1.nc | written=0 skip_done=1 no_pix=0 no_spec=0
2026-01-29 16:11:20,288 | INFO | GRANULE start | PACE_OCI.20240513T203532.L2.OC_AOP.V3_1.nc | rows=1 | mem_mb=718.18359375
2026-01-29 16:11:21,729 | INFO | Rrs dims=('number_of_lines', 'pixels_per_line', 'wavelength_3d') | using spatial dims: number_of_lines, pixels_per_line
2026-01-29 16:11:22,895 | INFO | GRANULE done | PACE_OCI.20240513T203532.L2.OC_AOP.V3_1.nc | written=0 skip_done=0 no_pix=1 no_spec=0
2026-01-29 16:11:22,897 | INFO | GRANULE start | PACE_OCI.20240520T194443.L2.OC_AOP.V3_1.nc | rows=1 | mem_mb=775.19921875
2026-01-29 16:11:23,709 | INFO | Rrs dims=('number_of_lines', 'pixels_per_line', 'wavelength_3d') | using spatial dims: number_of_lines, pixels_per_line
2026-01-29 16:11:24,287 | INFO | GRANULE done | PACE_OCI.20240520T194443.L2.OC_AOP.V3_1.nc | written=0 skip_done=0 no_pix=1 no_spec=0
2026-01-29 16:11:24,290 | INFO | GRANULE start | PACE_OCI.20240520T212303.L2.OC_AOP.V3_1.nc | rows=1 | mem_mb=787.40234375
2026-01-29 16:11:25,067 | INFO | Rrs dims=('number_of_lines', 'pixels_per_line', 'wavelength_3d') | using spatial dims: number_of_lines, pixels_per_line
2026-01-29 16:11:25,888 | INFO | GRANULE done | PACE_OCI.20240520T212303.L2.OC_AOP.V3_1.nc | written=0 skip_done=0 no_pix=1 no_spec=0
2026-01-29 16:11:25,890 | INFO | GRANULE start | PACE_OCI.20240603T194017.L2.OC_AOP.V3_1.nc | rows=1 | mem_mb=804.01171875
2026-01-29 16:11:26,718 | INFO | Rrs dims=('number_of_lines', 'pixels_per_line', 'wavelength_3d') | using spatial dims: number_of_lines, pixels_per_line
2026-01-29 16:11:26,718 | INFO | GRANULE done | PACE_OCI.20240603T194017.L2.OC_AOP.V3_1.nc | written=0 skip_done=1 no_pix=0 no_spec=0
2026-01-29 16:11:26,721 | INFO | GRANULE start | PACE_OCI.20240603T211836.L2.OC_AOP.V3_1.nc | rows=1 | mem_mb=779.30078125
2026-01-29 16:11:27,837 | INFO | Rrs dims=('number_of_lines', 'pixels_per_line', 'wavelength_3d') | using spatial dims: number_of_lines, pixels_per_line
2026-01-29 16:11:29,406 | INFO | GRANULE done | PACE_OCI.20240603T211836.L2.OC_AOP.V3_1.nc | written=0 skip_done=0 no_pix=1 no_spec=0
2026-01-29 16:11:29,408 | INFO | GRANULE start | PACE_OCI.20240610T202702.L2.OC_AOP.V3_1.nc | rows=1 | mem_mb=875.48046875
2026-01-29 16:11:30,252 | INFO | Rrs dims=('number_of_lines', 'pixels_per_line', 'wavelength_3d') | using spatial dims: number_of_lines, pixels_per_line
2026-01-29 16:11:30,253 | INFO | GRANULE done | PACE_OCI.20240610T202702.L2.OC_AOP.V3_1.nc | written=0 skip_done=1 no_pix=0 no_spec=0
2026-01-29 16:11:30,255 | INFO | GRANULE start | PACE_OCI.20240617T193515.L2.OC_AOP.V3_1.nc | rows=1 | mem_mb=874.9609375
2026-01-29 16:11:31,485 | INFO | Rrs dims=('number_of_lines', 'pixels_per_line', 'wavelength_3d') | using spatial dims: number_of_lines, pixels_per_line
2026-01-29 16:11:31,602 | INFO | GRANULE done | PACE_OCI.20240617T193515.L2.OC_AOP.V3_1.nc | written=0 skip_done=0 no_pix=1 no_spec=0
2026-01-29 16:11:31,605 | INFO | GRANULE start | PACE_OCI.20240617T211334.L2.OC_AOP.V3_1.nc | rows=1 | mem_mb=899.73828125
2026-01-29 16:11:33,359 | INFO | Rrs dims=('number_of_lines', 'pixels_per_line', 'wavelength_3d') | using spatial dims: number_of_lines, pixels_per_line
2026-01-29 16:11:35,780 | INFO | GRANULE done | PACE_OCI.20240617T211334.L2.OC_AOP.V3_1.nc | written=0 skip_done=0 no_pix=1 no_spec=0
2026-01-29 16:11:35,783 | INFO | GRANULE start | PACE_OCI.20240624T202137.L2.OC_AOP.V3_1.nc | rows=1 | mem_mb=931.76171875
2026-01-29 16:11:36,769 | INFO | Rrs dims=('number_of_lines', 'pixels_per_line', 'wavelength_3d') | using spatial dims: number_of_lines, pixels_per_line
2026-01-29 16:11:36,770 | INFO | GRANULE done | PACE_OCI.20240624T202137.L2.OC_AOP.V3_1.nc | written=0 skip_done=1 no_pix=0 no_spec=0
2026-01-29 16:11:36,773 | INFO | GRANULE start | PACE_OCI.20240701T192930.L2.OC_AOP.V3_1.nc | rows=1 | mem_mb=955.87109375
2026-01-29 16:11:37,484 | INFO | Rrs dims=('number_of_lines', 'pixels_per_line', 'wavelength_3d') | using spatial dims: number_of_lines, pixels_per_line
2026-01-29 16:11:37,651 | INFO | GRANULE done | PACE_OCI.20240701T192930.L2.OC_AOP.V3_1.nc | written=0 skip_done=0 no_pix=1 no_spec=0
2026-01-29 16:11:37,653 | INFO | GRANULE start | PACE_OCI.20240701T210749.L2.OC_AOP.V3_1.nc | rows=1 | mem_mb=988.71875
2026-01-29 16:11:38,702 | INFO | Rrs dims=('number_of_lines', 'pixels_per_line', 'wavelength_3d') | using spatial dims: number_of_lines, pixels_per_line
2026-01-29 16:11:39,904 | INFO | GRANULE done | PACE_OCI.20240701T210749.L2.OC_AOP.V3_1.nc | written=0 skip_done=0 no_pix=1 no_spec=0
2026-01-29 16:11:39,907 | INFO | GRANULE start | PACE_OCI.20240708T201528.L2.OC_AOP.V3_1.nc | rows=1 | mem_mb=976.16015625
2026-01-29 16:11:41,762 | INFO | Rrs dims=('number_of_lines', 'pixels_per_line', 'wavelength_3d') | using spatial dims: number_of_lines, pixels_per_line
2026-01-29 16:11:44,010 | INFO | GRANULE done | PACE_OCI.20240708T201528.L2.OC_AOP.V3_1.nc | written=0 skip_done=0 no_pix=1 no_spec=0
2026-01-29 16:11:44,013 | INFO | GRANULE start | PACE_OCI.20240715T192258.L2.OC_AOP.V3_1.nc | rows=1 | mem_mb=976.15625
2026-01-29 16:11:44,842 | INFO | Rrs dims=('number_of_lines', 'pixels_per_line', 'wavelength_3d') | using spatial dims: number_of_lines, pixels_per_line
2026-01-29 16:11:45,106 | INFO | GRANULE done | PACE_OCI.20240715T192258.L2.OC_AOP.V3_1.nc | written=0 skip_done=0 no_pix=1 no_spec=0
2026-01-29 16:11:45,108 | INFO | GRANULE start | PACE_OCI.20240715T210117.L2.OC_AOP.V3_1.nc | rows=1 | mem_mb=1001.19140625
2026-01-29 16:11:45,809 | INFO | Rrs dims=('number_of_lines', 'pixels_per_line', 'wavelength_3d') | using spatial dims: number_of_lines, pixels_per_line
2026-01-29 16:11:47,602 | INFO | GRANULE done | PACE_OCI.20240715T210117.L2.OC_AOP.V3_1.nc | written=0 skip_done=0 no_pix=1 no_spec=0
2026-01-29 16:11:47,604 | INFO | GRANULE start | PACE_OCI.20240722T200836.L2.OC_AOP.V3_1.nc | rows=1 | mem_mb=1070.1796875
2026-01-29 16:11:49,127 | INFO | Rrs dims=('number_of_lines', 'pixels_per_line', 'wavelength_3d') | using spatial dims: number_of_lines, pixels_per_line
2026-01-29 16:11:50,406 | INFO | GRANULE done | PACE_OCI.20240722T200836.L2.OC_AOP.V3_1.nc | written=0 skip_done=0 no_pix=1 no_spec=0
2026-01-29 16:11:50,411 | INFO | GRANULE start | PACE_OCI.20240729T205400.L2.OC_AOP.V3_1.nc | rows=1 | mem_mb=1027.0078125
2026-01-29 16:11:51,965 | INFO | Rrs dims=('number_of_lines', 'pixels_per_line', 'wavelength_3d') | using spatial dims: number_of_lines, pixels_per_line
2026-01-29 16:11:51,966 | INFO | GRANULE done | PACE_OCI.20240729T205400.L2.OC_AOP.V3_1.nc | written=0 skip_done=1 no_pix=0 no_spec=0
2026-01-29 16:11:51,969 | INFO | GRANULE start | PACE_OCI.20240805T200057.L2.OC_AOP.V3_1.nc | rows=1 | mem_mb=1027.01171875
2026-01-29 16:11:53,065 | INFO | Rrs dims=('number_of_lines', 'pixels_per_line', 'wavelength_3d') | using spatial dims: number_of_lines, pixels_per_line
2026-01-29 16:11:54,657 | INFO | GRANULE done | PACE_OCI.20240805T200057.L2.OC_AOP.V3_1.nc | written=0 skip_done=0 no_pix=1 no_spec=0
2026-01-29 16:11:54,660 | INFO | GRANULE start | PACE_OCI.20240812T204559.L2.OC_AOP.V3_1.nc | rows=1 | mem_mb=1067.85546875
2026-01-29 16:11:55,894 | INFO | Rrs dims=('number_of_lines', 'pixels_per_line', 'wavelength_3d') | using spatial dims: number_of_lines, pixels_per_line
2026-01-29 16:11:58,615 | INFO | GRANULE done | PACE_OCI.20240812T204559.L2.OC_AOP.V3_1.nc | written=0 skip_done=0 no_pix=1 no_spec=0
2026-01-29 16:11:58,618 | INFO | GRANULE start | PACE_OCI.20240819T195220.L2.OC_AOP.V3_1.nc | rows=1 | mem_mb=1163.1015625
2026-01-29 16:11:59,837 | INFO | Rrs dims=('number_of_lines', 'pixels_per_line', 'wavelength_3d') | using spatial dims: number_of_lines, pixels_per_line
2026-01-29 16:11:59,837 | INFO | GRANULE done | PACE_OCI.20240819T195220.L2.OC_AOP.V3_1.nc | written=0 skip_done=1 no_pix=0 no_spec=0
2026-01-29 16:11:59,839 | INFO | GRANULE start | PACE_OCI.20240826T204149.L2.OC_AOP.V3_1.nc | rows=1 | mem_mb=1202.40625
2026-01-29 16:12:00,733 | INFO | Rrs dims=('number_of_lines', 'pixels_per_line', 'wavelength_3d') | using spatial dims: number_of_lines, pixels_per_line
2026-01-29 16:12:00,734 | INFO | GRANULE done | PACE_OCI.20240826T204149.L2.OC_AOP.V3_1.nc | written=0 skip_done=1 no_pix=0 no_spec=0
2026-01-29 16:12:00,737 | INFO | GRANULE start | PACE_OCI.20240903T202212.L2.OC_AOP.V3_1.nc | rows=1 | mem_mb=1027.39453125
2026-01-29 16:12:02,213 | INFO | Rrs dims=('number_of_lines', 'pixels_per_line', 'wavelength_3d') | using spatial dims: number_of_lines, pixels_per_line
2026-01-29 16:12:04,091 | INFO | GRANULE done | PACE_OCI.20240903T202212.L2.OC_AOP.V3_1.nc | written=0 skip_done=0 no_pix=1 no_spec=0
2026-01-29 16:12:04,093 | INFO | GRANULE start | PACE_OCI.20240916T193710.L2.OC_AOP.V3_1.nc | rows=1 | mem_mb=1043.88671875
2026-01-29 16:12:05,151 | INFO | Rrs dims=('number_of_lines', 'pixels_per_line', 'wavelength_3d') | using spatial dims: number_of_lines, pixels_per_line
2026-01-29 16:12:05,152 | INFO | GRANULE done | PACE_OCI.20240916T193710.L2.OC_AOP.V3_1.nc | written=0 skip_done=1 no_pix=0 no_spec=0
2026-01-29 16:12:05,153 | INFO | GRANULE start | PACE_OCI.20240916T211527.L2.OC_AOP.V3_1.nc | rows=1 | mem_mb=1044.04296875
2026-01-29 16:12:06,882 | INFO | Rrs dims=('number_of_lines', 'pixels_per_line', 'wavelength_3d') | using spatial dims: number_of_lines, pixels_per_line
2026-01-29 16:12:10,369 | INFO | GRANULE done | PACE_OCI.20240916T211527.L2.OC_AOP.V3_1.nc | written=0 skip_done=0 no_pix=1 no_spec=0
2026-01-29 16:12:10,371 | INFO | GRANULE start | PACE_OCI.20240923T202039.L2.OC_AOP.V3_1.nc | rows=1 | mem_mb=1193.36328125
2026-01-29 16:12:11,276 | INFO | Rrs dims=('number_of_lines', 'pixels_per_line', 'wavelength_3d') | using spatial dims: number_of_lines, pixels_per_line
2026-01-29 16:12:12,205 | INFO | GRANULE done | PACE_OCI.20240923T202039.L2.OC_AOP.V3_1.nc | written=0 skip_done=0 no_pix=1 no_spec=0
2026-01-29 16:12:12,207 | INFO | GRANULE start | PACE_OCI.20240930T192540.L2.OC_AOP.V3_1.nc | rows=1 | mem_mb=1192.828125
2026-01-29 16:12:13,130 | INFO | Rrs dims=('number_of_lines', 'pixels_per_line', 'wavelength_3d') | using spatial dims: number_of_lines, pixels_per_line
2026-01-29 16:12:13,908 | INFO | GRANULE done | PACE_OCI.20240930T192540.L2.OC_AOP.V3_1.nc | written=0 skip_done=0 no_pix=1 no_spec=0
2026-01-29 16:12:13,911 | INFO | GRANULE start | PACE_OCI.20240930T210357.L2.OC_AOP.V3_1.nc | rows=1 | mem_mb=1192.82421875
2026-01-29 16:12:15,158 | INFO | Rrs dims=('number_of_lines', 'pixels_per_line', 'wavelength_3d') | using spatial dims: number_of_lines, pixels_per_line
2026-01-29 16:12:15,159 | INFO | GRANULE done | PACE_OCI.20240930T210357.L2.OC_AOP.V3_1.nc | written=0 skip_done=1 no_pix=0 no_spec=0
2026-01-29 16:12:15,162 | INFO | GRANULE start | PACE_OCI.20241007T200841.L2.OC_AOP.V3_1.nc | rows=1 | mem_mb=1192.83203125
2026-01-29 16:12:16,578 | INFO | Rrs dims=('number_of_lines', 'pixels_per_line', 'wavelength_3d') | using spatial dims: number_of_lines, pixels_per_line
2026-01-29 16:12:18,838 | INFO | GRANULE done | PACE_OCI.20241007T200841.L2.OC_AOP.V3_1.nc | written=0 skip_done=0 no_pix=1 no_spec=0
2026-01-29 16:12:18,841 | INFO | GRANULE start | PACE_OCI.20241014T205121.L2.OC_AOP.V3_1.nc | rows=1 | mem_mb=1233.5
2026-01-29 16:12:20,558 | INFO | Rrs dims=('number_of_lines', 'pixels_per_line', 'wavelength_3d') | using spatial dims: number_of_lines, pixels_per_line
2026-01-29 16:12:23,935 | INFO | GRANULE done | PACE_OCI.20241014T205121.L2.OC_AOP.V3_1.nc | written=1 skip_done=0 no_pix=0 no_spec=0
2026-01-29 16:12:24,126 | INFO | STORE_FLUSH | wrote_obs=1 total_done_obs=14
2026-01-29 16:12:24,127 | INFO | MEM_MB after store flush: 1250.4
2026-01-29 16:12:24,129 | INFO | GRANULE start | PACE_OCI.20241021T200035.L2.OC_AOP.V3_1.nc | rows=1 | mem_mb=1250.3515625
2026-01-29 16:12:25,064 | INFO | Rrs dims=('number_of_lines', 'pixels_per_line', 'wavelength_3d') | using spatial dims: number_of_lines, pixels_per_line
2026-01-29 16:12:26,027 | INFO | GRANULE done | PACE_OCI.20241021T200035.L2.OC_AOP.V3_1.nc | written=1 skip_done=0 no_pix=0 no_spec=0
2026-01-29 16:12:26,206 | INFO | STORE_FLUSH | wrote_obs=1 total_done_obs=15
2026-01-29 16:12:26,206 | INFO | MEM_MB after store flush: 1262.9
2026-01-29 16:12:26,208 | INFO | GRANULE start | PACE_OCI.20241104T194742.L2.OC_AOP.V3_1.nc | rows=1 | mem_mb=1262.87890625
2026-01-29 16:12:27,130 | INFO | Rrs dims=('number_of_lines', 'pixels_per_line', 'wavelength_3d') | using spatial dims: number_of_lines, pixels_per_line
2026-01-29 16:12:28,679 | INFO | GRANULE done | PACE_OCI.20241104T194742.L2.OC_AOP.V3_1.nc | written=1 skip_done=0 no_pix=0 no_spec=0
2026-01-29 16:12:28,880 | INFO | STORE_FLUSH | wrote_obs=1 total_done_obs=16
2026-01-29 16:12:28,880 | INFO | MEM_MB after store flush: 1273.3
2026-01-29 16:12:28,882 | INFO | GRANULE start | PACE_OCI.20241111T203049.L2.OC_AOP.V3_1.nc | rows=1 | mem_mb=1273.30859375
2026-01-29 16:12:30,083 | INFO | Rrs dims=('number_of_lines', 'pixels_per_line', 'wavelength_3d') | using spatial dims: number_of_lines, pixels_per_line
2026-01-29 16:12:31,495 | INFO | GRANULE done | PACE_OCI.20241111T203049.L2.OC_AOP.V3_1.nc | written=1 skip_done=0 no_pix=0 no_spec=0
2026-01-29 16:12:31,671 | INFO | STORE_FLUSH | wrote_obs=1 total_done_obs=17
2026-01-29 16:12:31,671 | INFO | MEM_MB after store flush: 1377.7
2026-01-29 16:12:31,672 | INFO | GRANULE start | PACE_OCI.20241118T193529.L2.OC_AOP.V3_1.nc | rows=1 | mem_mb=1377.69140625
2026-01-29 16:12:32,441 | INFO | Rrs dims=('number_of_lines', 'pixels_per_line', 'wavelength_3d') | using spatial dims: number_of_lines, pixels_per_line
2026-01-29 16:12:33,213 | INFO | GRANULE done | PACE_OCI.20241118T193529.L2.OC_AOP.V3_1.nc | written=0 skip_done=0 no_pix=1 no_spec=0
2026-01-29 16:12:33,216 | INFO | GRANULE start | PACE_OCI.20241118T211346.L2.OC_AOP.V3_1.nc | rows=1 | mem_mb=1406.4453125
2026-01-29 16:12:34,054 | INFO | Rrs dims=('number_of_lines', 'pixels_per_line', 'wavelength_3d') | using spatial dims: number_of_lines, pixels_per_line
2026-01-29 16:12:35,476 | INFO | GRANULE done | PACE_OCI.20241118T211346.L2.OC_AOP.V3_1.nc | written=1 skip_done=0 no_pix=0 no_spec=0
2026-01-29 16:12:36,477 | INFO | STORE_FLUSH | wrote_obs=1 total_done_obs=18
2026-01-29 16:12:36,477 | INFO | MEM_MB after store flush: 1471.6
2026-01-29 16:12:36,480 | INFO | GRANULE start | PACE_OCI.20241125T201826.L2.OC_AOP.V3_1.nc | rows=1 | mem_mb=1471.609375
2026-01-29 16:12:37,825 | INFO | Rrs dims=('number_of_lines', 'pixels_per_line', 'wavelength_3d') | using spatial dims: number_of_lines, pixels_per_line
2026-01-29 16:12:39,430 | INFO | GRANULE done | PACE_OCI.20241125T201826.L2.OC_AOP.V3_1.nc | written=1 skip_done=0 no_pix=0 no_spec=0
2026-01-29 16:12:39,641 | INFO | STORE_FLUSH | wrote_obs=1 total_done_obs=19
2026-01-29 16:12:39,642 | INFO | MEM_MB after store flush: 1415.4
2026-01-29 16:12:39,644 | INFO | GRANULE start | PACE_OCI.20241202T192258.L2.OC_AOP.V3_1.nc | rows=1 | mem_mb=1415.421875
2026-01-29 16:12:40,802 | INFO | Rrs dims=('number_of_lines', 'pixels_per_line', 'wavelength_3d') | using spatial dims: number_of_lines, pixels_per_line
2026-01-29 16:12:42,039 | INFO | GRANULE done | PACE_OCI.20241202T192258.L2.OC_AOP.V3_1.nc | written=0 skip_done=0 no_pix=1 no_spec=0
2026-01-29 16:12:42,041 | INFO | GRANULE start | PACE_OCI.20241202T210115.L2.OC_AOP.V3_1.nc | rows=1 | mem_mb=1423.609375
2026-01-29 16:12:43,162 | INFO | Rrs dims=('number_of_lines', 'pixels_per_line', 'wavelength_3d') | using spatial dims: number_of_lines, pixels_per_line
2026-01-29 16:12:46,626 | INFO | GRANULE done | PACE_OCI.20241202T210115.L2.OC_AOP.V3_1.nc | written=1 skip_done=0 no_pix=0 no_spec=0
2026-01-29 16:12:46,804 | INFO | STORE_FLUSH | wrote_obs=1 total_done_obs=20
2026-01-29 16:12:46,804 | INFO | MEM_MB after store flush: 1580.7
2026-01-29 16:12:46,805 | INFO | GRANULE start | PACE_OCI.20241209T200542.L2.OC_AOP.V3_1.nc | rows=1 | mem_mb=1580.6640625
2026-01-29 16:12:48,150 | INFO | Rrs dims=('number_of_lines', 'pixels_per_line', 'wavelength_3d') | using spatial dims: number_of_lines, pixels_per_line
2026-01-29 16:12:50,416 | INFO | GRANULE done | PACE_OCI.20241209T200542.L2.OC_AOP.V3_1.nc | written=1 skip_done=0 no_pix=0 no_spec=0
2026-01-29 16:12:50,620 | INFO | STORE_FLUSH | wrote_obs=1 total_done_obs=21
2026-01-29 16:12:50,621 | INFO | MEM_MB after store flush: 1596.6
2026-01-29 16:12:50,622 | INFO | GRANULE start | PACE_OCI.20241216T205119.L2.OC_AOP.V3_1.nc | rows=1 | mem_mb=1596.56640625
2026-01-29 16:12:52,194 | INFO | Rrs dims=('number_of_lines', 'pixels_per_line', 'wavelength_3d') | using spatial dims: number_of_lines, pixels_per_line
2026-01-29 16:12:55,797 | INFO | GRANULE done | PACE_OCI.20241216T205119.L2.OC_AOP.V3_1.nc | written=1 skip_done=0 no_pix=0 no_spec=0
2026-01-29 16:12:55,972 | INFO | STORE_FLUSH | wrote_obs=1 total_done_obs=22
2026-01-29 16:12:55,973 | INFO | MEM_MB after store flush: 1637.2
2026-01-29 16:12:55,974 | INFO | GRANULE start | PACE_OCI.20241230T204616.L2.OC_AOP.V3_1.nc | rows=1 | mem_mb=1637.2421875
2026-01-29 16:12:57,123 | INFO | Rrs dims=('number_of_lines', 'pixels_per_line', 'wavelength_3d') | using spatial dims: number_of_lines, pixels_per_line
2026-01-29 16:23:52,366 | INFO | RESUME CHECK | progress_csv=SIO_extract_progress.csv | done_obs=22
2026-01-29 16:23:52,366 | INFO | START | out_store=SIO_rrs_matchups_5x5.zarr progress=SIO_extract_progress.csv done_obs=22 buffer_n=2 window=5 progress_flush_every=50
2026-01-29 16:23:52,366 | INFO | MEM_MB start: 200.8
2026-01-29 16:23:52,374 | INFO | GRANULE start | PACE_OCI.20240311T195804.L2.OC_AOP.V3_1.nc | rows=1 | mem_mb=200.859375
2026-01-29 16:23:57,643 | INFO | WAVELENGTH set | n=172
2026-01-29 16:23:57,643 | INFO | Rrs dims=('number_of_lines', 'pixels_per_line', 'wavelength_3d') | using spatial dims: number_of_lines, pixels_per_line
2026-01-29 16:23:59,058 | INFO | GRANULE done | PACE_OCI.20240311T195804.L2.OC_AOP.V3_1.nc | written=0 skip_done=0 no_pix=1 no_spec=0
2026-01-29 16:23:59,060 | INFO | GRANULE start | PACE_OCI.20240318T204706.L2.OC_AOP.V3_1.nc | rows=1 | mem_mb=447.1015625
2026-01-29 16:23:59,841 | INFO | Rrs dims=('number_of_lines', 'pixels_per_line', 'wavelength_3d') | using spatial dims: number_of_lines, pixels_per_line
2026-01-29 16:24:01,524 | INFO | GRANULE done | PACE_OCI.20240318T204706.L2.OC_AOP.V3_1.nc | written=0 skip_done=0 no_pix=1 no_spec=0
2026-01-29 16:24:01,526 | INFO | GRANULE start | PACE_OCI.20240401T204628.L2.OC_AOP.V3_1.nc | rows=1 | mem_mb=579.01953125
2026-01-29 16:24:02,393 | INFO | Rrs dims=('number_of_lines', 'pixels_per_line', 'wavelength_3d') | using spatial dims: number_of_lines, pixels_per_line
2026-01-29 16:24:02,393 | INFO | GRANULE done | PACE_OCI.20240401T204628.L2.OC_AOP.V3_1.nc | written=0 skip_done=1 no_pix=0 no_spec=0
2026-01-29 16:24:02,395 | INFO | GRANULE start | PACE_OCI.20240408T195646.L2.OC_AOP.V3_1.nc | rows=1 | mem_mb=618.859375
2026-01-29 16:24:03,274 | INFO | Rrs dims=('number_of_lines', 'pixels_per_line', 'wavelength_3d') | using spatial dims: number_of_lines, pixels_per_line
2026-01-29 16:24:03,275 | INFO | GRANULE done | PACE_OCI.20240408T195646.L2.OC_AOP.V3_1.nc | written=0 skip_done=1 no_pix=0 no_spec=0
2026-01-29 16:24:03,276 | INFO | GRANULE start | PACE_OCI.20240415T204017.L2.OC_AOP.V3_1.nc | rows=1 | mem_mb=634.89453125
2026-01-29 16:24:04,658 | INFO | Rrs dims=('number_of_lines', 'pixels_per_line', 'wavelength_3d') | using spatial dims: number_of_lines, pixels_per_line
2026-01-29 16:24:04,659 | INFO | GRANULE done | PACE_OCI.20240415T204017.L2.OC_AOP.V3_1.nc | written=0 skip_done=1 no_pix=0 no_spec=0
2026-01-29 16:24:04,660 | INFO | GRANULE start | PACE_OCI.20240422T195018.L2.OC_AOP.V3_1.nc | rows=1 | mem_mb=676.6953125
2026-01-29 16:24:05,620 | INFO | Rrs dims=('number_of_lines', 'pixels_per_line', 'wavelength_3d') | using spatial dims: number_of_lines, pixels_per_line
2026-01-29 16:24:06,577 | INFO | GRANULE done | PACE_OCI.20240422T195018.L2.OC_AOP.V3_1.nc | written=0 skip_done=0 no_pix=1 no_spec=0
2026-01-29 16:24:06,579 | INFO | GRANULE start | PACE_OCI.20240429T203818.L2.OC_AOP.V3_1.nc | rows=1 | mem_mb=738.2578125
2026-01-29 16:24:07,279 | INFO | Rrs dims=('number_of_lines', 'pixels_per_line', 'wavelength_3d') | using spatial dims: number_of_lines, pixels_per_line
2026-01-29 16:24:07,279 | INFO | GRANULE done | PACE_OCI.20240429T203818.L2.OC_AOP.V3_1.nc | written=0 skip_done=1 no_pix=0 no_spec=0
2026-01-29 16:24:07,281 | INFO | GRANULE start | PACE_OCI.20240506T194750.L2.OC_AOP.V3_1.nc | rows=1 | mem_mb=705.234375
2026-01-29 16:24:07,959 | INFO | Rrs dims=('number_of_lines', 'pixels_per_line', 'wavelength_3d') | using spatial dims: number_of_lines, pixels_per_line
2026-01-29 16:24:07,960 | INFO | GRANULE done | PACE_OCI.20240506T194750.L2.OC_AOP.V3_1.nc | written=0 skip_done=1 no_pix=0 no_spec=0
2026-01-29 16:24:07,962 | INFO | GRANULE start | PACE_OCI.20240513T203532.L2.OC_AOP.V3_1.nc | rows=1 | mem_mb=705.30078125
2026-01-29 16:24:08,995 | INFO | Rrs dims=('number_of_lines', 'pixels_per_line', 'wavelength_3d') | using spatial dims: number_of_lines, pixels_per_line
2026-01-29 16:24:09,677 | INFO | GRANULE done | PACE_OCI.20240513T203532.L2.OC_AOP.V3_1.nc | written=0 skip_done=0 no_pix=1 no_spec=0
2026-01-29 16:24:09,679 | INFO | GRANULE start | PACE_OCI.20240520T194443.L2.OC_AOP.V3_1.nc | rows=1 | mem_mb=760.38671875
2026-01-29 16:24:10,393 | INFO | Rrs dims=('number_of_lines', 'pixels_per_line', 'wavelength_3d') | using spatial dims: number_of_lines, pixels_per_line
2026-01-29 16:24:11,920 | INFO | GRANULE done | PACE_OCI.20240520T194443.L2.OC_AOP.V3_1.nc | written=0 skip_done=0 no_pix=1 no_spec=0
2026-01-29 16:24:11,922 | INFO | GRANULE start | PACE_OCI.20240520T212303.L2.OC_AOP.V3_1.nc | rows=1 | mem_mb=778.8203125
2026-01-29 16:24:12,567 | INFO | Rrs dims=('number_of_lines', 'pixels_per_line', 'wavelength_3d') | using spatial dims: number_of_lines, pixels_per_line
2026-01-29 16:24:13,054 | INFO | GRANULE done | PACE_OCI.20240520T212303.L2.OC_AOP.V3_1.nc | written=0 skip_done=0 no_pix=1 no_spec=0
2026-01-29 16:24:13,056 | INFO | GRANULE start | PACE_OCI.20240603T194017.L2.OC_AOP.V3_1.nc | rows=1 | mem_mb=789.203125
2026-01-29 16:24:13,741 | INFO | Rrs dims=('number_of_lines', 'pixels_per_line', 'wavelength_3d') | using spatial dims: number_of_lines, pixels_per_line
2026-01-29 16:24:13,741 | INFO | GRANULE done | PACE_OCI.20240603T194017.L2.OC_AOP.V3_1.nc | written=0 skip_done=1 no_pix=0 no_spec=0
2026-01-29 16:24:13,743 | INFO | GRANULE start | PACE_OCI.20240603T211836.L2.OC_AOP.V3_1.nc | rows=1 | mem_mb=770.71484375
2026-01-29 16:24:14,529 | INFO | Rrs dims=('number_of_lines', 'pixels_per_line', 'wavelength_3d') | using spatial dims: number_of_lines, pixels_per_line
2026-01-29 16:24:15,639 | INFO | GRANULE done | PACE_OCI.20240603T211836.L2.OC_AOP.V3_1.nc | written=0 skip_done=0 no_pix=1 no_spec=0
2026-01-29 16:24:15,640 | INFO | GRANULE start | PACE_OCI.20240610T202702.L2.OC_AOP.V3_1.nc | rows=1 | mem_mb=866.890625
2026-01-29 16:24:16,420 | INFO | Rrs dims=('number_of_lines', 'pixels_per_line', 'wavelength_3d') | using spatial dims: number_of_lines, pixels_per_line
2026-01-29 16:24:16,421 | INFO | GRANULE done | PACE_OCI.20240610T202702.L2.OC_AOP.V3_1.nc | written=0 skip_done=1 no_pix=0 no_spec=0
2026-01-29 16:24:16,423 | INFO | GRANULE start | PACE_OCI.20240617T193515.L2.OC_AOP.V3_1.nc | rows=1 | mem_mb=875.953125
2026-01-29 16:24:17,289 | INFO | Rrs dims=('number_of_lines', 'pixels_per_line', 'wavelength_3d') | using spatial dims: number_of_lines, pixels_per_line
2026-01-29 16:24:17,398 | INFO | GRANULE done | PACE_OCI.20240617T193515.L2.OC_AOP.V3_1.nc | written=0 skip_done=0 no_pix=1 no_spec=0
2026-01-29 16:24:17,399 | INFO | GRANULE start | PACE_OCI.20240617T211334.L2.OC_AOP.V3_1.nc | rows=1 | mem_mb=884.13671875
2026-01-29 16:24:18,979 | INFO | Rrs dims=('number_of_lines', 'pixels_per_line', 'wavelength_3d') | using spatial dims: number_of_lines, pixels_per_line
2026-01-29 16:24:21,834 | INFO | GRANULE done | PACE_OCI.20240617T211334.L2.OC_AOP.V3_1.nc | written=0 skip_done=0 no_pix=1 no_spec=0
2026-01-29 16:24:21,836 | INFO | GRANULE start | PACE_OCI.20240624T202137.L2.OC_AOP.V3_1.nc | rows=1 | mem_mb=942.87109375
2026-01-29 16:24:22,616 | INFO | Rrs dims=('number_of_lines', 'pixels_per_line', 'wavelength_3d') | using spatial dims: number_of_lines, pixels_per_line
2026-01-29 16:24:22,617 | INFO | GRANULE done | PACE_OCI.20240624T202137.L2.OC_AOP.V3_1.nc | written=0 skip_done=1 no_pix=0 no_spec=0
2026-01-29 16:24:22,619 | INFO | GRANULE start | PACE_OCI.20240701T192930.L2.OC_AOP.V3_1.nc | rows=1 | mem_mb=959.09375
2026-01-29 16:24:23,105 | INFO | Rrs dims=('number_of_lines', 'pixels_per_line', 'wavelength_3d') | using spatial dims: number_of_lines, pixels_per_line
2026-01-29 16:24:23,245 | INFO | GRANULE done | PACE_OCI.20240701T192930.L2.OC_AOP.V3_1.nc | written=0 skip_done=0 no_pix=1 no_spec=0
2026-01-29 16:24:23,247 | INFO | GRANULE start | PACE_OCI.20240701T210749.L2.OC_AOP.V3_1.nc | rows=1 | mem_mb=956.65625
2026-01-29 16:24:24,092 | INFO | Rrs dims=('number_of_lines', 'pixels_per_line', 'wavelength_3d') | using spatial dims: number_of_lines, pixels_per_line
2026-01-29 16:24:25,482 | INFO | GRANULE done | PACE_OCI.20240701T210749.L2.OC_AOP.V3_1.nc | written=0 skip_done=0 no_pix=1 no_spec=0
2026-01-29 16:24:25,484 | INFO | GRANULE start | PACE_OCI.20240708T201528.L2.OC_AOP.V3_1.nc | rows=1 | mem_mb=975.33984375
2026-01-29 16:24:26,825 | INFO | Rrs dims=('number_of_lines', 'pixels_per_line', 'wavelength_3d') | using spatial dims: number_of_lines, pixels_per_line
2026-01-29 16:24:29,018 | INFO | GRANULE done | PACE_OCI.20240708T201528.L2.OC_AOP.V3_1.nc | written=0 skip_done=0 no_pix=1 no_spec=0
2026-01-29 16:24:29,020 | INFO | GRANULE start | PACE_OCI.20240715T192258.L2.OC_AOP.V3_1.nc | rows=1 | mem_mb=975.37890625
2026-01-29 16:24:29,801 | INFO | Rrs dims=('number_of_lines', 'pixels_per_line', 'wavelength_3d') | using spatial dims: number_of_lines, pixels_per_line
2026-01-29 16:24:30,003 | INFO | GRANULE done | PACE_OCI.20240715T192258.L2.OC_AOP.V3_1.nc | written=0 skip_done=0 no_pix=1 no_spec=0
2026-01-29 16:24:30,005 | INFO | GRANULE start | PACE_OCI.20240715T210117.L2.OC_AOP.V3_1.nc | rows=1 | mem_mb=997.7578125
2026-01-29 16:24:31,079 | INFO | Rrs dims=('number_of_lines', 'pixels_per_line', 'wavelength_3d') | using spatial dims: number_of_lines, pixels_per_line
2026-01-29 16:24:32,541 | INFO | GRANULE done | PACE_OCI.20240715T210117.L2.OC_AOP.V3_1.nc | written=0 skip_done=0 no_pix=1 no_spec=0
2026-01-29 16:24:32,543 | INFO | GRANULE start | PACE_OCI.20240722T200836.L2.OC_AOP.V3_1.nc | rows=1 | mem_mb=1045.84375
2026-01-29 16:24:33,718 | INFO | Rrs dims=('number_of_lines', 'pixels_per_line', 'wavelength_3d') | using spatial dims: number_of_lines, pixels_per_line
2026-01-29 16:24:35,066 | INFO | GRANULE done | PACE_OCI.20240722T200836.L2.OC_AOP.V3_1.nc | written=0 skip_done=0 no_pix=1 no_spec=0
2026-01-29 16:24:35,068 | INFO | GRANULE start | PACE_OCI.20240729T205400.L2.OC_AOP.V3_1.nc | rows=1 | mem_mb=1049.58203125
2026-01-29 16:24:36,199 | INFO | Rrs dims=('number_of_lines', 'pixels_per_line', 'wavelength_3d') | using spatial dims: number_of_lines, pixels_per_line
2026-01-29 16:24:36,199 | INFO | GRANULE done | PACE_OCI.20240729T205400.L2.OC_AOP.V3_1.nc | written=0 skip_done=1 no_pix=0 no_spec=0
2026-01-29 16:24:36,201 | INFO | GRANULE start | PACE_OCI.20240805T200057.L2.OC_AOP.V3_1.nc | rows=1 | mem_mb=1049.59375
2026-01-29 16:24:37,561 | INFO | Rrs dims=('number_of_lines', 'pixels_per_line', 'wavelength_3d') | using spatial dims: number_of_lines, pixels_per_line
2026-01-29 16:24:38,958 | INFO | GRANULE done | PACE_OCI.20240805T200057.L2.OC_AOP.V3_1.nc | written=0 skip_done=0 no_pix=1 no_spec=0
2026-01-29 16:24:38,960 | INFO | GRANULE start | PACE_OCI.20240812T204559.L2.OC_AOP.V3_1.nc | rows=1 | mem_mb=1049.65625
2026-01-29 16:24:40,017 | INFO | Rrs dims=('number_of_lines', 'pixels_per_line', 'wavelength_3d') | using spatial dims: number_of_lines, pixels_per_line
2026-01-29 16:24:43,434 | INFO | GRANULE done | PACE_OCI.20240812T204559.L2.OC_AOP.V3_1.nc | written=0 skip_done=0 no_pix=1 no_spec=0
2026-01-29 16:24:43,436 | INFO | GRANULE start | PACE_OCI.20240819T195220.L2.OC_AOP.V3_1.nc | rows=1 | mem_mb=1162.75
2026-01-29 16:24:44,678 | INFO | Rrs dims=('number_of_lines', 'pixels_per_line', 'wavelength_3d') | using spatial dims: number_of_lines, pixels_per_line
2026-01-29 16:24:44,678 | INFO | GRANULE done | PACE_OCI.20240819T195220.L2.OC_AOP.V3_1.nc | written=0 skip_done=1 no_pix=0 no_spec=0
2026-01-29 16:24:44,680 | INFO | GRANULE start | PACE_OCI.20240826T204149.L2.OC_AOP.V3_1.nc | rows=1 | mem_mb=1137.44140625
2026-01-29 16:24:45,740 | INFO | Rrs dims=('number_of_lines', 'pixels_per_line', 'wavelength_3d') | using spatial dims: number_of_lines, pixels_per_line
2026-01-29 16:24:45,740 | INFO | GRANULE done | PACE_OCI.20240826T204149.L2.OC_AOP.V3_1.nc | written=0 skip_done=1 no_pix=0 no_spec=0
2026-01-29 16:24:45,742 | INFO | GRANULE start | PACE_OCI.20240903T202212.L2.OC_AOP.V3_1.nc | rows=1 | mem_mb=1137.453125
2026-01-29 16:24:46,789 | INFO | Rrs dims=('number_of_lines', 'pixels_per_line', 'wavelength_3d') | using spatial dims: number_of_lines, pixels_per_line
2026-01-29 16:24:48,085 | INFO | GRANULE done | PACE_OCI.20240903T202212.L2.OC_AOP.V3_1.nc | written=0 skip_done=0 no_pix=1 no_spec=0
2026-01-29 16:24:48,087 | INFO | GRANULE start | PACE_OCI.20240916T193710.L2.OC_AOP.V3_1.nc | rows=1 | mem_mb=1156.0859375
2026-01-29 16:24:49,131 | INFO | Rrs dims=('number_of_lines', 'pixels_per_line', 'wavelength_3d') | using spatial dims: number_of_lines, pixels_per_line
2026-01-29 16:24:49,131 | INFO | GRANULE done | PACE_OCI.20240916T193710.L2.OC_AOP.V3_1.nc | written=0 skip_done=1 no_pix=0 no_spec=0
2026-01-29 16:24:49,133 | INFO | GRANULE start | PACE_OCI.20240916T211527.L2.OC_AOP.V3_1.nc | rows=1 | mem_mb=1137.73046875
2026-01-29 16:24:50,754 | INFO | Rrs dims=('number_of_lines', 'pixels_per_line', 'wavelength_3d') | using spatial dims: number_of_lines, pixels_per_line
2026-01-29 16:24:53,469 | INFO | GRANULE done | PACE_OCI.20240916T211527.L2.OC_AOP.V3_1.nc | written=0 skip_done=0 no_pix=1 no_spec=0
2026-01-29 16:24:53,471 | INFO | GRANULE start | PACE_OCI.20240923T202039.L2.OC_AOP.V3_1.nc | rows=1 | mem_mb=1156.34765625
2026-01-29 16:24:54,203 | INFO | Rrs dims=('number_of_lines', 'pixels_per_line', 'wavelength_3d') | using spatial dims: number_of_lines, pixels_per_line
2026-01-29 16:24:55,493 | INFO | GRANULE done | PACE_OCI.20240923T202039.L2.OC_AOP.V3_1.nc | written=0 skip_done=0 no_pix=1 no_spec=0
2026-01-29 16:24:55,495 | INFO | GRANULE start | PACE_OCI.20240930T192540.L2.OC_AOP.V3_1.nc | rows=1 | mem_mb=1156.359375
2026-01-29 16:24:56,194 | INFO | Rrs dims=('number_of_lines', 'pixels_per_line', 'wavelength_3d') | using spatial dims: number_of_lines, pixels_per_line
2026-01-29 16:24:56,831 | INFO | GRANULE done | PACE_OCI.20240930T192540.L2.OC_AOP.V3_1.nc | written=0 skip_done=0 no_pix=1 no_spec=0
2026-01-29 16:24:56,833 | INFO | GRANULE start | PACE_OCI.20240930T210357.L2.OC_AOP.V3_1.nc | rows=1 | mem_mb=1180.984375
2026-01-29 16:24:57,853 | INFO | Rrs dims=('number_of_lines', 'pixels_per_line', 'wavelength_3d') | using spatial dims: number_of_lines, pixels_per_line
2026-01-29 16:24:57,853 | INFO | GRANULE done | PACE_OCI.20240930T210357.L2.OC_AOP.V3_1.nc | written=0 skip_done=1 no_pix=0 no_spec=0
2026-01-29 16:24:57,855 | INFO | GRANULE start | PACE_OCI.20241007T200841.L2.OC_AOP.V3_1.nc | rows=1 | mem_mb=1213.1953125
2026-01-29 16:24:59,677 | INFO | Rrs dims=('number_of_lines', 'pixels_per_line', 'wavelength_3d') | using spatial dims: number_of_lines, pixels_per_line
2026-01-29 16:25:01,300 | INFO | GRANULE done | PACE_OCI.20241007T200841.L2.OC_AOP.V3_1.nc | written=0 skip_done=0 no_pix=1 no_spec=0
2026-01-29 16:25:01,302 | INFO | GRANULE start | PACE_OCI.20241014T205121.L2.OC_AOP.V3_1.nc | rows=1 | mem_mb=1236.671875
2026-01-29 16:25:02,645 | INFO | Rrs dims=('number_of_lines', 'pixels_per_line', 'wavelength_3d') | using spatial dims: number_of_lines, pixels_per_line
2026-01-29 16:25:02,646 | INFO | GRANULE done | PACE_OCI.20241014T205121.L2.OC_AOP.V3_1.nc | written=0 skip_done=1 no_pix=0 no_spec=0
2026-01-29 16:25:02,647 | INFO | GRANULE start | PACE_OCI.20241021T200035.L2.OC_AOP.V3_1.nc | rows=1 | mem_mb=1258.15234375
2026-01-29 16:25:03,484 | INFO | Rrs dims=('number_of_lines', 'pixels_per_line', 'wavelength_3d') | using spatial dims: number_of_lines, pixels_per_line
2026-01-29 16:25:03,485 | INFO | GRANULE done | PACE_OCI.20241021T200035.L2.OC_AOP.V3_1.nc | written=0 skip_done=1 no_pix=0 no_spec=0
2026-01-29 16:25:03,487 | INFO | GRANULE start | PACE_OCI.20241104T194742.L2.OC_AOP.V3_1.nc | rows=1 | mem_mb=1274.15625
2026-01-29 16:25:04,468 | INFO | Rrs dims=('number_of_lines', 'pixels_per_line', 'wavelength_3d') | using spatial dims: number_of_lines, pixels_per_line
2026-01-29 16:25:04,468 | INFO | GRANULE done | PACE_OCI.20241104T194742.L2.OC_AOP.V3_1.nc | written=0 skip_done=1 no_pix=0 no_spec=0
2026-01-29 16:25:04,470 | INFO | GRANULE start | PACE_OCI.20241111T203049.L2.OC_AOP.V3_1.nc | rows=1 | mem_mb=1293.0
2026-01-29 16:25:05,739 | INFO | Rrs dims=('number_of_lines', 'pixels_per_line', 'wavelength_3d') | using spatial dims: number_of_lines, pixels_per_line
2026-01-29 16:25:05,740 | INFO | GRANULE done | PACE_OCI.20241111T203049.L2.OC_AOP.V3_1.nc | written=0 skip_done=1 no_pix=0 no_spec=0
2026-01-29 16:25:05,742 | INFO | GRANULE start | PACE_OCI.20241118T193529.L2.OC_AOP.V3_1.nc | rows=1 | mem_mb=1310.3359375
2026-01-29 16:25:06,533 | INFO | Rrs dims=('number_of_lines', 'pixels_per_line', 'wavelength_3d') | using spatial dims: number_of_lines, pixels_per_line
2026-01-29 16:25:07,281 | INFO | GRANULE done | PACE_OCI.20241118T193529.L2.OC_AOP.V3_1.nc | written=0 skip_done=0 no_pix=1 no_spec=0
2026-01-29 16:25:07,283 | INFO | GRANULE start | PACE_OCI.20241118T211346.L2.OC_AOP.V3_1.nc | rows=1 | mem_mb=1343.421875
2026-01-29 16:25:08,263 | INFO | Rrs dims=('number_of_lines', 'pixels_per_line', 'wavelength_3d') | using spatial dims: number_of_lines, pixels_per_line
2026-01-29 16:25:08,264 | INFO | GRANULE done | PACE_OCI.20241118T211346.L2.OC_AOP.V3_1.nc | written=0 skip_done=1 no_pix=0 no_spec=0
2026-01-29 16:25:08,266 | INFO | GRANULE start | PACE_OCI.20241125T201826.L2.OC_AOP.V3_1.nc | rows=1 | mem_mb=1359.546875
2026-01-29 16:25:09,338 | INFO | Rrs dims=('number_of_lines', 'pixels_per_line', 'wavelength_3d') | using spatial dims: number_of_lines, pixels_per_line
2026-01-29 16:25:09,338 | INFO | GRANULE done | PACE_OCI.20241125T201826.L2.OC_AOP.V3_1.nc | written=0 skip_done=1 no_pix=0 no_spec=0
2026-01-29 16:25:09,341 | INFO | GRANULE start | PACE_OCI.20241202T192258.L2.OC_AOP.V3_1.nc | rows=1 | mem_mb=1399.8046875
2026-01-29 16:25:10,301 | INFO | Rrs dims=('number_of_lines', 'pixels_per_line', 'wavelength_3d') | using spatial dims: number_of_lines, pixels_per_line
2026-01-29 16:25:11,155 | INFO | GRANULE done | PACE_OCI.20241202T192258.L2.OC_AOP.V3_1.nc | written=0 skip_done=0 no_pix=1 no_spec=0
2026-01-29 16:25:11,157 | INFO | GRANULE start | PACE_OCI.20241202T210115.L2.OC_AOP.V3_1.nc | rows=1 | mem_mb=1411.890625
2026-01-29 16:25:12,120 | INFO | Rrs dims=('number_of_lines', 'pixels_per_line', 'wavelength_3d') | using spatial dims: number_of_lines, pixels_per_line
2026-01-29 16:25:12,120 | INFO | GRANULE done | PACE_OCI.20241202T210115.L2.OC_AOP.V3_1.nc | written=0 skip_done=1 no_pix=0 no_spec=0
2026-01-29 16:25:12,122 | INFO | GRANULE start | PACE_OCI.20241209T200542.L2.OC_AOP.V3_1.nc | rows=1 | mem_mb=1411.90234375
2026-01-29 16:25:12,993 | INFO | Rrs dims=('number_of_lines', 'pixels_per_line', 'wavelength_3d') | using spatial dims: number_of_lines, pixels_per_line
2026-01-29 16:25:12,994 | INFO | GRANULE done | PACE_OCI.20241209T200542.L2.OC_AOP.V3_1.nc | written=0 skip_done=1 no_pix=0 no_spec=0
2026-01-29 16:25:12,996 | INFO | GRANULE start | PACE_OCI.20241216T205119.L2.OC_AOP.V3_1.nc | rows=1 | mem_mb=1411.94921875
2026-01-29 16:25:14,292 | INFO | Rrs dims=('number_of_lines', 'pixels_per_line', 'wavelength_3d') | using spatial dims: number_of_lines, pixels_per_line
2026-01-29 16:25:14,292 | INFO | GRANULE done | PACE_OCI.20241216T205119.L2.OC_AOP.V3_1.nc | written=0 skip_done=1 no_pix=0 no_spec=0
2026-01-29 16:25:14,294 | INFO | GRANULE start | PACE_OCI.20241230T204616.L2.OC_AOP.V3_1.nc | rows=1 | mem_mb=1436.1484375
2026-01-29 16:25:15,474 | INFO | Rrs dims=('number_of_lines', 'pixels_per_line', 'wavelength_3d') | using spatial dims: number_of_lines, pixels_per_line
2026-01-29 16:25:18,897 | INFO | GRANULE done | PACE_OCI.20241230T204616.L2.OC_AOP.V3_1.nc | written=0 skip_done=0 no_pix=1 no_spec=0
2026-01-29 16:25:18,899 | INFO | GRANULE start | PACE_OCI.20250106T195426.L2.OC_AOP.V3_1.nc | rows=1 | mem_mb=1468.21875
2026-01-29 16:25:19,895 | INFO | Rrs dims=('number_of_lines', 'pixels_per_line', 'wavelength_3d') | using spatial dims: number_of_lines, pixels_per_line
2026-01-29 16:25:22,343 | INFO | GRANULE done | PACE_OCI.20250106T195426.L2.OC_AOP.V3_1.nc | written=1 skip_done=0 no_pix=0 no_spec=0
2026-01-29 16:25:22,522 | INFO | STORE_FLUSH | wrote_obs=1 total_done_obs=23
2026-01-29 16:25:22,522 | INFO | MEM_MB after store flush: 1612.4
2026-01-29 16:25:22,523 | INFO | GRANULE start | PACE_OCI.20250113T204049.L2.OC_AOP.V3_1.nc | rows=1 | mem_mb=1612.41015625
2026-01-29 16:25:23,707 | INFO | Rrs dims=('number_of_lines', 'pixels_per_line', 'wavelength_3d') | using spatial dims: number_of_lines, pixels_per_line
2026-01-29 16:25:26,178 | INFO | GRANULE done | PACE_OCI.20250113T204049.L2.OC_AOP.V3_1.nc | written=1 skip_done=0 no_pix=0 no_spec=0
2026-01-29 16:25:26,345 | INFO | STORE_FLUSH | wrote_obs=1 total_done_obs=24
2026-01-29 16:25:26,345 | INFO | MEM_MB after store flush: 1756.7
2026-01-29 16:25:26,346 | INFO | GRANULE start | PACE_OCI.20250121T202337.L2.OC_AOP.V3_1.nc | rows=1 | mem_mb=1756.66015625
2026-01-29 16:25:27,649 | INFO | Rrs dims=('number_of_lines', 'pixels_per_line', 'wavelength_3d') | using spatial dims: number_of_lines, pixels_per_line
2026-01-29 16:25:28,325 | INFO | GRANULE done | PACE_OCI.20250121T202337.L2.OC_AOP.V3_1.nc | written=1 skip_done=0 no_pix=0 no_spec=0
2026-01-29 16:25:28,487 | INFO | STORE_FLUSH | wrote_obs=1 total_done_obs=25
2026-01-29 16:25:28,487 | INFO | MEM_MB after store flush: 1756.8
2026-01-29 16:25:28,488 | INFO | GRANULE start | PACE_OCI.20250127T203512.L2.OC_AOP.V3_1.nc | rows=1 | mem_mb=1756.75
2026-01-29 16:25:29,886 | INFO | Rrs dims=('number_of_lines', 'pixels_per_line', 'wavelength_3d') | using spatial dims: number_of_lines, pixels_per_line
2026-01-29 16:25:32,111 | INFO | GRANULE done | PACE_OCI.20250127T203512.L2.OC_AOP.V3_1.nc | written=1 skip_done=0 no_pix=0 no_spec=0
2026-01-29 16:25:32,283 | INFO | STORE_FLUSH | wrote_obs=1 total_done_obs=26
2026-01-29 16:25:32,283 | INFO | MEM_MB after store flush: 1853.0
2026-01-29 16:25:32,284 | INFO | GRANULE start | PACE_OCI.20250203T194309.L2.OC_AOP.V3_1.nc | rows=1 | mem_mb=1852.98046875
2026-01-29 16:25:33,184 | INFO | Rrs dims=('number_of_lines', 'pixels_per_line', 'wavelength_3d') | using spatial dims: number_of_lines, pixels_per_line
2026-01-29 16:25:33,718 | INFO | GRANULE done | PACE_OCI.20250203T194309.L2.OC_AOP.V3_1.nc | written=0 skip_done=0 no_pix=1 no_spec=0
2026-01-29 16:25:33,720 | INFO | GRANULE start | PACE_OCI.20250203T212128.L2.OC_AOP.V3_1.nc | rows=1 | mem_mb=1861.29296875
2026-01-29 16:25:34,708 | INFO | Rrs dims=('number_of_lines', 'pixels_per_line', 'wavelength_3d') | using spatial dims: number_of_lines, pixels_per_line
2026-01-29 16:25:37,306 | INFO | GRANULE done | PACE_OCI.20250203T212128.L2.OC_AOP.V3_1.nc | written=0 skip_done=0 no_pix=1 no_spec=0
2026-01-29 16:25:37,308 | INFO | GRANULE start | PACE_OCI.20250210T203350.L2.OC_AOP.V3_1.nc | rows=1 | mem_mb=1957.33984375
2026-01-29 16:25:38,354 | INFO | Rrs dims=('number_of_lines', 'pixels_per_line', 'wavelength_3d') | using spatial dims: number_of_lines, pixels_per_line
2026-01-29 16:25:39,713 | INFO | GRANULE done | PACE_OCI.20250210T203350.L2.OC_AOP.V3_1.nc | written=0 skip_done=0 no_pix=1 no_spec=0
2026-01-29 16:25:39,715 | INFO | GRANULE start | PACE_OCI.20250218T202319.L2.OC_AOP.V3_1.nc | rows=1 | mem_mb=2078.12890625
2026-01-29 16:25:40,565 | INFO | Rrs dims=('number_of_lines', 'pixels_per_line', 'wavelength_3d') | using spatial dims: number_of_lines, pixels_per_line
2026-01-29 16:25:41,147 | INFO | GRANULE done | PACE_OCI.20250218T202319.L2.OC_AOP.V3_1.nc | written=0 skip_done=0 no_pix=1 no_spec=0
2026-01-29 16:25:41,149 | INFO | GRANULE start | PACE_OCI.20250224T203456.L2.OC_AOP.V3_1.nc | rows=1 | mem_mb=2073.7421875
2026-01-29 16:25:42,309 | INFO | Rrs dims=('number_of_lines', 'pixels_per_line', 'wavelength_3d') | using spatial dims: number_of_lines, pixels_per_line
2026-01-29 16:25:45,803 | INFO | GRANULE done | PACE_OCI.20250224T203456.L2.OC_AOP.V3_1.nc | written=1 skip_done=0 no_pix=0 no_spec=0
2026-01-29 16:25:45,975 | INFO | STORE_FLUSH | wrote_obs=1 total_done_obs=27
2026-01-29 16:25:45,975 | INFO | MEM_MB after store flush: 2073.9
2026-01-29 16:25:45,976 | INFO | GRANULE start | PACE_OCI.20250224T203956.L2.OC_AOP.V3_1.nc | rows=1 | mem_mb=2073.87109375
2026-01-29 16:25:46,921 | INFO | Rrs dims=('number_of_lines', 'pixels_per_line', 'wavelength_3d') | using spatial dims: number_of_lines, pixels_per_line
2026-01-29 16:25:47,862 | INFO | GRANULE done | PACE_OCI.20250224T203956.L2.OC_AOP.V3_1.nc | written=1 skip_done=0 no_pix=0 no_spec=0
2026-01-29 16:25:48,046 | INFO | STORE_FLUSH | wrote_obs=1 total_done_obs=28
2026-01-29 16:25:48,046 | INFO | MEM_MB after store flush: 2115.0
2026-01-29 16:25:48,047 | INFO | GRANULE start | PACE_OCI.20250304T202407.L2.OC_AOP.V3_1.nc | rows=1 | mem_mb=2115.03125
2026-01-29 16:25:48,929 | INFO | Rrs dims=('number_of_lines', 'pixels_per_line', 'wavelength_3d') | using spatial dims: number_of_lines, pixels_per_line
2026-01-29 16:25:50,821 | INFO | GRANULE done | PACE_OCI.20250304T202407.L2.OC_AOP.V3_1.nc | written=1 skip_done=0 no_pix=0 no_spec=0
2026-01-29 16:25:50,993 | INFO | STORE_FLUSH | wrote_obs=1 total_done_obs=29
2026-01-29 16:25:50,993 | INFO | MEM_MB after store flush: 2098.3
2026-01-29 16:25:50,994 | INFO | GRANULE start | PACE_OCI.20250310T204032.L2.OC_AOP.V3_1.nc | rows=1 | mem_mb=2098.3046875
2026-01-29 16:25:52,250 | INFO | Rrs dims=('number_of_lines', 'pixels_per_line', 'wavelength_3d') | using spatial dims: number_of_lines, pixels_per_line
2026-01-29 16:25:53,440 | INFO | GRANULE done | PACE_OCI.20250310T204032.L2.OC_AOP.V3_1.nc | written=1 skip_done=0 no_pix=0 no_spec=0
2026-01-29 16:25:53,614 | INFO | STORE_FLUSH | wrote_obs=1 total_done_obs=30
2026-01-29 16:25:53,614 | INFO | MEM_MB after store flush: 2131.6
2026-01-29 16:25:53,615 | INFO | GRANULE start | PACE_OCI.20250317T195400.L2.OC_AOP.V3_1.nc | rows=1 | mem_mb=2131.56640625
2026-01-29 16:25:54,595 | INFO | Rrs dims=('number_of_lines', 'pixels_per_line', 'wavelength_3d') | using spatial dims: number_of_lines, pixels_per_line
2026-01-29 16:25:55,844 | INFO | GRANULE done | PACE_OCI.20250317T195400.L2.OC_AOP.V3_1.nc | written=1 skip_done=0 no_pix=0 no_spec=0
2026-01-29 16:25:56,041 | INFO | STORE_FLUSH | wrote_obs=1 total_done_obs=31
2026-01-29 16:25:56,041 | INFO | MEM_MB after store flush: 2115.0
2026-01-29 16:25:56,043 | INFO | GRANULE start | PACE_OCI.20250324T204538.L2.OC_AOP.V3_1.nc | rows=1 | mem_mb=2114.99609375
2026-01-29 16:25:56,956 | INFO | Rrs dims=('number_of_lines', 'pixels_per_line', 'wavelength_3d') | using spatial dims: number_of_lines, pixels_per_line
2026-01-29 16:25:58,455 | INFO | GRANULE done | PACE_OCI.20250324T204538.L2.OC_AOP.V3_1.nc | written=0 skip_done=0 no_pix=1 no_spec=0
2026-01-29 16:25:58,457 | INFO | GRANULE start | PACE_OCI.20250414T195735.L2.OC_AOP.V3_1.nc | rows=1 | mem_mb=2179.0625
2026-01-29 16:25:59,655 | INFO | Rrs dims=('number_of_lines', 'pixels_per_line', 'wavelength_3d') | using spatial dims: number_of_lines, pixels_per_line
2026-01-29 16:26:01,657 | INFO | GRANULE done | PACE_OCI.20250414T195735.L2.OC_AOP.V3_1.nc | written=1 skip_done=0 no_pix=0 no_spec=0
2026-01-29 16:26:01,940 | INFO | STORE_FLUSH | wrote_obs=1 total_done_obs=32
2026-01-29 16:26:01,940 | INFO | MEM_MB after store flush: 2123.4
2026-01-29 16:26:01,942 | INFO | GRANULE start | PACE_OCI.20250414T200235.L2.OC_AOP.V3_1.nc | rows=1 | mem_mb=2123.375
2026-01-29 16:26:02,733 | INFO | Rrs dims=('number_of_lines', 'pixels_per_line', 'wavelength_3d') | using spatial dims: number_of_lines, pixels_per_line
2026-01-29 16:26:03,010 | INFO | GRANULE done | PACE_OCI.20250414T200235.L2.OC_AOP.V3_1.nc | written=1 skip_done=0 no_pix=0 no_spec=0
2026-01-29 16:26:03,178 | INFO | STORE_FLUSH | wrote_obs=1 total_done_obs=33
2026-01-29 16:26:03,178 | INFO | MEM_MB after store flush: 2123.4
2026-01-29 16:26:03,180 | INFO | GRANULE start | PACE_OCI.20250421T204831.L2.OC_AOP.V3_1.nc | rows=1 | mem_mb=2123.40625
2026-01-29 16:26:04,102 | INFO | Rrs dims=('number_of_lines', 'pixels_per_line', 'wavelength_3d') | using spatial dims: number_of_lines, pixels_per_line
2026-01-29 16:26:05,802 | INFO | GRANULE done | PACE_OCI.20250421T204831.L2.OC_AOP.V3_1.nc | written=0 skip_done=0 no_pix=1 no_spec=0
2026-01-29 16:26:05,804 | INFO | GRANULE start | PACE_OCI.20250428T200053.L2.OC_AOP.V3_1.nc | rows=1 | mem_mb=2154.6484375
2026-01-29 16:26:06,827 | INFO | Rrs dims=('number_of_lines', 'pixels_per_line', 'wavelength_3d') | using spatial dims: number_of_lines, pixels_per_line
2026-01-29 16:26:08,709 | INFO | GRANULE done | PACE_OCI.20250428T200053.L2.OC_AOP.V3_1.nc | written=1 skip_done=0 no_pix=0 no_spec=0
2026-01-29 16:26:08,893 | INFO | STORE_FLUSH | wrote_obs=1 total_done_obs=34
2026-01-29 16:26:08,893 | INFO | MEM_MB after store flush: 2186.7
2026-01-29 16:26:08,895 | INFO | GRANULE start | PACE_OCI.20250505T205126.L2.OC_AOP.V3_1.nc | rows=1 | mem_mb=2186.6953125
2026-01-29 16:26:10,174 | INFO | Rrs dims=('number_of_lines', 'pixels_per_line', 'wavelength_3d') | using spatial dims: number_of_lines, pixels_per_line
2026-01-29 16:26:12,495 | INFO | GRANULE done | PACE_OCI.20250505T205126.L2.OC_AOP.V3_1.nc | written=1 skip_done=0 no_pix=0 no_spec=0
2026-01-29 16:26:12,665 | INFO | STORE_FLUSH | wrote_obs=1 total_done_obs=35
2026-01-29 16:26:12,665 | INFO | MEM_MB after store flush: 2325.4
2026-01-29 16:26:12,666 | INFO | GRANULE start | PACE_OCI.20250512T200330.L2.OC_AOP.V3_1.nc | rows=1 | mem_mb=2325.41796875
2026-01-29 16:26:13,882 | INFO | Rrs dims=('number_of_lines', 'pixels_per_line', 'wavelength_3d') | using spatial dims: number_of_lines, pixels_per_line
2026-01-29 16:26:15,821 | INFO | GRANULE done | PACE_OCI.20250512T200330.L2.OC_AOP.V3_1.nc | written=0 skip_done=0 no_pix=1 no_spec=0
2026-01-29 16:26:15,823 | INFO | GRANULE start | PACE_OCI.20250519T205402.L2.OC_AOP.V3_1.nc | rows=1 | mem_mb=1810.234375
2026-01-29 16:26:17,195 | INFO | Rrs dims=('number_of_lines', 'pixels_per_line', 'wavelength_3d') | using spatial dims: number_of_lines, pixels_per_line
2026-01-29 16:26:20,766 | INFO | GRANULE done | PACE_OCI.20250519T205402.L2.OC_AOP.V3_1.nc | written=1 skip_done=0 no_pix=0 no_spec=0
2026-01-29 16:26:20,942 | INFO | STORE_FLUSH | wrote_obs=1 total_done_obs=36
2026-01-29 16:26:20,942 | INFO | MEM_MB after store flush: 1810.2
2026-01-29 16:26:20,943 | INFO | GRANULE start | PACE_OCI.20250527T204128.L2.OC_AOP.V3_1.nc | rows=1 | mem_mb=1810.25
2026-01-29 16:26:22,052 | INFO | Rrs dims=('number_of_lines', 'pixels_per_line', 'wavelength_3d') | using spatial dims: number_of_lines, pixels_per_line
2026-01-29 16:26:23,158 | INFO | GRANULE done | PACE_OCI.20250527T204128.L2.OC_AOP.V3_1.nc | written=0 skip_done=0 no_pix=1 no_spec=0
2026-01-29 16:26:23,160 | INFO | GRANULE start | PACE_OCI.20250602T205630.L2.OC_AOP.V3_1.nc | rows=1 | mem_mb=1810.25390625
2026-01-29 16:26:26,123 | INFO | Rrs dims=('number_of_lines', 'pixels_per_line', 'wavelength_3d') | using spatial dims: number_of_lines, pixels_per_line
2026-01-29 16:26:26,994 | INFO | GRANULE done | PACE_OCI.20250602T205630.L2.OC_AOP.V3_1.nc | written=0 skip_done=0 no_pix=1 no_spec=0
2026-01-29 16:26:26,996 | INFO | GRANULE start | PACE_OCI.20250609T200821.L2.OC_AOP.V3_1.nc | rows=1 | mem_mb=1810.25
2026-01-29 16:26:28,434 | INFO | Rrs dims=('number_of_lines', 'pixels_per_line', 'wavelength_3d') | using spatial dims: number_of_lines, pixels_per_line
2026-01-29 16:26:28,777 | INFO | GRANULE done | PACE_OCI.20250609T200821.L2.OC_AOP.V3_1.nc | written=0 skip_done=0 no_pix=1 no_spec=0
2026-01-29 16:26:28,779 | INFO | GRANULE start | PACE_OCI.20250616T192001.L2.OC_AOP.V3_1.nc | rows=1 | mem_mb=1810.2578125
2026-01-29 16:26:29,319 | INFO | Rrs dims=('number_of_lines', 'pixels_per_line', 'wavelength_3d') | using spatial dims: number_of_lines, pixels_per_line
2026-01-29 16:26:29,472 | INFO | GRANULE done | PACE_OCI.20250616T192001.L2.OC_AOP.V3_1.nc | written=0 skip_done=0 no_pix=1 no_spec=0
2026-01-29 16:26:29,474 | INFO | GRANULE start | PACE_OCI.20250616T205822.L2.OC_AOP.V3_1.nc | rows=1 | mem_mb=1810.265625
2026-01-29 16:26:30,603 | INFO | Rrs dims=('number_of_lines', 'pixels_per_line', 'wavelength_3d') | using spatial dims: number_of_lines, pixels_per_line
2026-01-29 16:26:32,547 | INFO | GRANULE done | PACE_OCI.20250616T205822.L2.OC_AOP.V3_1.nc | written=1 skip_done=0 no_pix=0 no_spec=0
2026-01-29 16:26:32,741 | INFO | STORE_FLUSH | wrote_obs=1 total_done_obs=37
2026-01-29 16:26:32,741 | INFO | MEM_MB after store flush: 1810.3
2026-01-29 16:26:32,742 | INFO | GRANULE start | PACE_OCI.20250623T200956.L2.OC_AOP.V3_1.nc | rows=1 | mem_mb=1810.31640625
2026-01-29 16:26:33,445 | INFO | Rrs dims=('number_of_lines', 'pixels_per_line', 'wavelength_3d') | using spatial dims: number_of_lines, pixels_per_line
2026-01-29 16:26:33,942 | INFO | GRANULE done | PACE_OCI.20250623T200956.L2.OC_AOP.V3_1.nc | written=1 skip_done=0 no_pix=0 no_spec=0
2026-01-29 16:26:34,117 | INFO | STORE_FLUSH | wrote_obs=1 total_done_obs=38
2026-01-29 16:26:34,117 | INFO | MEM_MB after store flush: 1810.3
2026-01-29 16:26:34,118 | INFO | GRANULE start | PACE_OCI.20250630T192121.L2.OC_AOP.V3_1.nc | rows=1 | mem_mb=1810.34375
2026-01-29 16:26:34,884 | INFO | Rrs dims=('number_of_lines', 'pixels_per_line', 'wavelength_3d') | using spatial dims: number_of_lines, pixels_per_line
2026-01-29 16:26:35,014 | INFO | GRANULE done | PACE_OCI.20250630T192121.L2.OC_AOP.V3_1.nc | written=0 skip_done=0 no_pix=1 no_spec=0
2026-01-29 16:26:35,016 | INFO | GRANULE start | PACE_OCI.20250630T205942.L2.OC_AOP.V3_1.nc | rows=1 | mem_mb=1793.76953125
2026-01-29 16:26:35,845 | INFO | Rrs dims=('number_of_lines', 'pixels_per_line', 'wavelength_3d') | using spatial dims: number_of_lines, pixels_per_line
2026-01-29 16:26:36,453 | INFO | GRANULE done | PACE_OCI.20250630T205942.L2.OC_AOP.V3_1.nc | written=0 skip_done=0 no_pix=1 no_spec=0
2026-01-29 16:26:36,455 | INFO | GRANULE start | PACE_OCI.20250707T201101.L2.OC_AOP.V3_1.nc | rows=1 | mem_mb=1793.78125
2026-01-29 16:26:37,405 | INFO | Rrs dims=('number_of_lines', 'pixels_per_line', 'wavelength_3d') | using spatial dims: number_of_lines, pixels_per_line
2026-01-29 16:26:38,161 | INFO | GRANULE done | PACE_OCI.20250707T201101.L2.OC_AOP.V3_1.nc | written=1 skip_done=0 no_pix=0 no_spec=0
2026-01-29 16:26:38,976 | INFO | STORE_FLUSH | wrote_obs=1 total_done_obs=39
2026-01-29 16:26:38,976 | INFO | MEM_MB after store flush: 1793.8
2026-01-29 16:26:38,978 | INFO | GRANULE start | PACE_OCI.20250714T192212.L2.OC_AOP.V3_1.nc | rows=1 | mem_mb=1793.84375
2026-01-29 16:26:40,148 | INFO | Rrs dims=('number_of_lines', 'pixels_per_line', 'wavelength_3d') | using spatial dims: number_of_lines, pixels_per_line
2026-01-29 16:26:40,661 | INFO | GRANULE done | PACE_OCI.20250714T192212.L2.OC_AOP.V3_1.nc | written=0 skip_done=0 no_pix=1 no_spec=0
2026-01-29 16:26:40,663 | INFO | GRANULE start | PACE_OCI.20250714T210033.L2.OC_AOP.V3_1.nc | rows=1 | mem_mb=1793.86328125
2026-01-29 16:26:41,456 | INFO | Rrs dims=('number_of_lines', 'pixels_per_line', 'wavelength_3d') | using spatial dims: number_of_lines, pixels_per_line
2026-01-29 16:26:41,918 | INFO | GRANULE done | PACE_OCI.20250714T210033.L2.OC_AOP.V3_1.nc | written=0 skip_done=0 no_pix=1 no_spec=0
2026-01-29 16:26:41,920 | INFO | GRANULE start | PACE_OCI.20250721T201138.L2.OC_AOP.V3_1.nc | rows=1 | mem_mb=1793.90625
2026-01-29 16:26:42,829 | INFO | Rrs dims=('number_of_lines', 'pixels_per_line', 'wavelength_3d') | using spatial dims: number_of_lines, pixels_per_line
2026-01-29 16:26:43,471 | INFO | GRANULE done | PACE_OCI.20250721T201138.L2.OC_AOP.V3_1.nc | written=1 skip_done=0 no_pix=0 no_spec=0
2026-01-29 16:26:43,659 | INFO | STORE_FLUSH | wrote_obs=1 total_done_obs=40
2026-01-29 16:26:43,659 | INFO | MEM_MB after store flush: 1794.0
2026-01-29 16:26:43,660 | INFO | GRANULE start | PACE_OCI.20250728T192235.L2.OC_AOP.V3_1.nc | rows=1 | mem_mb=1794.01953125
2026-01-29 16:26:44,562 | INFO | Rrs dims=('number_of_lines', 'pixels_per_line', 'wavelength_3d') | using spatial dims: number_of_lines, pixels_per_line
2026-01-29 16:26:45,292 | INFO | GRANULE done | PACE_OCI.20250728T192235.L2.OC_AOP.V3_1.nc | written=0 skip_done=0 no_pix=1 no_spec=0
2026-01-29 16:26:45,294 | INFO | GRANULE start | PACE_OCI.20250728T210056.L2.OC_AOP.V3_1.nc | rows=1 | mem_mb=1794.03515625
2026-01-29 16:26:46,757 | INFO | Rrs dims=('number_of_lines', 'pixels_per_line', 'wavelength_3d') | using spatial dims: number_of_lines, pixels_per_line
2026-01-29 16:26:49,380 | INFO | GRANULE done | PACE_OCI.20250728T210056.L2.OC_AOP.V3_1.nc | written=1 skip_done=0 no_pix=0 no_spec=0
2026-01-29 16:26:49,577 | INFO | STORE_FLUSH | wrote_obs=1 total_done_obs=41
2026-01-29 16:26:49,577 | INFO | MEM_MB after store flush: 1794.1
2026-01-29 16:26:49,578 | INFO | GRANULE start | PACE_OCI.20250804T201146.L2.OC_AOP.V3_1.nc | rows=1 | mem_mb=1794.0625
2026-01-29 16:26:50,568 | INFO | Rrs dims=('number_of_lines', 'pixels_per_line', 'wavelength_3d') | using spatial dims: number_of_lines, pixels_per_line
2026-01-29 16:26:52,755 | INFO | GRANULE done | PACE_OCI.20250804T201146.L2.OC_AOP.V3_1.nc | written=0 skip_done=0 no_pix=1 no_spec=0
2026-01-29 16:26:52,757 | INFO | GRANULE start | PACE_OCI.20250811T192229.L2.OC_AOP.V3_1.nc | rows=1 | mem_mb=1794.13671875
2026-01-29 16:26:53,523 | INFO | Rrs dims=('number_of_lines', 'pixels_per_line', 'wavelength_3d') | using spatial dims: number_of_lines, pixels_per_line
2026-01-29 16:26:54,429 | INFO | GRANULE done | PACE_OCI.20250811T192229.L2.OC_AOP.V3_1.nc | written=0 skip_done=0 no_pix=1 no_spec=0
2026-01-29 16:26:54,432 | INFO | GRANULE start | PACE_OCI.20250811T210050.L2.OC_AOP.V3_1.nc | rows=1 | mem_mb=1794.15234375
2026-01-29 16:26:55,358 | INFO | Rrs dims=('number_of_lines', 'pixels_per_line', 'wavelength_3d') | using spatial dims: number_of_lines, pixels_per_line
2026-01-29 16:26:58,292 | INFO | GRANULE done | PACE_OCI.20250811T210050.L2.OC_AOP.V3_1.nc | written=0 skip_done=0 no_pix=1 no_spec=0
2026-01-29 16:26:58,294 | INFO | GRANULE start | PACE_OCI.20250818T201128.L2.OC_AOP.V3_1.nc | rows=1 | mem_mb=1794.19921875
2026-01-29 16:26:59,595 | INFO | Rrs dims=('number_of_lines', 'pixels_per_line', 'wavelength_3d') | using spatial dims: number_of_lines, pixels_per_line
2026-01-29 16:27:02,108 | INFO | GRANULE done | PACE_OCI.20250818T201128.L2.OC_AOP.V3_1.nc | written=1 skip_done=0 no_pix=0 no_spec=0
2026-01-29 16:27:02,304 | INFO | STORE_FLUSH | wrote_obs=1 total_done_obs=42
2026-01-29 16:27:02,304 | INFO | MEM_MB after store flush: 1794.4
2026-01-29 16:27:02,305 | INFO | GRANULE start | PACE_OCI.20250825T192701.L2.OC_AOP.V3_1.nc | rows=1 | mem_mb=1794.3828125
2026-01-29 16:27:03,144 | INFO | Rrs dims=('number_of_lines', 'pixels_per_line', 'wavelength_3d') | using spatial dims: number_of_lines, pixels_per_line
2026-01-29 16:27:03,239 | INFO | GRANULE done | PACE_OCI.20250825T192701.L2.OC_AOP.V3_1.nc | written=0 skip_done=0 no_pix=1 no_spec=0
2026-01-29 16:27:03,241 | INFO | GRANULE start | PACE_OCI.20250825T210021.L2.OC_AOP.V3_1.nc | rows=1 | mem_mb=1794.3984375
2026-01-29 16:27:04,699 | INFO | Rrs dims=('number_of_lines', 'pixels_per_line', 'wavelength_3d') | using spatial dims: number_of_lines, pixels_per_line
2026-01-29 16:27:07,166 | INFO | GRANULE done | PACE_OCI.20250825T210021.L2.OC_AOP.V3_1.nc | written=0 skip_done=0 no_pix=1 no_spec=0
2026-01-29 16:27:07,168 | INFO | GRANULE start | PACE_OCI.20250902T204553.L2.OC_AOP.V3_1.nc | rows=1 | mem_mb=1794.5234375
2026-01-29 16:27:07,853 | INFO | Rrs dims=('number_of_lines', 'pixels_per_line', 'wavelength_3d') | using spatial dims: number_of_lines, pixels_per_line
2026-01-29 16:27:09,377 | INFO | GRANULE done | PACE_OCI.20250902T204553.L2.OC_AOP.V3_1.nc | written=1 skip_done=0 no_pix=0 no_spec=0
2026-01-29 16:27:09,573 | INFO | STORE_FLUSH | wrote_obs=1 total_done_obs=43
2026-01-29 16:27:09,573 | INFO | MEM_MB after store flush: 1811.2
2026-01-29 16:27:09,574 | INFO | GRANULE start | PACE_OCI.20250902T205053.L2.OC_AOP.V3_1.nc | rows=1 | mem_mb=1811.19140625
2026-01-29 16:27:11,378 | INFO | Rrs dims=('number_of_lines', 'pixels_per_line', 'wavelength_3d') | using spatial dims: number_of_lines, pixels_per_line
2026-01-29 16:27:14,079 | INFO | GRANULE done | PACE_OCI.20250902T205053.L2.OC_AOP.V3_1.nc | written=0 skip_done=0 no_pix=1 no_spec=0
2026-01-29 16:27:14,082 | INFO | GRANULE start | PACE_OCI.20250908T192609.L2.OC_AOP.V3_1.nc | rows=1 | mem_mb=1794.73046875
2026-01-29 16:27:14,945 | INFO | Rrs dims=('number_of_lines', 'pixels_per_line', 'wavelength_3d') | using spatial dims: number_of_lines, pixels_per_line
2026-01-29 16:27:15,085 | INFO | GRANULE done | PACE_OCI.20250908T192609.L2.OC_AOP.V3_1.nc | written=1 skip_done=0 no_pix=0 no_spec=0
2026-01-29 16:27:15,271 | INFO | STORE_FLUSH | wrote_obs=1 total_done_obs=44
2026-01-29 16:27:15,271 | INFO | MEM_MB after store flush: 1794.8
2026-01-29 16:27:15,272 | INFO | GRANULE start | PACE_OCI.20250908T210429.L2.OC_AOP.V3_1.nc | rows=1 | mem_mb=1794.80859375
2026-01-29 16:27:16,174 | INFO | Rrs dims=('number_of_lines', 'pixels_per_line', 'wavelength_3d') | using spatial dims: number_of_lines, pixels_per_line
2026-01-29 16:27:18,136 | INFO | GRANULE done | PACE_OCI.20250908T210429.L2.OC_AOP.V3_1.nc | written=1 skip_done=0 no_pix=0 no_spec=0
2026-01-29 16:27:18,330 | INFO | STORE_FLUSH | wrote_obs=1 total_done_obs=45
2026-01-29 16:27:18,330 | INFO | MEM_MB after store flush: 1803.0
2026-01-29 16:27:18,331 | INFO | GRANULE start | PACE_OCI.20250915T201441.L2.OC_AOP.V3_1.nc | rows=1 | mem_mb=1803.00390625
2026-01-29 16:27:19,282 | INFO | Rrs dims=('number_of_lines', 'pixels_per_line', 'wavelength_3d') | using spatial dims: number_of_lines, pixels_per_line
2026-01-29 16:27:20,755 | INFO | GRANULE done | PACE_OCI.20250915T201441.L2.OC_AOP.V3_1.nc | written=1 skip_done=0 no_pix=0 no_spec=0
2026-01-29 16:27:20,937 | INFO | STORE_FLUSH | wrote_obs=1 total_done_obs=46
2026-01-29 16:27:20,938 | INFO | MEM_MB after store flush: 1786.7
2026-01-29 16:27:20,939 | INFO | GRANULE start | PACE_OCI.20250922T192451.L2.OC_AOP.V3_1.nc | rows=1 | mem_mb=1786.671875
2026-01-29 16:27:21,807 | INFO | Rrs dims=('number_of_lines', 'pixels_per_line', 'wavelength_3d') | using spatial dims: number_of_lines, pixels_per_line
2026-01-29 16:27:22,488 | INFO | GRANULE done | PACE_OCI.20250922T192451.L2.OC_AOP.V3_1.nc | written=0 skip_done=0 no_pix=1 no_spec=0
2026-01-29 16:27:22,490 | INFO | GRANULE start | PACE_OCI.20250922T210311.L2.OC_AOP.V3_1.nc | rows=1 | mem_mb=1786.67578125
2026-01-29 16:27:23,702 | INFO | Rrs dims=('number_of_lines', 'pixels_per_line', 'wavelength_3d') | using spatial dims: number_of_lines, pixels_per_line
2026-01-29 16:27:25,491 | INFO | GRANULE done | PACE_OCI.20250922T210311.L2.OC_AOP.V3_1.nc | written=1 skip_done=0 no_pix=0 no_spec=0
2026-01-29 16:27:25,670 | INFO | STORE_FLUSH | wrote_obs=1 total_done_obs=47
2026-01-29 16:27:25,670 | INFO | MEM_MB after store flush: 1794.9
2026-01-29 16:27:25,672 | INFO | GRANULE start | PACE_OCI.20250929T201315.L2.OC_AOP.V3_1.nc | rows=1 | mem_mb=1794.92578125
2026-01-29 16:27:26,737 | INFO | Rrs dims=('number_of_lines', 'pixels_per_line', 'wavelength_3d') | using spatial dims: number_of_lines, pixels_per_line
2026-01-29 16:27:28,558 | INFO | GRANULE done | PACE_OCI.20250929T201315.L2.OC_AOP.V3_1.nc | written=1 skip_done=0 no_pix=0 no_spec=0
2026-01-29 16:27:28,747 | INFO | STORE_FLUSH | wrote_obs=1 total_done_obs=48
2026-01-29 16:27:28,747 | INFO | MEM_MB after store flush: 1795.0
2026-01-29 16:27:28,748 | INFO | GRANULE start | PACE_OCI.20251006T192307.L2.OC_AOP.V3_1.nc | rows=1 | mem_mb=1795.015625
2026-01-29 16:27:29,632 | INFO | Rrs dims=('number_of_lines', 'pixels_per_line', 'wavelength_3d') | using spatial dims: number_of_lines, pixels_per_line
2026-01-29 16:27:30,516 | INFO | GRANULE done | PACE_OCI.20251006T192307.L2.OC_AOP.V3_1.nc | written=0 skip_done=0 no_pix=1 no_spec=0
2026-01-29 16:27:30,518 | INFO | GRANULE start | PACE_OCI.20251006T210127.L2.OC_AOP.V3_1.nc | rows=1 | mem_mb=1811.72265625
2026-01-29 16:27:31,550 | INFO | Rrs dims=('number_of_lines', 'pixels_per_line', 'wavelength_3d') | using spatial dims: number_of_lines, pixels_per_line
2026-01-29 16:27:33,520 | INFO | GRANULE done | PACE_OCI.20251006T210127.L2.OC_AOP.V3_1.nc | written=0 skip_done=0 no_pix=1 no_spec=0
2026-01-29 16:27:33,522 | INFO | GRANULE start | PACE_OCI.20251013T201113.L2.OC_AOP.V3_1.nc | rows=1 | mem_mb=1795.29296875
2026-01-29 16:27:34,946 | INFO | Rrs dims=('number_of_lines', 'pixels_per_line', 'wavelength_3d') | using spatial dims: number_of_lines, pixels_per_line
2026-01-29 16:27:37,837 | INFO | GRANULE done | PACE_OCI.20251013T201113.L2.OC_AOP.V3_1.nc | written=0 skip_done=0 no_pix=1 no_spec=0
2026-01-29 16:27:37,838 | INFO | GRANULE start | PACE_OCI.20251013T201613.L2.OC_AOP.V3_1.nc | rows=1 | mem_mb=1795.36328125
2026-01-29 16:27:38,695 | INFO | Rrs dims=('number_of_lines', 'pixels_per_line', 'wavelength_3d') | using spatial dims: number_of_lines, pixels_per_line
2026-01-29 16:27:39,917 | INFO | GRANULE done | PACE_OCI.20251013T201613.L2.OC_AOP.V3_1.nc | written=0 skip_done=0 no_pix=1 no_spec=0
2026-01-29 16:27:39,919 | INFO | GRANULE start | PACE_OCI.20251020T192555.L2.OC_AOP.V3_1.nc | rows=1 | mem_mb=1803.68359375
2026-01-29 16:27:40,581 | INFO | Rrs dims=('number_of_lines', 'pixels_per_line', 'wavelength_3d') | using spatial dims: number_of_lines, pixels_per_line
2026-01-29 16:27:40,678 | INFO | GRANULE done | PACE_OCI.20251020T192555.L2.OC_AOP.V3_1.nc | written=1 skip_done=0 no_pix=0 no_spec=0
2026-01-29 16:27:40,858 | INFO | STORE_FLUSH | wrote_obs=1 total_done_obs=49
2026-01-29 16:27:40,859 | INFO | MEM_MB after store flush: 1795.6
2026-01-29 16:27:40,860 | INFO | GRANULE start | PACE_OCI.20251020T205915.L2.OC_AOP.V3_1.nc | rows=1 | mem_mb=1795.59765625
2026-01-29 16:27:41,988 | INFO | Rrs dims=('number_of_lines', 'pixels_per_line', 'wavelength_3d') | using spatial dims: number_of_lines, pixels_per_line
2026-01-29 16:27:43,613 | INFO | GRANULE done | PACE_OCI.20251020T205915.L2.OC_AOP.V3_1.nc | written=1 skip_done=0 no_pix=0 no_spec=0
2026-01-29 16:27:43,797 | INFO | STORE_FLUSH | wrote_obs=1 total_done_obs=50
2026-01-29 16:27:43,798 | INFO | MEM_MB after store flush: 1795.6
2026-01-29 16:27:43,799 | INFO | GRANULE start | PACE_OCI.20251020T210415.L2.OC_AOP.V3_1.nc | rows=1 | mem_mb=1795.6328125
2026-01-29 16:27:45,059 | INFO | Rrs dims=('number_of_lines', 'pixels_per_line', 'wavelength_3d') | using spatial dims: number_of_lines, pixels_per_line
2026-01-29 16:27:47,152 | INFO | GRANULE done | PACE_OCI.20251020T210415.L2.OC_AOP.V3_1.nc | written=0 skip_done=0 no_pix=1 no_spec=0
2026-01-29 16:27:47,155 | INFO | GRANULE start | PACE_OCI.20251027T201353.L2.OC_AOP.V3_1.nc | rows=1 | mem_mb=1876.24609375
2026-01-29 16:27:47,724 | INFO | Rrs dims=('number_of_lines', 'pixels_per_line', 'wavelength_3d') | using spatial dims: number_of_lines, pixels_per_line
2026-01-29 16:27:49,341 | INFO | GRANULE done | PACE_OCI.20251027T201353.L2.OC_AOP.V3_1.nc | written=1 skip_done=0 no_pix=0 no_spec=0
2026-01-29 16:27:49,538 | INFO | STORE_FLUSH | wrote_obs=1 total_done_obs=51
2026-01-29 16:27:49,539 | INFO | MEM_MB after store flush: 1787.5
2026-01-29 16:27:49,540 | INFO | GRANULE start | PACE_OCI.20251103T192327.L2.OC_AOP.V3_1.nc | rows=1 | mem_mb=1787.52734375
2026-01-29 16:27:50,278 | INFO | Rrs dims=('number_of_lines', 'pixels_per_line', 'wavelength_3d') | using spatial dims: number_of_lines, pixels_per_line
2026-01-29 16:27:50,840 | INFO | GRANULE done | PACE_OCI.20251103T192327.L2.OC_AOP.V3_1.nc | written=0 skip_done=0 no_pix=1 no_spec=0
2026-01-29 16:27:50,842 | INFO | GRANULE start | PACE_OCI.20251103T210147.L2.OC_AOP.V3_1.nc | rows=1 | mem_mb=1787.5390625
2026-01-29 16:27:51,884 | INFO | Rrs dims=('number_of_lines', 'pixels_per_line', 'wavelength_3d') | using spatial dims: number_of_lines, pixels_per_line
2026-01-29 16:27:53,577 | INFO | GRANULE done | PACE_OCI.20251103T210147.L2.OC_AOP.V3_1.nc | written=1 skip_done=0 no_pix=0 no_spec=0
2026-01-29 16:27:53,781 | INFO | STORE_FLUSH | wrote_obs=1 total_done_obs=52
2026-01-29 16:27:53,782 | INFO | MEM_MB after store flush: 1876.1
2026-01-29 16:27:53,783 | INFO | GRANULE start | PACE_OCI.20251110T201121.L2.OC_AOP.V3_1.nc | rows=1 | mem_mb=1876.0703125
2026-01-29 16:27:54,888 | INFO | Rrs dims=('number_of_lines', 'pixels_per_line', 'wavelength_3d') | using spatial dims: number_of_lines, pixels_per_line
2026-01-29 16:27:55,926 | INFO | GRANULE done | PACE_OCI.20251110T201121.L2.OC_AOP.V3_1.nc | written=1 skip_done=0 no_pix=0 no_spec=0
2026-01-29 16:27:56,124 | INFO | STORE_FLUSH | wrote_obs=1 total_done_obs=53
2026-01-29 16:27:56,124 | INFO | MEM_MB after store flush: 1900.1
2026-01-29 16:27:56,126 | INFO | GRANULE start | PACE_OCI.20251117T192051.L2.OC_AOP.V3_1.nc | rows=1 | mem_mb=1900.109375
2026-01-29 16:27:56,741 | INFO | Rrs dims=('number_of_lines', 'pixels_per_line', 'wavelength_3d') | using spatial dims: number_of_lines, pixels_per_line
2026-01-29 16:27:57,312 | INFO | GRANULE done | PACE_OCI.20251117T192051.L2.OC_AOP.V3_1.nc | written=0 skip_done=0 no_pix=1 no_spec=0
2026-01-29 16:27:57,314 | INFO | GRANULE start | PACE_OCI.20251117T205911.L2.OC_AOP.V3_1.nc | rows=1 | mem_mb=1936.17578125
2026-01-29 16:27:58,425 | INFO | Rrs dims=('number_of_lines', 'pixels_per_line', 'wavelength_3d') | using spatial dims: number_of_lines, pixels_per_line
2026-01-29 16:28:00,457 | INFO | GRANULE done | PACE_OCI.20251117T205911.L2.OC_AOP.V3_1.nc | written=0 skip_done=0 no_pix=1 no_spec=0
2026-01-29 16:28:00,460 | INFO | GRANULE start | PACE_OCI.20251201T205627.L2.OC_AOP.V3_1.nc | rows=1 | mem_mb=2044.26953125
2026-01-29 16:28:01,675 | INFO | Rrs dims=('number_of_lines', 'pixels_per_line', 'wavelength_3d') | using spatial dims: number_of_lines, pixels_per_line
2026-01-29 16:28:04,244 | INFO | GRANULE done | PACE_OCI.20251201T205627.L2.OC_AOP.V3_1.nc | written=1 skip_done=0 no_pix=0 no_spec=0
2026-01-29 16:28:04,440 | INFO | STORE_FLUSH | wrote_obs=1 total_done_obs=54
2026-01-29 16:28:04,440 | INFO | MEM_MB after store flush: 2181.1
2026-01-29 16:28:04,441 | INFO | GRANULE start | PACE_OCI.20251208T200556.L2.OC_AOP.V3_1.nc | rows=1 | mem_mb=2181.1015625
2026-01-29 16:28:05,464 | INFO | Rrs dims=('number_of_lines', 'pixels_per_line', 'wavelength_3d') | using spatial dims: number_of_lines, pixels_per_line
2026-01-29 16:28:06,697 | INFO | GRANULE done | PACE_OCI.20251208T200556.L2.OC_AOP.V3_1.nc | written=1 skip_done=0 no_pix=0 no_spec=0
2026-01-29 16:28:06,918 | INFO | STORE_FLUSH | wrote_obs=1 total_done_obs=55
2026-01-29 16:28:06,918 | INFO | MEM_MB after store flush: 2086.0
2026-01-29 16:28:06,919 | INFO | GRANULE start | PACE_OCI.20251215T192025.L2.OC_AOP.V3_1.nc | rows=1 | mem_mb=2085.9609375
2026-01-29 16:28:07,596 | INFO | Rrs dims=('number_of_lines', 'pixels_per_line', 'wavelength_3d') | using spatial dims: number_of_lines, pixels_per_line
2026-01-29 16:28:07,682 | INFO | GRANULE done | PACE_OCI.20251215T192025.L2.OC_AOP.V3_1.nc | written=0 skip_done=0 no_pix=1 no_spec=0
2026-01-29 16:28:07,684 | INFO | GRANULE start | PACE_OCI.20251215T205344.L2.OC_AOP.V3_1.nc | rows=1 | mem_mb=2036.3125
2026-01-29 16:28:08,465 | INFO | Rrs dims=('number_of_lines', 'pixels_per_line', 'wavelength_3d') | using spatial dims: number_of_lines, pixels_per_line
2026-01-29 16:28:09,552 | INFO | GRANULE done | PACE_OCI.20251215T205344.L2.OC_AOP.V3_1.nc | written=0 skip_done=0 no_pix=1 no_spec=0
2026-01-29 16:28:09,553 | INFO | DONE
2026-01-29 16:28:09,554 | INFO | MEM_MB end: 2084.7
2026-01-29 16:50:38,418 | INFO | RESUME CHECK | progress_csv=BML_extract_progress.csv | done_obs=0
2026-01-29 16:50:38,418 | INFO | START | out_store=BML_rrs_matchups_5x5.zarr progress=BML_extract_progress.csv done_obs=0 buffer_n=2 window=5 progress_flush_every=50
2026-01-29 16:50:38,418 | INFO | MEM_MB start: 2037.1
2026-01-29 16:50:38,425 | INFO | GRANULE start | PACE_OCI.20240318T204706.L2.OC_AOP.V3_1.nc | rows=2 | mem_mb=2037.140625
2026-01-29 16:50:39,340 | INFO | WAVELENGTH set | n=172
2026-01-29 16:50:39,340 | INFO | Rrs dims=('number_of_lines', 'pixels_per_line', 'wavelength_3d') | using spatial dims: number_of_lines, pixels_per_line
2026-01-29 16:50:41,179 | INFO | STORE_FLUSH | wrote_obs=2 total_done_obs=2
2026-01-29 16:50:41,179 | INFO | MEM_MB after store flush: 2141.2
2026-01-29 16:50:41,183 | INFO | GRANULE done | PACE_OCI.20240318T204706.L2.OC_AOP.V3_1.nc | written=2 skip_done=0 no_pix=0 no_spec=0
2026-01-29 16:50:41,186 | INFO | GRANULE start | PACE_OCI.20240401T204628.L2.OC_AOP.V3_1.nc | rows=1 | mem_mb=2141.16796875
2026-01-29 16:50:42,191 | INFO | Rrs dims=('number_of_lines', 'pixels_per_line', 'wavelength_3d') | using spatial dims: number_of_lines, pixels_per_line
2026-01-29 16:50:44,092 | INFO | GRANULE done | PACE_OCI.20240401T204628.L2.OC_AOP.V3_1.nc | written=1 skip_done=0 no_pix=0 no_spec=0
2026-01-29 16:50:44,239 | INFO | STORE_FLUSH | wrote_obs=1 total_done_obs=3
2026-01-29 16:50:44,239 | INFO | MEM_MB after store flush: 2277.1
2026-01-29 16:50:44,240 | INFO | GRANULE start | PACE_OCI.20240415T204517.L2.OC_AOP.V3_1.nc | rows=1 | mem_mb=2277.0703125
2026-01-29 16:50:45,066 | INFO | Rrs dims=('number_of_lines', 'pixels_per_line', 'wavelength_3d') | using spatial dims: number_of_lines, pixels_per_line
2026-01-29 16:50:46,917 | INFO | GRANULE done | PACE_OCI.20240415T204517.L2.OC_AOP.V3_1.nc | written=1 skip_done=0 no_pix=0 no_spec=0
2026-01-29 16:50:47,077 | INFO | STORE_FLUSH | wrote_obs=1 total_done_obs=4
2026-01-29 16:50:47,077 | INFO | MEM_MB after store flush: 2065.4
2026-01-29 16:50:47,078 | INFO | GRANULE start | PACE_OCI.20240422T195518.L2.OC_AOP.V3_1.nc | rows=1 | mem_mb=2065.40625
2026-01-29 16:50:47,680 | INFO | Rrs dims=('number_of_lines', 'pixels_per_line', 'wavelength_3d') | using spatial dims: number_of_lines, pixels_per_line
2026-01-29 16:50:47,848 | INFO | GRANULE done | PACE_OCI.20240422T195518.L2.OC_AOP.V3_1.nc | written=0 skip_done=0 no_pix=1 no_spec=0
2026-01-29 16:50:47,851 | INFO | GRANULE start | PACE_OCI.20240422T212838.L2.OC_AOP.V3_1.nc | rows=1 | mem_mb=2101.98046875
2026-01-29 16:50:48,729 | INFO | Rrs dims=('number_of_lines', 'pixels_per_line', 'wavelength_3d') | using spatial dims: number_of_lines, pixels_per_line
2026-01-29 16:50:50,120 | INFO | GRANULE done | PACE_OCI.20240422T212838.L2.OC_AOP.V3_1.nc | written=0 skip_done=0 no_pix=1 no_spec=0
2026-01-29 16:50:50,122 | INFO | GRANULE start | PACE_OCI.20240422T213338.L2.OC_AOP.V3_1.nc | rows=1 | mem_mb=2225.6796875
2026-01-29 16:50:51,182 | INFO | Rrs dims=('number_of_lines', 'pixels_per_line', 'wavelength_3d') | using spatial dims: number_of_lines, pixels_per_line
2026-01-29 16:50:52,397 | INFO | GRANULE done | PACE_OCI.20240422T213338.L2.OC_AOP.V3_1.nc | written=0 skip_done=0 no_pix=1 no_spec=0
2026-01-29 16:50:52,399 | INFO | GRANULE start | PACE_OCI.20240429T203818.L2.OC_AOP.V3_1.nc | rows=1 | mem_mb=2329.89453125
2026-01-29 16:50:53,068 | INFO | Rrs dims=('number_of_lines', 'pixels_per_line', 'wavelength_3d') | using spatial dims: number_of_lines, pixels_per_line
2026-01-29 16:50:55,200 | INFO | GRANULE done | PACE_OCI.20240429T203818.L2.OC_AOP.V3_1.nc | written=1 skip_done=0 no_pix=0 no_spec=0
2026-01-29 16:50:55,352 | INFO | STORE_FLUSH | wrote_obs=1 total_done_obs=5
2026-01-29 16:50:55,352 | INFO | MEM_MB after store flush: 2296.9
2026-01-29 16:50:55,353 | INFO | GRANULE start | PACE_OCI.20240429T204318.L2.OC_AOP.V3_1.nc | rows=1 | mem_mb=2296.859375
2026-01-29 16:50:56,268 | INFO | Rrs dims=('number_of_lines', 'pixels_per_line', 'wavelength_3d') | using spatial dims: number_of_lines, pixels_per_line
2026-01-29 16:50:58,159 | INFO | GRANULE done | PACE_OCI.20240429T204318.L2.OC_AOP.V3_1.nc | written=0 skip_done=0 no_pix=1 no_spec=0
2026-01-29 16:50:58,161 | INFO | GRANULE start | PACE_OCI.20240506T194750.L2.OC_AOP.V3_1.nc | rows=1 | mem_mb=2433.9453125
2026-01-29 16:50:58,837 | INFO | Rrs dims=('number_of_lines', 'pixels_per_line', 'wavelength_3d') | using spatial dims: number_of_lines, pixels_per_line
2026-01-29 16:50:59,879 | INFO | GRANULE done | PACE_OCI.20240506T194750.L2.OC_AOP.V3_1.nc | written=0 skip_done=0 no_pix=1 no_spec=0
2026-01-29 16:50:59,881 | INFO | GRANULE start | PACE_OCI.20240506T195250.L2.OC_AOP.V3_1.nc | rows=1 | mem_mb=2481.828125
2026-01-29 16:51:00,655 | INFO | Rrs dims=('number_of_lines', 'pixels_per_line', 'wavelength_3d') | using spatial dims: number_of_lines, pixels_per_line
2026-01-29 16:51:00,824 | INFO | GRANULE done | PACE_OCI.20240506T195250.L2.OC_AOP.V3_1.nc | written=1 skip_done=0 no_pix=0 no_spec=0
2026-01-29 16:51:00,993 | INFO | STORE_FLUSH | wrote_obs=1 total_done_obs=6
2026-01-29 16:51:00,994 | INFO | MEM_MB after store flush: 2460.5
2026-01-29 16:51:00,995 | INFO | GRANULE start | PACE_OCI.20240506T212610.L2.OC_AOP.V3_1.nc | rows=1 | mem_mb=2460.51953125
2026-01-29 16:51:02,139 | INFO | Rrs dims=('number_of_lines', 'pixels_per_line', 'wavelength_3d') | using spatial dims: number_of_lines, pixels_per_line
2026-01-29 16:51:03,693 | INFO | GRANULE done | PACE_OCI.20240506T212610.L2.OC_AOP.V3_1.nc | written=1 skip_done=0 no_pix=0 no_spec=0
2026-01-29 16:51:03,849 | INFO | STORE_FLUSH | wrote_obs=1 total_done_obs=7
2026-01-29 16:51:03,849 | INFO | MEM_MB after store flush: 2477.0
2026-01-29 16:51:03,850 | INFO | GRANULE start | PACE_OCI.20240513T203532.L2.OC_AOP.V3_1.nc | rows=1 | mem_mb=2477.01953125
2026-01-29 16:51:04,751 | INFO | Rrs dims=('number_of_lines', 'pixels_per_line', 'wavelength_3d') | using spatial dims: number_of_lines, pixels_per_line
2026-01-29 16:51:05,359 | INFO | GRANULE done | PACE_OCI.20240513T203532.L2.OC_AOP.V3_1.nc | written=0 skip_done=0 no_pix=1 no_spec=0
2026-01-29 16:51:05,362 | INFO | GRANULE start | PACE_OCI.20240516T204152.L2.OC_AOP.V3_1.nc | rows=1 | mem_mb=2485.33984375
2026-01-29 16:51:06,175 | INFO | Rrs dims=('number_of_lines', 'pixels_per_line', 'wavelength_3d') | using spatial dims: number_of_lines, pixels_per_line
2026-01-29 16:51:06,757 | INFO | GRANULE done | PACE_OCI.20240516T204152.L2.OC_AOP.V3_1.nc | written=0 skip_done=0 no_pix=1 no_spec=0
2026-01-29 16:51:06,759 | INFO | GRANULE start | PACE_OCI.20240520T194443.L2.OC_AOP.V3_1.nc | rows=1 | mem_mb=2485.40234375
2026-01-29 16:51:07,561 | INFO | Rrs dims=('number_of_lines', 'pixels_per_line', 'wavelength_3d') | using spatial dims: number_of_lines, pixels_per_line
2026-01-29 16:51:07,958 | INFO | GRANULE done | PACE_OCI.20240520T194443.L2.OC_AOP.V3_1.nc | written=0 skip_done=0 no_pix=1 no_spec=0
2026-01-29 16:51:07,960 | INFO | GRANULE start | PACE_OCI.20240520T212303.L2.OC_AOP.V3_1.nc | rows=1 | mem_mb=2502.09765625
2026-01-29 16:51:08,550 | INFO | Rrs dims=('number_of_lines', 'pixels_per_line', 'wavelength_3d') | using spatial dims: number_of_lines, pixels_per_line
2026-01-29 16:51:09,374 | INFO | GRANULE done | PACE_OCI.20240520T212303.L2.OC_AOP.V3_1.nc | written=1 skip_done=0 no_pix=0 no_spec=0
2026-01-29 16:51:09,549 | INFO | STORE_FLUSH | wrote_obs=1 total_done_obs=8
2026-01-29 16:51:09,550 | INFO | MEM_MB after store flush: 2518.9
2026-01-29 16:51:09,551 | INFO | GRANULE start | PACE_OCI.20240603T194017.L2.OC_AOP.V3_1.nc | rows=1 | mem_mb=2518.94140625
2026-01-29 16:51:10,387 | INFO | Rrs dims=('number_of_lines', 'pixels_per_line', 'wavelength_3d') | using spatial dims: number_of_lines, pixels_per_line
2026-01-29 16:51:10,548 | INFO | GRANULE done | PACE_OCI.20240603T194017.L2.OC_AOP.V3_1.nc | written=0 skip_done=0 no_pix=1 no_spec=0
2026-01-29 16:51:10,550 | INFO | GRANULE start | PACE_OCI.20240603T211836.L2.OC_AOP.V3_1.nc | rows=1 | mem_mb=2519.1015625
2026-01-29 16:51:11,449 | INFO | Rrs dims=('number_of_lines', 'pixels_per_line', 'wavelength_3d') | using spatial dims: number_of_lines, pixels_per_line
2026-01-29 16:51:12,436 | INFO | GRANULE done | PACE_OCI.20240603T211836.L2.OC_AOP.V3_1.nc | written=0 skip_done=0 no_pix=1 no_spec=0
2026-01-29 16:51:12,439 | INFO | GRANULE start | PACE_OCI.20240610T202702.L2.OC_AOP.V3_1.nc | rows=1 | mem_mb=2502.54296875
2026-01-29 16:51:13,239 | INFO | Rrs dims=('number_of_lines', 'pixels_per_line', 'wavelength_3d') | using spatial dims: number_of_lines, pixels_per_line
2026-01-29 16:51:14,387 | INFO | GRANULE done | PACE_OCI.20240610T202702.L2.OC_AOP.V3_1.nc | written=1 skip_done=0 no_pix=0 no_spec=0
2026-01-29 16:51:14,543 | INFO | STORE_FLUSH | wrote_obs=1 total_done_obs=9
2026-01-29 16:51:14,544 | INFO | MEM_MB after store flush: 2519.2
2026-01-29 16:51:14,545 | INFO | GRANULE start | PACE_OCI.20240617T193515.L2.OC_AOP.V3_1.nc | rows=1 | mem_mb=2519.21484375
2026-01-29 16:51:15,484 | INFO | Rrs dims=('number_of_lines', 'pixels_per_line', 'wavelength_3d') | using spatial dims: number_of_lines, pixels_per_line
2026-01-29 16:51:15,604 | INFO | GRANULE done | PACE_OCI.20240617T193515.L2.OC_AOP.V3_1.nc | written=0 skip_done=0 no_pix=1 no_spec=0
2026-01-29 16:51:15,606 | INFO | GRANULE start | PACE_OCI.20240617T211334.L2.OC_AOP.V3_1.nc | rows=1 | mem_mb=2535.94921875
2026-01-29 16:51:16,893 | INFO | Rrs dims=('number_of_lines', 'pixels_per_line', 'wavelength_3d') | using spatial dims: number_of_lines, pixels_per_line
2026-01-29 16:51:20,150 | INFO | GRANULE done | PACE_OCI.20240617T211334.L2.OC_AOP.V3_1.nc | written=1 skip_done=0 no_pix=0 no_spec=0
2026-01-29 16:51:20,328 | INFO | STORE_FLUSH | wrote_obs=1 total_done_obs=10
2026-01-29 16:51:20,329 | INFO | MEM_MB after store flush: 2536.2
2026-01-29 16:51:20,330 | INFO | GRANULE start | PACE_OCI.20240624T202137.L2.OC_AOP.V3_1.nc | rows=1 | mem_mb=2536.16796875
2026-01-29 16:51:21,061 | INFO | Rrs dims=('number_of_lines', 'pixels_per_line', 'wavelength_3d') | using spatial dims: number_of_lines, pixels_per_line
2026-01-29 16:51:22,247 | INFO | GRANULE done | PACE_OCI.20240624T202137.L2.OC_AOP.V3_1.nc | written=0 skip_done=0 no_pix=1 no_spec=0
2026-01-29 16:51:22,250 | INFO | GRANULE start | PACE_OCI.20240701T210749.L2.OC_AOP.V3_1.nc | rows=1 | mem_mb=2478.21484375
2026-01-29 16:51:23,105 | INFO | Rrs dims=('number_of_lines', 'pixels_per_line', 'wavelength_3d') | using spatial dims: number_of_lines, pixels_per_line
2026-01-29 16:51:24,787 | INFO | GRANULE done | PACE_OCI.20240701T210749.L2.OC_AOP.V3_1.nc | written=1 skip_done=0 no_pix=0 no_spec=0
2026-01-29 16:51:24,941 | INFO | STORE_FLUSH | wrote_obs=1 total_done_obs=11
2026-01-29 16:51:24,941 | INFO | MEM_MB after store flush: 2503.0
2026-01-29 16:51:24,943 | INFO | GRANULE start | PACE_OCI.20240708T201528.L2.OC_AOP.V3_1.nc | rows=1 | mem_mb=2503.0234375
2026-01-29 16:51:26,039 | INFO | Rrs dims=('number_of_lines', 'pixels_per_line', 'wavelength_3d') | using spatial dims: number_of_lines, pixels_per_line
2026-01-29 16:51:27,706 | INFO | GRANULE done | PACE_OCI.20240708T201528.L2.OC_AOP.V3_1.nc | written=0 skip_done=0 no_pix=1 no_spec=0
2026-01-29 16:51:27,709 | INFO | GRANULE start | PACE_OCI.20240715T210117.L2.OC_AOP.V3_1.nc | rows=1 | mem_mb=2607.3515625
2026-01-29 16:51:28,483 | INFO | Rrs dims=('number_of_lines', 'pixels_per_line', 'wavelength_3d') | using spatial dims: number_of_lines, pixels_per_line
2026-01-29 16:51:29,435 | INFO | GRANULE done | PACE_OCI.20240715T210117.L2.OC_AOP.V3_1.nc | written=0 skip_done=0 no_pix=1 no_spec=0
2026-01-29 16:51:29,437 | INFO | GRANULE start | PACE_OCI.20240725T201404.L2.OC_AOP.V3_1.nc | rows=1 | mem_mb=2599.07421875
2026-01-29 16:51:30,828 | INFO | Rrs dims=('number_of_lines', 'pixels_per_line', 'wavelength_3d') | using spatial dims: number_of_lines, pixels_per_line
2026-01-29 16:51:33,245 | INFO | GRANULE done | PACE_OCI.20240725T201404.L2.OC_AOP.V3_1.nc | written=0 skip_done=0 no_pix=1 no_spec=0
2026-01-29 16:51:33,249 | INFO | GRANULE start | PACE_OCI.20240729T205400.L2.OC_AOP.V3_1.nc | rows=1 | mem_mb=2590.49609375
2026-01-29 16:51:34,224 | INFO | Rrs dims=('number_of_lines', 'pixels_per_line', 'wavelength_3d') | using spatial dims: number_of_lines, pixels_per_line
2026-01-29 16:51:35,625 | INFO | GRANULE done | PACE_OCI.20240729T205400.L2.OC_AOP.V3_1.nc | written=0 skip_done=0 no_pix=1 no_spec=0
2026-01-29 16:51:35,627 | INFO | GRANULE start | PACE_OCI.20240805T200057.L2.OC_AOP.V3_1.nc | rows=1 | mem_mb=2694.671875
2026-01-29 16:51:36,697 | INFO | Rrs dims=('number_of_lines', 'pixels_per_line', 'wavelength_3d') | using spatial dims: number_of_lines, pixels_per_line
2026-01-29 16:51:37,527 | INFO | GRANULE done | PACE_OCI.20240805T200057.L2.OC_AOP.V3_1.nc | written=0 skip_done=0 no_pix=1 no_spec=0
2026-01-29 16:51:37,530 | INFO | GRANULE start | PACE_OCI.20240805T200557.L2.OC_AOP.V3_1.nc | rows=1 | mem_mb=2791.2265625
2026-01-29 16:51:38,729 | INFO | Rrs dims=('number_of_lines', 'pixels_per_line', 'wavelength_3d') | using spatial dims: number_of_lines, pixels_per_line
2026-01-29 16:51:39,162 | INFO | GRANULE done | PACE_OCI.20240805T200557.L2.OC_AOP.V3_1.nc | written=0 skip_done=0 no_pix=1 no_spec=0
2026-01-29 16:51:39,164 | INFO | GRANULE start | PACE_OCI.20240812T204559.L2.OC_AOP.V3_1.nc | rows=1 | mem_mb=2786.78125
2026-01-29 16:51:40,244 | INFO | Rrs dims=('number_of_lines', 'pixels_per_line', 'wavelength_3d') | using spatial dims: number_of_lines, pixels_per_line
2026-01-29 16:51:42,643 | INFO | GRANULE done | PACE_OCI.20240812T204559.L2.OC_AOP.V3_1.nc | written=1 skip_done=0 no_pix=0 no_spec=0
2026-01-29 16:51:42,817 | INFO | STORE_FLUSH | wrote_obs=1 total_done_obs=12
2026-01-29 16:51:42,817 | INFO | MEM_MB after store flush: 2811.6
2026-01-29 16:51:42,818 | INFO | GRANULE start | PACE_OCI.20240812T205059.L2.OC_AOP.V3_1.nc | rows=1 | mem_mb=2811.55859375
2026-01-29 16:51:43,856 | INFO | Rrs dims=('number_of_lines', 'pixels_per_line', 'wavelength_3d') | using spatial dims: number_of_lines, pixels_per_line
2026-01-29 16:51:45,398 | INFO | GRANULE done | PACE_OCI.20240812T205059.L2.OC_AOP.V3_1.nc | written=0 skip_done=0 no_pix=1 no_spec=0
2026-01-29 16:51:45,401 | INFO | GRANULE start | PACE_OCI.20240819T195720.L2.OC_AOP.V3_1.nc | rows=1 | mem_mb=2819.91015625
2026-01-29 16:51:46,374 | INFO | Rrs dims=('number_of_lines', 'pixels_per_line', 'wavelength_3d') | using spatial dims: number_of_lines, pixels_per_line
2026-01-29 16:51:47,082 | INFO | GRANULE done | PACE_OCI.20240819T195720.L2.OC_AOP.V3_1.nc | written=1 skip_done=0 no_pix=0 no_spec=0
2026-01-29 16:51:47,249 | INFO | STORE_FLUSH | wrote_obs=1 total_done_obs=13
2026-01-29 16:51:47,250 | INFO | MEM_MB after store flush: 2787.0
2026-01-29 16:51:47,252 | INFO | GRANULE start | PACE_OCI.20240819T213538.L2.OC_AOP.V3_1.nc | rows=1 | mem_mb=2786.99609375
2026-01-29 16:51:48,558 | INFO | Rrs dims=('number_of_lines', 'pixels_per_line', 'wavelength_3d') | using spatial dims: number_of_lines, pixels_per_line
2026-01-29 16:51:49,839 | INFO | GRANULE done | PACE_OCI.20240819T213538.L2.OC_AOP.V3_1.nc | written=1 skip_done=0 no_pix=0 no_spec=0
2026-01-29 16:51:50,027 | INFO | STORE_FLUSH | wrote_obs=1 total_done_obs=14
2026-01-29 16:51:50,028 | INFO | MEM_MB after store flush: 2820.1
2026-01-29 16:51:50,029 | INFO | GRANULE start | PACE_OCI.20240827T193756.L2.OC_AOP.V3_1.nc | rows=1 | mem_mb=2820.09375
2026-01-29 16:51:50,841 | INFO | Rrs dims=('number_of_lines', 'pixels_per_line', 'wavelength_3d') | using spatial dims: number_of_lines, pixels_per_line
2026-01-29 16:51:50,952 | INFO | GRANULE done | PACE_OCI.20240827T193756.L2.OC_AOP.V3_1.nc | written=0 skip_done=0 no_pix=1 no_spec=0
2026-01-29 16:51:50,955 | INFO | GRANULE start | PACE_OCI.20240827T211614.L2.OC_AOP.V3_1.nc | rows=1 | mem_mb=2803.51171875
2026-01-29 16:51:52,270 | INFO | Rrs dims=('number_of_lines', 'pixels_per_line', 'wavelength_3d') | using spatial dims: number_of_lines, pixels_per_line
2026-01-29 16:51:54,491 | INFO | GRANULE done | PACE_OCI.20240827T211614.L2.OC_AOP.V3_1.nc | written=1 skip_done=0 no_pix=0 no_spec=0
2026-01-29 16:51:54,657 | INFO | STORE_FLUSH | wrote_obs=1 total_done_obs=15
2026-01-29 16:51:54,657 | INFO | MEM_MB after store flush: 2828.2
2026-01-29 16:51:54,659 | INFO | GRANULE start | PACE_OCI.20240828T201221.L2.OC_AOP.V3_1.nc | rows=1 | mem_mb=2828.2109375
2026-01-29 16:51:55,466 | INFO | Rrs dims=('number_of_lines', 'pixels_per_line', 'wavelength_3d') | using spatial dims: number_of_lines, pixels_per_line
2026-01-29 16:51:56,904 | INFO | GRANULE done | PACE_OCI.20240828T201221.L2.OC_AOP.V3_1.nc | written=0 skip_done=0 no_pix=1 no_spec=0
2026-01-29 16:51:56,906 | INFO | GRANULE start | PACE_OCI.20240903T202212.L2.OC_AOP.V3_1.nc | rows=1 | mem_mb=2828.22265625
2026-01-29 16:51:57,876 | INFO | Rrs dims=('number_of_lines', 'pixels_per_line', 'wavelength_3d') | using spatial dims: number_of_lines, pixels_per_line
2026-01-29 16:51:58,837 | INFO | GRANULE done | PACE_OCI.20240903T202212.L2.OC_AOP.V3_1.nc | written=1 skip_done=0 no_pix=0 no_spec=0
2026-01-29 16:51:59,008 | INFO | STORE_FLUSH | wrote_obs=1 total_done_obs=16
2026-01-29 16:51:59,008 | INFO | MEM_MB after store flush: 2828.4
2026-01-29 16:51:59,009 | INFO | GRANULE start | PACE_OCI.20240916T193710.L2.OC_AOP.V3_1.nc | rows=1 | mem_mb=2828.35546875
2026-01-29 16:51:59,819 | INFO | Rrs dims=('number_of_lines', 'pixels_per_line', 'wavelength_3d') | using spatial dims: number_of_lines, pixels_per_line
2026-01-29 16:52:00,063 | INFO | GRANULE done | PACE_OCI.20240916T193710.L2.OC_AOP.V3_1.nc | written=0 skip_done=0 no_pix=1 no_spec=0
2026-01-29 16:52:00,065 | INFO | GRANULE start | PACE_OCI.20240923T202039.L2.OC_AOP.V3_1.nc | rows=1 | mem_mb=2828.42578125
2026-01-29 16:52:01,188 | INFO | Rrs dims=('number_of_lines', 'pixels_per_line', 'wavelength_3d') | using spatial dims: number_of_lines, pixels_per_line
2026-01-29 16:52:02,318 | INFO | GRANULE done | PACE_OCI.20240923T202039.L2.OC_AOP.V3_1.nc | written=1 skip_done=0 no_pix=0 no_spec=0
2026-01-29 16:52:02,480 | INFO | STORE_FLUSH | wrote_obs=1 total_done_obs=17
2026-01-29 16:52:02,481 | INFO | MEM_MB after store flush: 2828.6
2026-01-29 16:52:02,482 | INFO | GRANULE start | PACE_OCI.20240930T210357.L2.OC_AOP.V3_1.nc | rows=1 | mem_mb=2828.6171875
2026-01-29 16:52:03,684 | INFO | Rrs dims=('number_of_lines', 'pixels_per_line', 'wavelength_3d') | using spatial dims: number_of_lines, pixels_per_line
2026-01-29 16:52:06,099 | INFO | GRANULE done | PACE_OCI.20240930T210357.L2.OC_AOP.V3_1.nc | written=1 skip_done=0 no_pix=0 no_spec=0
2026-01-29 16:52:06,268 | INFO | STORE_FLUSH | wrote_obs=1 total_done_obs=18
2026-01-29 16:52:06,268 | INFO | MEM_MB after store flush: 2845.2
2026-01-29 16:52:06,270 | INFO | GRANULE start | PACE_OCI.20241007T201341.L2.OC_AOP.V3_1.nc | rows=1 | mem_mb=2845.24609375
2026-01-29 16:52:07,980 | INFO | Rrs dims=('number_of_lines', 'pixels_per_line', 'wavelength_3d') | using spatial dims: number_of_lines, pixels_per_line
2026-01-29 16:52:08,921 | INFO | GRANULE done | PACE_OCI.20241007T201341.L2.OC_AOP.V3_1.nc | written=1 skip_done=0 no_pix=0 no_spec=0
2026-01-29 16:52:09,081 | INFO | STORE_FLUSH | wrote_obs=1 total_done_obs=19
2026-01-29 16:52:09,081 | INFO | MEM_MB after store flush: 2853.4
2026-01-29 16:52:09,082 | INFO | GRANULE start | PACE_OCI.20241014T205621.L2.OC_AOP.V3_1.nc | rows=1 | mem_mb=2853.37109375
2026-01-29 16:52:09,690 | INFO | Rrs dims=('number_of_lines', 'pixels_per_line', 'wavelength_3d') | using spatial dims: number_of_lines, pixels_per_line
2026-01-29 16:52:12,057 | INFO | GRANULE done | PACE_OCI.20241014T205621.L2.OC_AOP.V3_1.nc | written=0 skip_done=0 no_pix=1 no_spec=0
2026-01-29 16:52:12,059 | INFO | GRANULE start | PACE_OCI.20241021T200035.L2.OC_AOP.V3_1.nc | rows=2 | mem_mb=2836.78125
2026-01-29 16:52:12,996 | INFO | Rrs dims=('number_of_lines', 'pixels_per_line', 'wavelength_3d') | using spatial dims: number_of_lines, pixels_per_line
2026-01-29 16:52:14,923 | INFO | STORE_FLUSH | wrote_obs=2 total_done_obs=21
2026-01-29 16:52:14,923 | INFO | MEM_MB after store flush: 2853.6
2026-01-29 16:52:14,927 | INFO | GRANULE done | PACE_OCI.20241021T200035.L2.OC_AOP.V3_1.nc | written=2 skip_done=0 no_pix=0 no_spec=0
2026-01-29 16:52:14,928 | INFO | GRANULE start | PACE_OCI.20241021T213851.L2.OC_AOP.V3_1.nc | rows=1 | mem_mb=2853.58203125
2026-01-29 16:52:16,112 | INFO | Rrs dims=('number_of_lines', 'pixels_per_line', 'wavelength_3d') | using spatial dims: number_of_lines, pixels_per_line
2026-01-29 16:52:17,714 | INFO | GRANULE done | PACE_OCI.20241021T213851.L2.OC_AOP.V3_1.nc | written=0 skip_done=0 no_pix=1 no_spec=0
2026-01-29 16:52:17,717 | INFO | GRANULE start | PACE_OCI.20241104T194742.L2.OC_AOP.V3_1.nc | rows=1 | mem_mb=2893.80859375
2026-01-29 16:52:18,507 | INFO | Rrs dims=('number_of_lines', 'pixels_per_line', 'wavelength_3d') | using spatial dims: number_of_lines, pixels_per_line
2026-01-29 16:52:19,372 | INFO | GRANULE done | PACE_OCI.20241104T194742.L2.OC_AOP.V3_1.nc | written=1 skip_done=0 no_pix=0 no_spec=0
2026-01-29 16:52:20,278 | INFO | STORE_FLUSH | wrote_obs=1 total_done_obs=22
2026-01-29 16:52:20,279 | INFO | MEM_MB after store flush: 2910.5
2026-01-29 16:52:20,280 | INFO | GRANULE start | PACE_OCI.20241104T212559.L2.OC_AOP.V3_1.nc | rows=2 | mem_mb=2910.453125
2026-01-29 16:52:21,697 | INFO | Rrs dims=('number_of_lines', 'pixels_per_line', 'wavelength_3d') | using spatial dims: number_of_lines, pixels_per_line
2026-01-29 16:52:24,619 | INFO | STORE_FLUSH | wrote_obs=2 total_done_obs=24
2026-01-29 16:52:24,620 | INFO | MEM_MB after store flush: 2965.9
2026-01-29 16:52:24,625 | INFO | GRANULE done | PACE_OCI.20241104T212559.L2.OC_AOP.V3_1.nc | written=2 skip_done=0 no_pix=0 no_spec=0
2026-01-29 16:52:24,627 | INFO | GRANULE start | PACE_OCI.20241111T203049.L2.OC_AOP.V3_1.nc | rows=1 | mem_mb=2965.9140625
2026-01-29 16:52:25,542 | INFO | Rrs dims=('number_of_lines', 'pixels_per_line', 'wavelength_3d') | using spatial dims: number_of_lines, pixels_per_line
2026-01-29 16:52:27,366 | INFO | GRANULE done | PACE_OCI.20241111T203049.L2.OC_AOP.V3_1.nc | written=1 skip_done=0 no_pix=0 no_spec=0
2026-01-29 16:52:27,600 | INFO | STORE_FLUSH | wrote_obs=1 total_done_obs=25
2026-01-29 16:52:27,600 | INFO | MEM_MB after store flush: 3054.1
2026-01-29 16:52:27,601 | INFO | GRANULE start | PACE_OCI.20241118T194029.L2.OC_AOP.V3_1.nc | rows=1 | mem_mb=3054.10546875
2026-01-29 16:52:28,483 | INFO | Rrs dims=('number_of_lines', 'pixels_per_line', 'wavelength_3d') | using spatial dims: number_of_lines, pixels_per_line
2026-01-29 16:52:28,577 | INFO | GRANULE done | PACE_OCI.20241118T194029.L2.OC_AOP.V3_1.nc | written=0 skip_done=0 no_pix=1 no_spec=0
2026-01-29 16:52:28,579 | INFO | GRANULE start | PACE_OCI.20241118T211346.L2.OC_AOP.V3_1.nc | rows=1 | mem_mb=3079.06640625
2026-01-29 16:52:29,311 | INFO | Rrs dims=('number_of_lines', 'pixels_per_line', 'wavelength_3d') | using spatial dims: number_of_lines, pixels_per_line
2026-01-29 16:52:30,817 | INFO | GRANULE done | PACE_OCI.20241118T211346.L2.OC_AOP.V3_1.nc | written=0 skip_done=0 no_pix=1 no_spec=0
2026-01-29 16:52:30,819 | INFO | GRANULE start | PACE_OCI.20241125T201826.L2.OC_AOP.V3_1.nc | rows=1 | mem_mb=3191.91015625
2026-01-29 16:52:31,652 | INFO | Rrs dims=('number_of_lines', 'pixels_per_line', 'wavelength_3d') | using spatial dims: number_of_lines, pixels_per_line
2026-01-29 16:52:33,315 | INFO | GRANULE done | PACE_OCI.20241125T201826.L2.OC_AOP.V3_1.nc | written=0 skip_done=0 no_pix=1 no_spec=0
2026-01-29 16:52:33,317 | INFO | GRANULE start | PACE_OCI.20241125T202326.L2.OC_AOP.V3_1.nc | rows=1 | mem_mb=3158.3046875
2026-01-29 16:52:33,877 | INFO | Rrs dims=('number_of_lines', 'pixels_per_line', 'wavelength_3d') | using spatial dims: number_of_lines, pixels_per_line
2026-01-29 16:52:34,724 | INFO | GRANULE done | PACE_OCI.20241125T202326.L2.OC_AOP.V3_1.nc | written=0 skip_done=0 no_pix=1 no_spec=0
2026-01-29 16:52:34,726 | INFO | GRANULE start | PACE_OCI.20241209T201042.L2.OC_AOP.V3_1.nc | rows=1 | mem_mb=3191.3828125
2026-01-29 16:52:35,428 | INFO | Rrs dims=('number_of_lines', 'pixels_per_line', 'wavelength_3d') | using spatial dims: number_of_lines, pixels_per_line
2026-01-29 16:52:36,816 | INFO | GRANULE done | PACE_OCI.20241209T201042.L2.OC_AOP.V3_1.nc | written=1 skip_done=0 no_pix=0 no_spec=0
2026-01-29 16:52:37,009 | INFO | STORE_FLUSH | wrote_obs=1 total_done_obs=26
2026-01-29 16:52:37,010 | INFO | MEM_MB after store flush: 3199.9
2026-01-29 16:52:37,011 | INFO | GRANULE start | PACE_OCI.20241209T214359.L2.OC_AOP.V3_1.nc | rows=1 | mem_mb=3199.91015625
2026-01-29 16:52:37,869 | INFO | Rrs dims=('number_of_lines', 'pixels_per_line', 'wavelength_3d') | using spatial dims: number_of_lines, pixels_per_line
2026-01-29 16:52:39,626 | INFO | GRANULE done | PACE_OCI.20241209T214359.L2.OC_AOP.V3_1.nc | written=1 skip_done=0 no_pix=0 no_spec=0
2026-01-29 16:52:39,794 | INFO | STORE_FLUSH | wrote_obs=1 total_done_obs=27
2026-01-29 16:52:39,794 | INFO | MEM_MB after store flush: 3175.3
2026-01-29 16:52:39,795 | INFO | GRANULE start | PACE_OCI.20241217T195245.L2.OC_AOP.V3_1.nc | rows=1 | mem_mb=3175.29296875
2026-01-29 16:52:40,609 | INFO | Rrs dims=('number_of_lines', 'pixels_per_line', 'wavelength_3d') | using spatial dims: number_of_lines, pixels_per_line
2026-01-29 16:52:40,751 | INFO | GRANULE done | PACE_OCI.20241217T195245.L2.OC_AOP.V3_1.nc | written=0 skip_done=0 no_pix=1 no_spec=0
2026-01-29 16:52:40,754 | INFO | GRANULE start | PACE_OCI.20241217T212605.L2.OC_AOP.V3_1.nc | rows=1 | mem_mb=3191.765625
2026-01-29 16:52:41,696 | INFO | Rrs dims=('number_of_lines', 'pixels_per_line', 'wavelength_3d') | using spatial dims: number_of_lines, pixels_per_line
2026-01-29 16:52:43,662 | INFO | GRANULE done | PACE_OCI.20241217T212605.L2.OC_AOP.V3_1.nc | written=0 skip_done=0 no_pix=1 no_spec=0
2026-01-29 16:52:43,665 | INFO | GRANULE start | PACE_OCI.20241217T213105.L2.OC_AOP.V3_1.nc | rows=1 | mem_mb=3311.81640625
2026-01-29 16:52:44,585 | INFO | Rrs dims=('number_of_lines', 'pixels_per_line', 'wavelength_3d') | using spatial dims: number_of_lines, pixels_per_line
2026-01-29 16:52:46,196 | INFO | GRANULE done | PACE_OCI.20241217T213105.L2.OC_AOP.V3_1.nc | written=1 skip_done=0 no_pix=0 no_spec=0
2026-01-29 16:52:46,368 | INFO | STORE_FLUSH | wrote_obs=1 total_done_obs=28
2026-01-29 16:52:46,368 | INFO | MEM_MB after store flush: 3414.0
2026-01-29 16:52:46,369 | INFO | GRANULE start | PACE_OCI.20241226T201036.L2.OC_AOP.V3_1.nc | rows=1 | mem_mb=3414.02734375
2026-01-29 16:52:47,033 | INFO | Rrs dims=('number_of_lines', 'pixels_per_line', 'wavelength_3d') | using spatial dims: number_of_lines, pixels_per_line
2026-01-29 16:52:47,134 | INFO | GRANULE done | PACE_OCI.20241226T201036.L2.OC_AOP.V3_1.nc | written=0 skip_done=0 no_pix=1 no_spec=0
2026-01-29 16:52:47,136 | INFO | GRANULE start | PACE_OCI.20241226T214355.L2.OC_AOP.V3_1.nc | rows=1 | mem_mb=3380.98046875
2026-01-29 16:52:47,983 | INFO | Rrs dims=('number_of_lines', 'pixels_per_line', 'wavelength_3d') | using spatial dims: number_of_lines, pixels_per_line
2026-01-29 16:52:50,725 | INFO | GRANULE done | PACE_OCI.20241226T214355.L2.OC_AOP.V3_1.nc | written=0 skip_done=0 no_pix=1 no_spec=0
2026-01-29 16:52:50,727 | INFO | GRANULE start | PACE_OCI.20241230T205116.L2.OC_AOP.V3_1.nc | rows=1 | mem_mb=3429.54296875
2026-01-29 16:52:51,526 | INFO | Rrs dims=('number_of_lines', 'pixels_per_line', 'wavelength_3d') | using spatial dims: number_of_lines, pixels_per_line
2026-01-29 16:52:53,666 | INFO | GRANULE done | PACE_OCI.20241230T205116.L2.OC_AOP.V3_1.nc | written=0 skip_done=0 no_pix=1 no_spec=0
2026-01-29 16:52:53,668 | INFO | GRANULE start | PACE_OCI.20250106T195926.L2.OC_AOP.V3_1.nc | rows=1 | mem_mb=3542.375
2026-01-29 16:52:54,274 | INFO | Rrs dims=('number_of_lines', 'pixels_per_line', 'wavelength_3d') | using spatial dims: number_of_lines, pixels_per_line
2026-01-29 16:52:54,421 | INFO | GRANULE done | PACE_OCI.20250106T195926.L2.OC_AOP.V3_1.nc | written=0 skip_done=0 no_pix=1 no_spec=0
2026-01-29 16:52:54,423 | INFO | GRANULE start | PACE_OCI.20250106T213245.L2.OC_AOP.V3_1.nc | rows=1 | mem_mb=3422.48828125
2026-01-29 16:52:55,592 | INFO | Rrs dims=('number_of_lines', 'pixels_per_line', 'wavelength_3d') | using spatial dims: number_of_lines, pixels_per_line
2026-01-29 16:52:57,152 | INFO | GRANULE done | PACE_OCI.20250106T213245.L2.OC_AOP.V3_1.nc | written=0 skip_done=0 no_pix=1 no_spec=0
2026-01-29 16:52:57,155 | INFO | GRANULE start | PACE_OCI.20250106T213745.L2.OC_AOP.V3_1.nc | rows=1 | mem_mb=3397.73046875
2026-01-29 16:52:58,005 | INFO | Rrs dims=('number_of_lines', 'pixels_per_line', 'wavelength_3d') | using spatial dims: number_of_lines, pixels_per_line
2026-01-29 16:52:59,006 | INFO | GRANULE done | PACE_OCI.20250106T213745.L2.OC_AOP.V3_1.nc | written=0 skip_done=0 no_pix=1 no_spec=0
2026-01-29 16:52:59,008 | INFO | GRANULE start | PACE_OCI.20250113T204049.L2.OC_AOP.V3_1.nc | rows=1 | mem_mb=3421.93359375
2026-01-29 16:53:00,053 | INFO | Rrs dims=('number_of_lines', 'pixels_per_line', 'wavelength_3d') | using spatial dims: number_of_lines, pixels_per_line
2026-01-29 16:53:02,111 | INFO | GRANULE done | PACE_OCI.20250113T204049.L2.OC_AOP.V3_1.nc | written=1 skip_done=0 no_pix=0 no_spec=0
2026-01-29 16:53:02,284 | INFO | STORE_FLUSH | wrote_obs=1 total_done_obs=29
2026-01-29 16:53:02,284 | INFO | MEM_MB after store flush: 3558.1
2026-01-29 16:53:02,286 | INFO | GRANULE start | PACE_OCI.20250113T204549.L2.OC_AOP.V3_1.nc | rows=1 | mem_mb=3558.12890625
2026-01-29 16:53:03,186 | INFO | Rrs dims=('number_of_lines', 'pixels_per_line', 'wavelength_3d') | using spatial dims: number_of_lines, pixels_per_line
2026-01-29 16:53:04,118 | INFO | GRANULE done | PACE_OCI.20250113T204549.L2.OC_AOP.V3_1.nc | written=1 skip_done=0 no_pix=0 no_spec=0
2026-01-29 16:53:04,297 | INFO | STORE_FLUSH | wrote_obs=1 total_done_obs=30
2026-01-29 16:53:04,298 | INFO | MEM_MB after store flush: 3495.4
2026-01-29 16:53:04,299 | INFO | GRANULE start | PACE_OCI.20250117T194803.L2.OC_AOP.V3_1.nc | rows=1 | mem_mb=3495.42578125
2026-01-29 16:53:05,023 | INFO | Rrs dims=('number_of_lines', 'pixels_per_line', 'wavelength_3d') | using spatial dims: number_of_lines, pixels_per_line
2026-01-29 16:53:05,243 | INFO | GRANULE done | PACE_OCI.20250117T194803.L2.OC_AOP.V3_1.nc | written=0 skip_done=0 no_pix=1 no_spec=0
2026-01-29 16:53:05,245 | INFO | GRANULE start | PACE_OCI.20250117T212122.L2.OC_AOP.V3_1.nc | rows=1 | mem_mb=3495.4296875
2026-01-29 16:53:06,143 | INFO | Rrs dims=('number_of_lines', 'pixels_per_line', 'wavelength_3d') | using spatial dims: number_of_lines, pixels_per_line
2026-01-29 16:53:08,844 | INFO | GRANULE done | PACE_OCI.20250117T212122.L2.OC_AOP.V3_1.nc | written=0 skip_done=0 no_pix=1 no_spec=0
2026-01-29 16:53:08,847 | INFO | GRANULE start | PACE_OCI.20250121T202337.L2.OC_AOP.V3_1.nc | rows=1 | mem_mb=3495.43359375
2026-01-29 16:53:09,925 | INFO | Rrs dims=('number_of_lines', 'pixels_per_line', 'wavelength_3d') | using spatial dims: number_of_lines, pixels_per_line
2026-01-29 16:53:10,632 | INFO | GRANULE done | PACE_OCI.20250121T202337.L2.OC_AOP.V3_1.nc | written=1 skip_done=0 no_pix=0 no_spec=0
2026-01-29 16:53:10,787 | INFO | STORE_FLUSH | wrote_obs=1 total_done_obs=31
2026-01-29 16:53:10,787 | INFO | MEM_MB after store flush: 3495.4
2026-01-29 16:53:10,788 | INFO | GRANULE start | PACE_OCI.20250121T202837.L2.OC_AOP.V3_1.nc | rows=1 | mem_mb=3495.43359375
2026-01-29 16:53:11,466 | INFO | Rrs dims=('number_of_lines', 'pixels_per_line', 'wavelength_3d') | using spatial dims: number_of_lines, pixels_per_line
2026-01-29 16:53:12,217 | INFO | GRANULE done | PACE_OCI.20250121T202837.L2.OC_AOP.V3_1.nc | written=0 skip_done=0 no_pix=1 no_spec=0
2026-01-29 16:53:12,219 | INFO | GRANULE start | PACE_OCI.20250129T200618.L2.OC_AOP.V3_1.nc | rows=1 | mem_mb=3495.4375
2026-01-29 16:53:13,686 | INFO | Rrs dims=('number_of_lines', 'pixels_per_line', 'wavelength_3d') | using spatial dims: number_of_lines, pixels_per_line
2026-01-29 16:53:14,877 | INFO | GRANULE done | PACE_OCI.20250129T200618.L2.OC_AOP.V3_1.nc | written=0 skip_done=0 no_pix=1 no_spec=0
2026-01-29 16:53:14,879 | INFO | GRANULE start | PACE_OCI.20250129T214436.L2.OC_AOP.V3_1.nc | rows=1 | mem_mb=3495.4375
2026-01-29 16:53:15,918 | INFO | Rrs dims=('number_of_lines', 'pixels_per_line', 'wavelength_3d') | using spatial dims: number_of_lines, pixels_per_line
2026-01-29 16:53:17,975 | INFO | GRANULE done | PACE_OCI.20250129T214436.L2.OC_AOP.V3_1.nc | written=0 skip_done=0 no_pix=1 no_spec=0
2026-01-29 16:53:17,977 | INFO | GRANULE start | PACE_OCI.20250203T194309.L2.OC_AOP.V3_1.nc | rows=1 | mem_mb=3495.44140625
2026-01-29 16:53:18,697 | INFO | Rrs dims=('number_of_lines', 'pixels_per_line', 'wavelength_3d') | using spatial dims: number_of_lines, pixels_per_line
2026-01-29 16:53:19,465 | INFO | GRANULE done | PACE_OCI.20250203T194309.L2.OC_AOP.V3_1.nc | written=0 skip_done=0 no_pix=1 no_spec=0
2026-01-29 16:53:19,467 | INFO | GRANULE start | PACE_OCI.20250203T212128.L2.OC_AOP.V3_1.nc | rows=1 | mem_mb=3495.45703125
2026-01-29 16:53:20,458 | INFO | Rrs dims=('number_of_lines', 'pixels_per_line', 'wavelength_3d') | using spatial dims: number_of_lines, pixels_per_line
2026-01-29 16:53:22,666 | INFO | GRANULE done | PACE_OCI.20250203T212128.L2.OC_AOP.V3_1.nc | written=0 skip_done=0 no_pix=1 no_spec=0
2026-01-29 16:53:22,668 | INFO | GRANULE start | PACE_OCI.20250211T210925.L2.OC_AOP.V3_1.nc | rows=1 | mem_mb=3495.48046875
2026-01-29 16:53:23,598 | INFO | Rrs dims=('number_of_lines', 'pixels_per_line', 'wavelength_3d') | using spatial dims: number_of_lines, pixels_per_line
2026-01-29 16:53:24,700 | INFO | GRANULE done | PACE_OCI.20250211T210925.L2.OC_AOP.V3_1.nc | written=0 skip_done=0 no_pix=1 no_spec=0
2026-01-29 16:53:24,702 | INFO | GRANULE start | PACE_OCI.20250218T202319.L2.OC_AOP.V3_1.nc | rows=1 | mem_mb=3495.484375
2026-01-29 16:53:25,299 | INFO | Rrs dims=('number_of_lines', 'pixels_per_line', 'wavelength_3d') | using spatial dims: number_of_lines, pixels_per_line
2026-01-29 16:53:25,829 | INFO | GRANULE done | PACE_OCI.20250218T202319.L2.OC_AOP.V3_1.nc | written=0 skip_done=0 no_pix=1 no_spec=0
2026-01-29 16:53:25,832 | INFO | GRANULE start | PACE_OCI.20250221T203139.L2.OC_AOP.V3_1.nc | rows=1 | mem_mb=3495.48828125
2026-01-29 16:53:26,739 | INFO | Rrs dims=('number_of_lines', 'pixels_per_line', 'wavelength_3d') | using spatial dims: number_of_lines, pixels_per_line
2026-01-29 16:53:27,950 | INFO | GRANULE done | PACE_OCI.20250221T203139.L2.OC_AOP.V3_1.nc | written=1 skip_done=0 no_pix=0 no_spec=0
2026-01-29 16:53:28,115 | INFO | STORE_FLUSH | wrote_obs=1 total_done_obs=32
2026-01-29 16:53:28,115 | INFO | MEM_MB after store flush: 3503.7
2026-01-29 16:53:28,116 | INFO | GRANULE start | PACE_OCI.20250224T203956.L2.OC_AOP.V3_1.nc | rows=1 | mem_mb=3503.671875
2026-01-29 16:53:29,064 | INFO | Rrs dims=('number_of_lines', 'pixels_per_line', 'wavelength_3d') | using spatial dims: number_of_lines, pixels_per_line
2026-01-29 16:53:30,331 | INFO | GRANULE done | PACE_OCI.20250224T203956.L2.OC_AOP.V3_1.nc | written=0 skip_done=0 no_pix=1 no_spec=0
2026-01-29 16:53:30,334 | INFO | GRANULE start | PACE_OCI.20250303T195336.L2.OC_AOP.V3_1.nc | rows=1 | mem_mb=3503.66796875
2026-01-29 16:53:31,684 | INFO | Rrs dims=('number_of_lines', 'pixels_per_line', 'wavelength_3d') | using spatial dims: number_of_lines, pixels_per_line
2026-01-29 16:53:31,859 | INFO | GRANULE done | PACE_OCI.20250303T195336.L2.OC_AOP.V3_1.nc | written=1 skip_done=0 no_pix=0 no_spec=0
2026-01-29 16:53:32,017 | INFO | STORE_FLUSH | wrote_obs=1 total_done_obs=33
2026-01-29 16:53:32,017 | INFO | MEM_MB after store flush: 3503.7
2026-01-29 16:53:32,018 | INFO | GRANULE start | PACE_OCI.20250303T213158.L2.OC_AOP.V3_1.nc | rows=1 | mem_mb=3503.67578125
2026-01-29 16:53:32,965 | INFO | Rrs dims=('number_of_lines', 'pixels_per_line', 'wavelength_3d') | using spatial dims: number_of_lines, pixels_per_line
2026-01-29 16:53:33,908 | INFO | GRANULE done | PACE_OCI.20250303T213158.L2.OC_AOP.V3_1.nc | written=1 skip_done=0 no_pix=0 no_spec=0
2026-01-29 16:53:34,080 | INFO | STORE_FLUSH | wrote_obs=1 total_done_obs=34
2026-01-29 16:53:34,080 | INFO | MEM_MB after store flush: 3503.7
2026-01-29 16:53:34,082 | INFO | GRANULE start | PACE_OCI.20250310T204032.L2.OC_AOP.V3_1.nc | rows=1 | mem_mb=3503.6875
2026-01-29 16:53:35,231 | INFO | Rrs dims=('number_of_lines', 'pixels_per_line', 'wavelength_3d') | using spatial dims: number_of_lines, pixels_per_line
2026-01-29 16:53:36,791 | INFO | GRANULE done | PACE_OCI.20250310T204032.L2.OC_AOP.V3_1.nc | written=0 skip_done=0 no_pix=1 no_spec=0
2026-01-29 16:53:36,793 | INFO | GRANULE start | PACE_OCI.20250310T204532.L2.OC_AOP.V3_1.nc | rows=1 | mem_mb=3503.6953125
2026-01-29 16:53:37,773 | INFO | Rrs dims=('number_of_lines', 'pixels_per_line', 'wavelength_3d') | using spatial dims: number_of_lines, pixels_per_line
2026-01-29 16:53:38,798 | INFO | GRANULE done | PACE_OCI.20250310T204532.L2.OC_AOP.V3_1.nc | written=0 skip_done=0 no_pix=1 no_spec=0
2026-01-29 16:53:38,800 | INFO | GRANULE start | PACE_OCI.20250317T195400.L2.OC_AOP.V3_1.nc | rows=1 | mem_mb=3503.703125
2026-01-29 16:53:39,572 | INFO | Rrs dims=('number_of_lines', 'pixels_per_line', 'wavelength_3d') | using spatial dims: number_of_lines, pixels_per_line
2026-01-29 16:53:40,716 | INFO | GRANULE done | PACE_OCI.20250317T195400.L2.OC_AOP.V3_1.nc | written=0 skip_done=0 no_pix=1 no_spec=0
2026-01-29 16:53:40,718 | INFO | GRANULE start | PACE_OCI.20250317T195900.L2.OC_AOP.V3_1.nc | rows=1 | mem_mb=3520.3125
2026-01-29 16:53:41,559 | INFO | Rrs dims=('number_of_lines', 'pixels_per_line', 'wavelength_3d') | using spatial dims: number_of_lines, pixels_per_line
2026-01-29 16:53:42,128 | INFO | GRANULE done | PACE_OCI.20250317T195900.L2.OC_AOP.V3_1.nc | written=0 skip_done=0 no_pix=1 no_spec=0
2026-01-29 16:53:42,130 | INFO | GRANULE start | PACE_OCI.20250319T210500.L2.OC_AOP.V3_1.nc | rows=1 | mem_mb=3520.328125
2026-01-29 16:53:43,227 | INFO | Rrs dims=('number_of_lines', 'pixels_per_line', 'wavelength_3d') | using spatial dims: number_of_lines, pixels_per_line
2026-01-29 16:53:45,374 | INFO | GRANULE done | PACE_OCI.20250319T210500.L2.OC_AOP.V3_1.nc | written=0 skip_done=0 no_pix=1 no_spec=0
2026-01-29 16:53:45,376 | INFO | GRANULE start | PACE_OCI.20250324T204538.L2.OC_AOP.V3_1.nc | rows=1 | mem_mb=3503.72265625
2026-01-29 16:53:46,562 | INFO | Rrs dims=('number_of_lines', 'pixels_per_line', 'wavelength_3d') | using spatial dims: number_of_lines, pixels_per_line
2026-01-29 16:53:48,175 | INFO | GRANULE done | PACE_OCI.20250324T204538.L2.OC_AOP.V3_1.nc | written=1 skip_done=0 no_pix=0 no_spec=0
2026-01-29 16:53:48,339 | INFO | STORE_FLUSH | wrote_obs=1 total_done_obs=35
2026-01-29 16:53:48,339 | INFO | MEM_MB after store flush: 3512.0
2026-01-29 16:53:48,341 | INFO | GRANULE start | PACE_OCI.20250414T200235.L2.OC_AOP.V3_1.nc | rows=1 | mem_mb=3512.02734375
2026-01-29 16:53:49,273 | INFO | Rrs dims=('number_of_lines', 'pixels_per_line', 'wavelength_3d') | using spatial dims: number_of_lines, pixels_per_line
2026-01-29 16:53:49,561 | INFO | GRANULE done | PACE_OCI.20250414T200235.L2.OC_AOP.V3_1.nc | written=0 skip_done=0 no_pix=1 no_spec=0
2026-01-29 16:53:49,563 | INFO | GRANULE start | PACE_OCI.20250421T205331.L2.OC_AOP.V3_1.nc | rows=1 | mem_mb=3528.62890625
2026-01-29 16:53:50,307 | INFO | Rrs dims=('number_of_lines', 'pixels_per_line', 'wavelength_3d') | using spatial dims: number_of_lines, pixels_per_line
2026-01-29 16:53:51,793 | INFO | GRANULE done | PACE_OCI.20250421T205331.L2.OC_AOP.V3_1.nc | written=0 skip_done=0 no_pix=1 no_spec=0
2026-01-29 16:53:51,795 | INFO | GRANULE start | PACE_OCI.20250428T200553.L2.OC_AOP.V3_1.nc | rows=1 | mem_mb=3512.02734375
2026-01-29 16:53:52,543 | INFO | Rrs dims=('number_of_lines', 'pixels_per_line', 'wavelength_3d') | using spatial dims: number_of_lines, pixels_per_line
2026-01-29 16:53:52,644 | INFO | GRANULE done | PACE_OCI.20250428T200553.L2.OC_AOP.V3_1.nc | written=1 skip_done=0 no_pix=0 no_spec=0
2026-01-29 16:53:52,824 | INFO | STORE_FLUSH | wrote_obs=1 total_done_obs=36
2026-01-29 16:53:52,824 | INFO | MEM_MB after store flush: 3512.0
2026-01-29 16:53:52,825 | INFO | GRANULE start | PACE_OCI.20250428T213915.L2.OC_AOP.V3_1.nc | rows=1 | mem_mb=3512.0390625
2026-01-29 16:53:53,962 | INFO | Rrs dims=('number_of_lines', 'pixels_per_line', 'wavelength_3d') | using spatial dims: number_of_lines, pixels_per_line
2026-01-29 16:53:56,510 | INFO | GRANULE done | PACE_OCI.20250428T213915.L2.OC_AOP.V3_1.nc | written=1 skip_done=0 no_pix=0 no_spec=0
2026-01-29 16:53:56,676 | INFO | STORE_FLUSH | wrote_obs=1 total_done_obs=37
2026-01-29 16:53:56,676 | INFO | MEM_MB after store flush: 3495.6
2026-01-29 16:53:56,677 | INFO | GRANULE start | PACE_OCI.20250505T205126.L2.OC_AOP.V3_1.nc | rows=1 | mem_mb=3495.57421875
2026-01-29 16:53:57,934 | INFO | Rrs dims=('number_of_lines', 'pixels_per_line', 'wavelength_3d') | using spatial dims: number_of_lines, pixels_per_line
2026-01-29 16:54:00,652 | INFO | GRANULE done | PACE_OCI.20250505T205126.L2.OC_AOP.V3_1.nc | written=1 skip_done=0 no_pix=0 no_spec=0
2026-01-29 16:54:00,843 | INFO | STORE_FLUSH | wrote_obs=1 total_done_obs=38
2026-01-29 16:54:00,844 | INFO | MEM_MB after store flush: 3495.6
2026-01-29 16:54:00,845 | INFO | GRANULE start | PACE_OCI.20250513T203847.L2.OC_AOP.V3_1.nc | rows=1 | mem_mb=3495.5859375
2026-01-29 16:54:01,838 | INFO | Rrs dims=('number_of_lines', 'pixels_per_line', 'wavelength_3d') | using spatial dims: number_of_lines, pixels_per_line
2026-01-29 16:54:03,667 | INFO | GRANULE done | PACE_OCI.20250513T203847.L2.OC_AOP.V3_1.nc | written=1 skip_done=0 no_pix=0 no_spec=0
2026-01-29 16:54:03,842 | INFO | STORE_FLUSH | wrote_obs=1 total_done_obs=39
2026-01-29 16:54:03,842 | INFO | MEM_MB after store flush: 3495.6
2026-01-29 16:54:03,843 | INFO | GRANULE start | PACE_OCI.20250519T205402.L2.OC_AOP.V3_1.nc | rows=1 | mem_mb=3495.59375
2026-01-29 16:54:04,776 | INFO | Rrs dims=('number_of_lines', 'pixels_per_line', 'wavelength_3d') | using spatial dims: number_of_lines, pixels_per_line
2026-01-29 16:54:07,892 | INFO | GRANULE done | PACE_OCI.20250519T205402.L2.OC_AOP.V3_1.nc | written=0 skip_done=0 no_pix=1 no_spec=0
2026-01-29 16:54:07,894 | INFO | GRANULE start | PACE_OCI.20250527T204128.L2.OC_AOP.V3_1.nc | rows=1 | mem_mb=3495.59765625
2026-01-29 16:54:09,159 | INFO | Rrs dims=('number_of_lines', 'pixels_per_line', 'wavelength_3d') | using spatial dims: number_of_lines, pixels_per_line
2026-01-29 16:54:10,657 | INFO | GRANULE done | PACE_OCI.20250527T204128.L2.OC_AOP.V3_1.nc | written=1 skip_done=0 no_pix=0 no_spec=0
2026-01-29 16:54:11,357 | INFO | STORE_FLUSH | wrote_obs=1 total_done_obs=40
2026-01-29 16:54:11,357 | INFO | MEM_MB after store flush: 3512.1
2026-01-29 16:54:11,358 | INFO | GRANULE start | PACE_OCI.20250602T205630.L2.OC_AOP.V3_1.nc | rows=1 | mem_mb=3512.11328125
2026-01-29 16:54:12,586 | INFO | Rrs dims=('number_of_lines', 'pixels_per_line', 'wavelength_3d') | using spatial dims: number_of_lines, pixels_per_line
2026-01-29 16:54:13,858 | INFO | GRANULE done | PACE_OCI.20250602T205630.L2.OC_AOP.V3_1.nc | written=0 skip_done=0 no_pix=1 no_spec=0
2026-01-29 16:54:13,860 | INFO | GRANULE start | PACE_OCI.20250609T200821.L2.OC_AOP.V3_1.nc | rows=1 | mem_mb=3512.203125
2026-01-29 16:54:15,185 | INFO | Rrs dims=('number_of_lines', 'pixels_per_line', 'wavelength_3d') | using spatial dims: number_of_lines, pixels_per_line
2026-01-29 16:54:15,543 | INFO | GRANULE done | PACE_OCI.20250609T200821.L2.OC_AOP.V3_1.nc | written=0 skip_done=0 no_pix=1 no_spec=0
2026-01-29 16:54:15,545 | INFO | GRANULE start | PACE_OCI.20250623T200956.L2.OC_AOP.V3_1.nc | rows=1 | mem_mb=3512.21484375
2026-01-29 16:54:16,413 | INFO | Rrs dims=('number_of_lines', 'pixels_per_line', 'wavelength_3d') | using spatial dims: number_of_lines, pixels_per_line
2026-01-29 16:54:17,334 | INFO | GRANULE done | PACE_OCI.20250623T200956.L2.OC_AOP.V3_1.nc | written=0 skip_done=0 no_pix=1 no_spec=0
2026-01-29 16:54:17,336 | INFO | GRANULE start | PACE_OCI.20250623T214817.L2.OC_AOP.V3_1.nc | rows=1 | mem_mb=3512.33203125
2026-01-29 16:54:18,440 | INFO | Rrs dims=('number_of_lines', 'pixels_per_line', 'wavelength_3d') | using spatial dims: number_of_lines, pixels_per_line
2026-01-29 16:54:19,566 | INFO | GRANULE done | PACE_OCI.20250623T214817.L2.OC_AOP.V3_1.nc | written=0 skip_done=0 no_pix=1 no_spec=0
2026-01-29 16:54:19,568 | INFO | GRANULE start | PACE_OCI.20250630T205942.L2.OC_AOP.V3_1.nc | rows=1 | mem_mb=3529.1171875
2026-01-29 16:54:20,456 | INFO | Rrs dims=('number_of_lines', 'pixels_per_line', 'wavelength_3d') | using spatial dims: number_of_lines, pixels_per_line
2026-01-29 16:54:21,057 | INFO | GRANULE done | PACE_OCI.20250630T205942.L2.OC_AOP.V3_1.nc | written=0 skip_done=0 no_pix=1 no_spec=0
2026-01-29 16:54:21,059 | INFO | GRANULE start | PACE_OCI.20250707T201101.L2.OC_AOP.V3_1.nc | rows=1 | mem_mb=3512.7578125
2026-01-29 16:54:21,965 | INFO | Rrs dims=('number_of_lines', 'pixels_per_line', 'wavelength_3d') | using spatial dims: number_of_lines, pixels_per_line
2026-01-29 16:54:22,657 | INFO | GRANULE done | PACE_OCI.20250707T201101.L2.OC_AOP.V3_1.nc | written=0 skip_done=0 no_pix=1 no_spec=0
2026-01-29 16:54:22,659 | INFO | GRANULE start | PACE_OCI.20250714T210033.L2.OC_AOP.V3_1.nc | rows=1 | mem_mb=3496.171875
2026-01-29 16:54:23,792 | INFO | Rrs dims=('number_of_lines', 'pixels_per_line', 'wavelength_3d') | using spatial dims: number_of_lines, pixels_per_line
2026-01-29 16:54:24,057 | INFO | GRANULE done | PACE_OCI.20250714T210033.L2.OC_AOP.V3_1.nc | written=0 skip_done=0 no_pix=1 no_spec=0
2026-01-29 16:54:24,059 | INFO | GRANULE start | PACE_OCI.20250721T201138.L2.OC_AOP.V3_1.nc | rows=1 | mem_mb=3512.6875
2026-01-29 16:54:24,840 | INFO | Rrs dims=('number_of_lines', 'pixels_per_line', 'wavelength_3d') | using spatial dims: number_of_lines, pixels_per_line
2026-01-29 16:54:25,571 | INFO | GRANULE done | PACE_OCI.20250721T201138.L2.OC_AOP.V3_1.nc | written=0 skip_done=0 no_pix=1 no_spec=0
2026-01-29 16:54:25,573 | INFO | GRANULE start | PACE_OCI.20250721T214958.L2.OC_AOP.V3_1.nc | rows=1 | mem_mb=3512.8671875
2026-01-29 16:54:26,813 | INFO | Rrs dims=('number_of_lines', 'pixels_per_line', 'wavelength_3d') | using spatial dims: number_of_lines, pixels_per_line
2026-01-29 16:54:29,489 | INFO | GRANULE done | PACE_OCI.20250721T214958.L2.OC_AOP.V3_1.nc | written=1 skip_done=0 no_pix=0 no_spec=0
2026-01-29 16:54:29,662 | INFO | STORE_FLUSH | wrote_obs=1 total_done_obs=41
2026-01-29 16:54:29,662 | INFO | MEM_MB after store flush: 3513.0
2026-01-29 16:54:29,664 | INFO | GRANULE start | PACE_OCI.20250725T205353.L2.OC_AOP.V3_1.nc | rows=1 | mem_mb=3513.03125
2026-01-29 16:54:30,648 | INFO | Rrs dims=('number_of_lines', 'pixels_per_line', 'wavelength_3d') | using spatial dims: number_of_lines, pixels_per_line
2026-01-29 16:54:31,422 | INFO | GRANULE done | PACE_OCI.20250725T205353.L2.OC_AOP.V3_1.nc | written=0 skip_done=0 no_pix=1 no_spec=0
2026-01-29 16:54:31,424 | INFO | GRANULE start | PACE_OCI.20250728T210056.L2.OC_AOP.V3_1.nc | rows=1 | mem_mb=3513.04296875
2026-01-29 16:54:32,165 | INFO | Rrs dims=('number_of_lines', 'pixels_per_line', 'wavelength_3d') | using spatial dims: number_of_lines, pixels_per_line
2026-01-29 16:54:34,962 | INFO | GRANULE done | PACE_OCI.20250728T210056.L2.OC_AOP.V3_1.nc | written=1 skip_done=0 no_pix=0 no_spec=0
2026-01-29 16:54:35,148 | INFO | STORE_FLUSH | wrote_obs=1 total_done_obs=42
2026-01-29 16:54:35,148 | INFO | MEM_MB after store flush: 3513.1
2026-01-29 16:54:35,149 | INFO | GRANULE start | PACE_OCI.20250806T194840.L2.OC_AOP.V3_1.nc | rows=1 | mem_mb=3513.06640625
2026-01-29 16:54:35,852 | INFO | Rrs dims=('number_of_lines', 'pixels_per_line', 'wavelength_3d') | using spatial dims: number_of_lines, pixels_per_line
2026-01-29 16:54:35,951 | INFO | GRANULE done | PACE_OCI.20250806T194840.L2.OC_AOP.V3_1.nc | written=0 skip_done=0 no_pix=1 no_spec=0
2026-01-29 16:54:35,953 | INFO | GRANULE start | PACE_OCI.20250811T210050.L2.OC_AOP.V3_1.nc | rows=1 | mem_mb=3513.078125
2026-01-29 16:54:36,726 | INFO | Rrs dims=('number_of_lines', 'pixels_per_line', 'wavelength_3d') | using spatial dims: number_of_lines, pixels_per_line
2026-01-29 16:54:37,512 | INFO | GRANULE done | PACE_OCI.20250811T210050.L2.OC_AOP.V3_1.nc | written=0 skip_done=0 no_pix=1 no_spec=0
2026-01-29 16:54:37,514 | INFO | GRANULE start | PACE_OCI.20250821T202323.L2.OC_AOP.V3_1.nc | rows=1 | mem_mb=3529.7734375
2026-01-29 16:54:38,426 | INFO | Rrs dims=('number_of_lines', 'pixels_per_line', 'wavelength_3d') | using spatial dims: number_of_lines, pixels_per_line
2026-01-29 16:54:40,632 | INFO | GRANULE done | PACE_OCI.20250821T202323.L2.OC_AOP.V3_1.nc | written=1 skip_done=0 no_pix=0 no_spec=0
2026-01-29 16:54:40,800 | INFO | STORE_FLUSH | wrote_obs=1 total_done_obs=43
2026-01-29 16:54:40,801 | INFO | MEM_MB after store flush: 3546.6
2026-01-29 16:54:40,802 | INFO | GRANULE start | PACE_OCI.20250825T210521.L2.OC_AOP.V3_1.nc | rows=1 | mem_mb=3546.55078125
2026-01-29 16:54:42,020 | INFO | Rrs dims=('number_of_lines', 'pixels_per_line', 'wavelength_3d') | using spatial dims: number_of_lines, pixels_per_line
2026-01-29 16:54:44,344 | INFO | GRANULE done | PACE_OCI.20250825T210521.L2.OC_AOP.V3_1.nc | written=0 skip_done=0 no_pix=1 no_spec=0
2026-01-29 16:54:44,346 | INFO | GRANULE start | PACE_OCI.20250908T210429.L2.OC_AOP.V3_1.nc | rows=1 | mem_mb=3496.8984375
2026-01-29 16:54:45,170 | INFO | Rrs dims=('number_of_lines', 'pixels_per_line', 'wavelength_3d') | using spatial dims: number_of_lines, pixels_per_line
2026-01-29 16:54:46,986 | INFO | GRANULE done | PACE_OCI.20250908T210429.L2.OC_AOP.V3_1.nc | written=0 skip_done=0 no_pix=1 no_spec=0
2026-01-29 16:54:46,989 | INFO | GRANULE start | PACE_OCI.20250915T201441.L2.OC_AOP.V3_1.nc | rows=1 | mem_mb=3513.375
2026-01-29 16:54:47,879 | INFO | Rrs dims=('number_of_lines', 'pixels_per_line', 'wavelength_3d') | using spatial dims: number_of_lines, pixels_per_line
2026-01-29 16:54:49,170 | INFO | GRANULE done | PACE_OCI.20250915T201441.L2.OC_AOP.V3_1.nc | written=1 skip_done=0 no_pix=0 no_spec=0
2026-01-29 16:54:49,351 | INFO | STORE_FLUSH | wrote_obs=1 total_done_obs=44
2026-01-29 16:54:49,351 | INFO | MEM_MB after store flush: 3513.5
2026-01-29 16:54:49,352 | INFO | GRANULE start | PACE_OCI.20250922T210311.L2.OC_AOP.V3_1.nc | rows=1 | mem_mb=3513.45703125
2026-01-29 16:54:50,490 | INFO | Rrs dims=('number_of_lines', 'pixels_per_line', 'wavelength_3d') | using spatial dims: number_of_lines, pixels_per_line
2026-01-29 16:54:52,055 | INFO | GRANULE done | PACE_OCI.20250922T210311.L2.OC_AOP.V3_1.nc | written=1 skip_done=0 no_pix=0 no_spec=0
2026-01-29 16:54:52,223 | INFO | STORE_FLUSH | wrote_obs=1 total_done_obs=45
2026-01-29 16:54:52,223 | INFO | MEM_MB after store flush: 3505.2
2026-01-29 16:54:52,224 | INFO | GRANULE start | PACE_OCI.20250929T201315.L2.OC_AOP.V3_1.nc | rows=2 | mem_mb=3505.171875
2026-01-29 16:54:53,234 | INFO | Rrs dims=('number_of_lines', 'pixels_per_line', 'wavelength_3d') | using spatial dims: number_of_lines, pixels_per_line
2026-01-29 16:54:54,461 | INFO | GRANULE done | PACE_OCI.20250929T201315.L2.OC_AOP.V3_1.nc | written=0 skip_done=0 no_pix=2 no_spec=0
2026-01-29 16:54:54,463 | INFO | GRANULE start | PACE_OCI.20250929T201815.L2.OC_AOP.V3_1.nc | rows=2 | mem_mb=3513.4921875
2026-01-29 16:54:55,234 | INFO | Rrs dims=('number_of_lines', 'pixels_per_line', 'wavelength_3d') | using spatial dims: number_of_lines, pixels_per_line
2026-01-29 16:54:56,486 | INFO | GRANULE done | PACE_OCI.20250929T201815.L2.OC_AOP.V3_1.nc | written=0 skip_done=0 no_pix=2 no_spec=0
2026-01-29 16:54:56,488 | INFO | GRANULE start | PACE_OCI.20251006T210127.L2.OC_AOP.V3_1.nc | rows=1 | mem_mb=3497.07421875
2026-01-29 16:54:57,374 | INFO | Rrs dims=('number_of_lines', 'pixels_per_line', 'wavelength_3d') | using spatial dims: number_of_lines, pixels_per_line
2026-01-29 16:54:58,775 | INFO | GRANULE done | PACE_OCI.20251006T210127.L2.OC_AOP.V3_1.nc | written=1 skip_done=0 no_pix=0 no_spec=0
2026-01-29 16:54:58,962 | INFO | STORE_FLUSH | wrote_obs=1 total_done_obs=46
2026-01-29 16:54:58,962 | INFO | MEM_MB after store flush: 3497.2
2026-01-29 16:54:58,963 | INFO | GRANULE start | PACE_OCI.20251006T210627.L2.OC_AOP.V3_1.nc | rows=1 | mem_mb=3497.1640625
2026-01-29 16:54:59,760 | INFO | Rrs dims=('number_of_lines', 'pixels_per_line', 'wavelength_3d') | using spatial dims: number_of_lines, pixels_per_line
2026-01-29 16:55:01,269 | INFO | GRANULE done | PACE_OCI.20251006T210627.L2.OC_AOP.V3_1.nc | written=1 skip_done=0 no_pix=0 no_spec=0
2026-01-29 16:55:01,461 | INFO | STORE_FLUSH | wrote_obs=1 total_done_obs=47
2026-01-29 16:55:01,462 | INFO | MEM_MB after store flush: 3505.4
2026-01-29 16:55:01,463 | INFO | GRANULE start | PACE_OCI.20251014T205110.L2.OC_AOP.V3_1.nc | rows=1 | mem_mb=3505.3671875
2026-01-29 16:55:02,379 | INFO | Rrs dims=('number_of_lines', 'pixels_per_line', 'wavelength_3d') | using spatial dims: number_of_lines, pixels_per_line
2026-01-29 16:55:03,995 | INFO | GRANULE done | PACE_OCI.20251014T205110.L2.OC_AOP.V3_1.nc | written=0 skip_done=0 no_pix=1 no_spec=0
2026-01-29 16:55:03,999 | INFO | GRANULE start | PACE_OCI.20251020T210415.L2.OC_AOP.V3_1.nc | rows=1 | mem_mb=3513.71484375
2026-01-29 16:55:05,034 | INFO | Rrs dims=('number_of_lines', 'pixels_per_line', 'wavelength_3d') | using spatial dims: number_of_lines, pixels_per_line
2026-01-29 16:55:06,716 | INFO | GRANULE done | PACE_OCI.20251020T210415.L2.OC_AOP.V3_1.nc | written=1 skip_done=0 no_pix=0 no_spec=0
2026-01-29 16:55:06,899 | INFO | STORE_FLUSH | wrote_obs=1 total_done_obs=48
2026-01-29 16:55:06,899 | INFO | MEM_MB after store flush: 3530.5
2026-01-29 16:55:06,900 | INFO | GRANULE start | PACE_OCI.20251027T201353.L2.OC_AOP.V3_1.nc | rows=1 | mem_mb=3530.52734375
2026-01-29 16:55:07,427 | INFO | Rrs dims=('number_of_lines', 'pixels_per_line', 'wavelength_3d') | using spatial dims: number_of_lines, pixels_per_line
2026-01-29 16:55:08,746 | INFO | GRANULE done | PACE_OCI.20251027T201353.L2.OC_AOP.V3_1.nc | written=1 skip_done=0 no_pix=0 no_spec=0
2026-01-29 16:55:08,924 | INFO | STORE_FLUSH | wrote_obs=1 total_done_obs=49
2026-01-29 16:55:08,924 | INFO | MEM_MB after store flush: 3530.7
2026-01-29 16:55:08,925 | INFO | GRANULE start | PACE_OCI.20251029T194526.L2.OC_AOP.V3_1.nc | rows=1 | mem_mb=3530.7109375
2026-01-29 16:55:09,450 | INFO | Rrs dims=('number_of_lines', 'pixels_per_line', 'wavelength_3d') | using spatial dims: number_of_lines, pixels_per_line
2026-01-29 16:55:10,236 | INFO | GRANULE done | PACE_OCI.20251029T194526.L2.OC_AOP.V3_1.nc | written=1 skip_done=0 no_pix=0 no_spec=0
2026-01-29 16:55:10,419 | INFO | STORE_FLUSH | wrote_obs=1 total_done_obs=50
2026-01-29 16:55:10,419 | INFO | MEM_MB after store flush: 3506.0
2026-01-29 16:55:10,420 | INFO | GRANULE start | PACE_OCI.20251029T212346.L2.OC_AOP.V3_1.nc | rows=1 | mem_mb=3505.96875
2026-01-29 16:55:11,110 | INFO | Rrs dims=('number_of_lines', 'pixels_per_line', 'wavelength_3d') | using spatial dims: number_of_lines, pixels_per_line
2026-01-29 16:55:12,435 | INFO | GRANULE done | PACE_OCI.20251029T212346.L2.OC_AOP.V3_1.nc | written=1 skip_done=0 no_pix=0 no_spec=0
2026-01-29 16:55:12,620 | INFO | STORE_FLUSH | wrote_obs=1 total_done_obs=51
2026-01-29 16:55:12,621 | INFO | MEM_MB after store flush: 3522.5
2026-01-29 16:55:12,622 | INFO | GRANULE start | PACE_OCI.20251103T210147.L2.OC_AOP.V3_1.nc | rows=1 | mem_mb=3522.53125
2026-01-29 16:55:13,435 | INFO | Rrs dims=('number_of_lines', 'pixels_per_line', 'wavelength_3d') | using spatial dims: number_of_lines, pixels_per_line
2026-01-29 16:55:14,642 | INFO | GRANULE done | PACE_OCI.20251103T210147.L2.OC_AOP.V3_1.nc | written=0 skip_done=0 no_pix=1 no_spec=0
2026-01-29 16:55:14,645 | INFO | GRANULE start | PACE_OCI.20251112T194253.L2.OC_AOP.V3_1.nc | rows=1 | mem_mb=3530.87890625
2026-01-29 16:55:15,424 | INFO | Rrs dims=('number_of_lines', 'pixels_per_line', 'wavelength_3d') | using spatial dims: number_of_lines, pixels_per_line
2026-01-29 16:55:15,847 | INFO | GRANULE done | PACE_OCI.20251112T194253.L2.OC_AOP.V3_1.nc | written=0 skip_done=0 no_pix=1 no_spec=0
2026-01-29 16:55:15,849 | INFO | GRANULE start | PACE_OCI.20251112T194753.L2.OC_AOP.V3_1.nc | rows=1 | mem_mb=3547.54296875
2026-01-29 16:55:16,385 | INFO | Rrs dims=('number_of_lines', 'pixels_per_line', 'wavelength_3d') | using spatial dims: number_of_lines, pixels_per_line
2026-01-29 16:55:16,473 | INFO | GRANULE done | PACE_OCI.20251112T194753.L2.OC_AOP.V3_1.nc | written=0 skip_done=0 no_pix=1 no_spec=0
2026-01-29 16:55:16,476 | INFO | GRANULE start | PACE_OCI.20251112T212113.L2.OC_AOP.V3_1.nc | rows=1 | mem_mb=3547.75
2026-01-29 16:55:17,548 | INFO | Rrs dims=('number_of_lines', 'pixels_per_line', 'wavelength_3d') | using spatial dims: number_of_lines, pixels_per_line
2026-01-29 16:55:19,410 | INFO | GRANULE done | PACE_OCI.20251112T212113.L2.OC_AOP.V3_1.nc | written=0 skip_done=0 no_pix=1 no_spec=0
2026-01-29 16:55:19,412 | INFO | GRANULE start | PACE_OCI.20251118T195547.L2.OC_AOP.V3_1.nc | rows=1 | mem_mb=3548.015625
2026-01-29 16:55:20,137 | INFO | Rrs dims=('number_of_lines', 'pixels_per_line', 'wavelength_3d') | using spatial dims: number_of_lines, pixels_per_line
2026-01-29 16:55:20,709 | INFO | GRANULE done | PACE_OCI.20251118T195547.L2.OC_AOP.V3_1.nc | written=1 skip_done=0 no_pix=0 no_spec=0
2026-01-29 16:55:20,891 | INFO | STORE_FLUSH | wrote_obs=1 total_done_obs=52
2026-01-29 16:55:20,892 | INFO | MEM_MB after store flush: 3523.4
2026-01-29 16:55:20,893 | INFO | GRANULE start | PACE_OCI.20251118T200047.L2.OC_AOP.V3_1.nc | rows=1 | mem_mb=3523.4453125
2026-01-29 16:55:21,664 | INFO | Rrs dims=('number_of_lines', 'pixels_per_line', 'wavelength_3d') | using spatial dims: number_of_lines, pixels_per_line
2026-01-29 16:55:22,228 | INFO | GRANULE done | PACE_OCI.20251118T200047.L2.OC_AOP.V3_1.nc | written=1 skip_done=0 no_pix=0 no_spec=0
2026-01-29 16:55:22,392 | INFO | STORE_FLUSH | wrote_obs=1 total_done_obs=53
2026-01-29 16:55:22,393 | INFO | MEM_MB after store flush: 3548.2
2026-01-29 16:55:22,394 | INFO | GRANULE start | PACE_OCI.20251118T213407.L2.OC_AOP.V3_1.nc | rows=1 | mem_mb=3548.2265625
2026-01-29 16:55:23,525 | INFO | Rrs dims=('number_of_lines', 'pixels_per_line', 'wavelength_3d') | using spatial dims: number_of_lines, pixels_per_line
2026-01-29 16:55:25,385 | INFO | GRANULE done | PACE_OCI.20251118T213407.L2.OC_AOP.V3_1.nc | written=1 skip_done=0 no_pix=0 no_spec=0
2026-01-29 16:55:25,561 | INFO | STORE_FLUSH | wrote_obs=1 total_done_obs=54
2026-01-29 16:55:25,561 | INFO | MEM_MB after store flush: 3556.6
2026-01-29 16:55:25,563 | INFO | GRANULE start | PACE_OCI.20251124T200837.L2.OC_AOP.V3_1.nc | rows=1 | mem_mb=3556.5546875
2026-01-29 16:55:26,500 | INFO | Rrs dims=('number_of_lines', 'pixels_per_line', 'wavelength_3d') | using spatial dims: number_of_lines, pixels_per_line
2026-01-29 16:55:27,457 | INFO | GRANULE done | PACE_OCI.20251124T200837.L2.OC_AOP.V3_1.nc | written=1 skip_done=0 no_pix=0 no_spec=0
2026-01-29 16:55:28,966 | INFO | STORE_FLUSH | wrote_obs=1 total_done_obs=55
2026-01-29 16:55:28,966 | INFO | MEM_MB after store flush: 3531.8
2026-01-29 16:55:28,967 | INFO | GRANULE start | PACE_OCI.20251124T201337.L2.OC_AOP.V3_1.nc | rows=1 | mem_mb=3531.82421875
2026-01-29 16:55:29,602 | INFO | Rrs dims=('number_of_lines', 'pixels_per_line', 'wavelength_3d') | using spatial dims: number_of_lines, pixels_per_line
2026-01-29 16:55:30,160 | INFO | GRANULE done | PACE_OCI.20251124T201337.L2.OC_AOP.V3_1.nc | written=1 skip_done=0 no_pix=0 no_spec=0
2026-01-29 16:55:30,481 | INFO | STORE_FLUSH | wrote_obs=1 total_done_obs=56
2026-01-29 16:55:30,482 | INFO | MEM_MB after store flush: 3556.6
2026-01-29 16:55:30,483 | INFO | GRANULE start | PACE_OCI.20251203T203258.L2.OC_AOP.V3_1.nc | rows=1 | mem_mb=3556.625
2026-01-29 16:55:31,185 | INFO | Rrs dims=('number_of_lines', 'pixels_per_line', 'wavelength_3d') | using spatial dims: number_of_lines, pixels_per_line
2026-01-29 16:55:31,617 | INFO | GRANULE done | PACE_OCI.20251203T203258.L2.OC_AOP.V3_1.nc | written=0 skip_done=0 no_pix=1 no_spec=0
2026-01-29 16:55:31,619 | INFO | GRANULE start | PACE_OCI.20251212T205220.L2.OC_AOP.V3_1.nc | rows=1 | mem_mb=3565.046875
2026-01-29 16:55:32,189 | INFO | Rrs dims=('number_of_lines', 'pixels_per_line', 'wavelength_3d') | using spatial dims: number_of_lines, pixels_per_line
2026-01-29 16:55:33,418 | INFO | GRANULE done | PACE_OCI.20251212T205220.L2.OC_AOP.V3_1.nc | written=1 skip_done=0 no_pix=0 no_spec=0
2026-01-29 16:55:33,590 | INFO | STORE_FLUSH | wrote_obs=1 total_done_obs=57
2026-01-29 16:55:33,591 | INFO | MEM_MB after store flush: 3556.9
2026-01-29 16:55:33,592 | INFO | GRANULE start | PACE_OCI.20251215T205844.L2.OC_AOP.V3_1.nc | rows=1 | mem_mb=3556.9375
2026-01-29 16:55:34,224 | INFO | Rrs dims=('number_of_lines', 'pixels_per_line', 'wavelength_3d') | using spatial dims: number_of_lines, pixels_per_line
2026-01-29 16:55:35,106 | INFO | GRANULE done | PACE_OCI.20251215T205844.L2.OC_AOP.V3_1.nc | written=1 skip_done=0 no_pix=0 no_spec=0
2026-01-29 16:55:35,337 | INFO | STORE_FLUSH | wrote_obs=1 total_done_obs=58
2026-01-29 16:55:35,337 | INFO | MEM_MB after store flush: 3573.6
2026-01-29 16:55:35,338 | INFO | DONE
2026-01-29 16:55:35,338 | INFO | MEM_MB end: 3573.6
